--------------------------------------------------------
-- Archivo creado  - jueves-marzo-22-2012   
--------------------------------------------------------
--------------------------------------------------------
--  DDL for Sequence ADD_ALUMNO_GRUPO
--------------------------------------------------------

   CREATE SEQUENCE  "CURSOS"."ADD_ALUMNO_GRUPO"  MINVALUE 1 MAXVALUE 9999999999999999999999999999 INCREMENT BY 1 START WITH 181 CACHE 20 NOORDER  NOCYCLE ;
--------------------------------------------------------
--  DDL for Sequence ADD_ALUMNO_HORARIO
--------------------------------------------------------

   CREATE SEQUENCE  "CURSOS"."ADD_ALUMNO_HORARIO"  MINVALUE 1 MAXVALUE 9999999999 INCREMENT BY 1 START WITH 21 CACHE 20 NOORDER  NOCYCLE ;
--------------------------------------------------------
--  DDL for Sequence ADD_ALUMNOS
--------------------------------------------------------

   CREATE SEQUENCE  "CURSOS"."ADD_ALUMNOS"  MINVALUE 1 MAXVALUE 9999999999999999999999999999 INCREMENT BY 1 START WITH 161 CACHE 20 NOORDER  NOCYCLE ;
--------------------------------------------------------
--  DDL for Sequence ADD_CAJA_CHICA
--------------------------------------------------------

   CREATE SEQUENCE  "CURSOS"."ADD_CAJA_CHICA"  MINVALUE 1 MAXVALUE 9999999999999999999999999999 INCREMENT BY 1 START WITH 81 CACHE 20 NOORDER  NOCYCLE ;
--------------------------------------------------------
--  DDL for Sequence ADD_CARGOS
--------------------------------------------------------

   CREATE SEQUENCE  "CURSOS"."ADD_CARGOS"  MINVALUE 1 MAXVALUE 9999999999999999999999999999 INCREMENT BY 1 START WITH 41 CACHE 20 NOORDER  NOCYCLE ;
--------------------------------------------------------
--  DDL for Sequence ADD_CERTIFICACIONES
--------------------------------------------------------

   CREATE SEQUENCE  "CURSOS"."ADD_CERTIFICACIONES"  MINVALUE 1 MAXVALUE 9999999999999999999999999999 INCREMENT BY 1 START WITH 1 CACHE 20 NOORDER  NOCYCLE ;
--------------------------------------------------------
--  DDL for Sequence ADD_CONDICION_CURSO
--------------------------------------------------------

   CREATE SEQUENCE  "CURSOS"."ADD_CONDICION_CURSO"  MINVALUE 1 MAXVALUE 9999999999999999999999999999 INCREMENT BY 1 START WITH 141 CACHE 20 NOORDER  NOCYCLE ;
--------------------------------------------------------
--  DDL for Sequence ADD_CURSOS
--------------------------------------------------------

   CREATE SEQUENCE  "CURSOS"."ADD_CURSOS"  MINVALUE 1 MAXVALUE 9999999999999999999999999999 INCREMENT BY 1 START WITH 101 CACHE 20 NOORDER  NOCYCLE ;
--------------------------------------------------------
--  DDL for Sequence ADD_DETALLES_FACTURA
--------------------------------------------------------

   CREATE SEQUENCE  "CURSOS"."ADD_DETALLES_FACTURA"  MINVALUE 1 MAXVALUE 9999999999999999999999999999 INCREMENT BY 1 START WITH 101 CACHE 20 NOORDER  NOCYCLE ;
--------------------------------------------------------
--  DDL for Sequence ADD_DOCENTES
--------------------------------------------------------

   CREATE SEQUENCE  "CURSOS"."ADD_DOCENTES"  MINVALUE 1 MAXVALUE 9999999999999999999999999999 INCREMENT BY 1 START WITH 121 CACHE 20 NOORDER  NOCYCLE ;
--------------------------------------------------------
--  DDL for Sequence ADD_DOCENTES_GRUPO
--------------------------------------------------------

   CREATE SEQUENCE  "CURSOS"."ADD_DOCENTES_GRUPO"  MINVALUE 1 MAXVALUE 9999999999999999999999999999 INCREMENT BY 1 START WITH 161 CACHE 20 NOORDER  NOCYCLE ;
--------------------------------------------------------
--  DDL for Sequence ADD_DOCENTES_HORARIO
--------------------------------------------------------

   CREATE SEQUENCE  "CURSOS"."ADD_DOCENTES_HORARIO"  MINVALUE 1 MAXVALUE 99999999999 INCREMENT BY 1 START WITH 41 CACHE 20 NOORDER  NOCYCLE ;
--------------------------------------------------------
--  DDL for Sequence ADD_EQUIPOS
--------------------------------------------------------

   CREATE SEQUENCE  "CURSOS"."ADD_EQUIPOS"  MINVALUE 1 MAXVALUE 9999999999999999999999999999 INCREMENT BY 1 START WITH 41 CACHE 20 NOORDER  NOCYCLE ;
--------------------------------------------------------
--  DDL for Sequence ADD_ESTABLECIMINETOS
--------------------------------------------------------

   CREATE SEQUENCE  "CURSOS"."ADD_ESTABLECIMINETOS"  MINVALUE 1 MAXVALUE 9999999999999999999999999999 INCREMENT BY 1 START WITH 181 CACHE 20 NOORDER  NOCYCLE ;
--------------------------------------------------------
--  DDL for Sequence ADD_ESTADO
--------------------------------------------------------

   CREATE SEQUENCE  "CURSOS"."ADD_ESTADO"  MINVALUE 1 MAXVALUE 9999999999999999999999999999 INCREMENT BY 1 START WITH 1 CACHE 20 NOORDER  NOCYCLE ;
--------------------------------------------------------
--  DDL for Sequence ADD_ESTADOS_CAJA_CHICA
--------------------------------------------------------

   CREATE SEQUENCE  "CURSOS"."ADD_ESTADOS_CAJA_CHICA"  MINVALUE 1 MAXVALUE 9999999999999999999999999999 INCREMENT BY 1 START WITH 21 CACHE 20 NOORDER  NOCYCLE ;
--------------------------------------------------------
--  DDL for Sequence ADD_ESTADOS_CURSO
--------------------------------------------------------

   CREATE SEQUENCE  "CURSOS"."ADD_ESTADOS_CURSO"  MINVALUE 1 MAXVALUE 9999999999999999999999999999 INCREMENT BY 1 START WITH 61 CACHE 20 NOORDER  NOCYCLE ;
--------------------------------------------------------
--  DDL for Sequence ADD_ESTADOS_EQUIPO
--------------------------------------------------------

   CREATE SEQUENCE  "CURSOS"."ADD_ESTADOS_EQUIPO"  MINVALUE 1 MAXVALUE 9999999999999999999999999999 INCREMENT BY 1 START WITH 21 CACHE 20 NOORDER  NOCYCLE ;
--------------------------------------------------------
--  DDL for Sequence ADD_EXAMENES
--------------------------------------------------------

   CREATE SEQUENCE  "CURSOS"."ADD_EXAMENES"  MINVALUE 1 MAXVALUE 9999999999999999999999999999 INCREMENT BY 1 START WITH 101 CACHE 20 NOORDER  NOCYCLE ;
--------------------------------------------------------
--  DDL for Sequence ADD_FACTURAS
--------------------------------------------------------

   CREATE SEQUENCE  "CURSOS"."ADD_FACTURAS"  MINVALUE 1 MAXVALUE 9999999999999999999999999999 INCREMENT BY 1 START WITH 121 CACHE 20 NOORDER  NOCYCLE ;
--------------------------------------------------------
--  DDL for Sequence ADD_GRUPOS
--------------------------------------------------------

   CREATE SEQUENCE  "CURSOS"."ADD_GRUPOS"  MINVALUE 1 MAXVALUE 9999999999999999999999999999 INCREMENT BY 1 START WITH 161 CACHE 20 NOORDER  NOCYCLE ;
--------------------------------------------------------
--  DDL for Sequence ADD_HORARIOS
--------------------------------------------------------

   CREATE SEQUENCE  "CURSOS"."ADD_HORARIOS"  MINVALUE 1 MAXVALUE 9999999999999999999999999999 INCREMENT BY 1 START WITH 41 CACHE 20 NOORDER  NOCYCLE ;
--------------------------------------------------------
--  DDL for Sequence ADD_HORARIOS_GRUPOS
--------------------------------------------------------

   CREATE SEQUENCE  "CURSOS"."ADD_HORARIOS_GRUPOS"  MINVALUE 1 MAXVALUE 9999999999999999999999999999 INCREMENT BY 1 START WITH 61 CACHE 20 NOORDER  NOCYCLE ;
--------------------------------------------------------
--  DDL for Sequence ADD_INSCRIPCIONES
--------------------------------------------------------

   CREATE SEQUENCE  "CURSOS"."ADD_INSCRIPCIONES"  MINVALUE 1 MAXVALUE 9999999999999999999999999999 INCREMENT BY 1 START WITH 161 CACHE 20 NOORDER  NOCYCLE ;
--------------------------------------------------------
--  DDL for Sequence ADD_INSTITUCIONES
--------------------------------------------------------

   CREATE SEQUENCE  "CURSOS"."ADD_INSTITUCIONES"  MINVALUE 1 MAXVALUE 9999999999999999999999999999 INCREMENT BY 1 START WITH 301 CACHE 20 NOORDER  NOCYCLE ;
--------------------------------------------------------
--  DDL for Sequence ADD_MODALIDADES
--------------------------------------------------------

   CREATE SEQUENCE  "CURSOS"."ADD_MODALIDADES"  MINVALUE 1 MAXVALUE 9999999999999999999999999999 INCREMENT BY 1 START WITH 61 CACHE 20 NOORDER  NOCYCLE ;
--------------------------------------------------------
--  DDL for Sequence ADD_MOVIMIENTOS
--------------------------------------------------------

   CREATE SEQUENCE  "CURSOS"."ADD_MOVIMIENTOS"  MINVALUE 1 MAXVALUE 9999999999999999999999999999 INCREMENT BY 1 START WITH 61 CACHE 20 NOORDER  NOCYCLE ;
--------------------------------------------------------
--  DDL for Sequence ADD_NIVELES
--------------------------------------------------------

   CREATE SEQUENCE  "CURSOS"."ADD_NIVELES"  MINVALUE 1 MAXVALUE 9999999999999999999999999999 INCREMENT BY 1 START WITH 41 CACHE 20 NOORDER  NOCYCLE ;
--------------------------------------------------------
--  DDL for Sequence ADD_NOVEDADES
--------------------------------------------------------

   CREATE SEQUENCE  "CURSOS"."ADD_NOVEDADES"  MINVALUE 1 MAXVALUE 9999999999999999999999999999 INCREMENT BY 1 START WITH 1 CACHE 20 NOORDER  NOCYCLE ;
--------------------------------------------------------
--  DDL for Sequence ADD_PERSONAS
--------------------------------------------------------

   CREATE SEQUENCE  "CURSOS"."ADD_PERSONAS"  MINVALUE 1 MAXVALUE 9999999999999999999999999999 INCREMENT BY 1 START WITH 41 CACHE 20 NOORDER  NOCYCLE ;
--------------------------------------------------------
--  DDL for Sequence ADD_PERSONASJUR
--------------------------------------------------------

   CREATE SEQUENCE  "CURSOS"."ADD_PERSONASJUR"  MINVALUE 1 MAXVALUE 9999999999999999999999999999 INCREMENT BY 1 START WITH 21 CACHE 20 NOORDER  NOCYCLE ;
--------------------------------------------------------
--  DDL for Sequence ADD_PRESENTISMO
--------------------------------------------------------

   CREATE SEQUENCE  "CURSOS"."ADD_PRESENTISMO"  MINVALUE 1 MAXVALUE 9999999999999999999999999999 INCREMENT BY 1 START WITH 81 CACHE 20 NOORDER  NOCYCLE ;
--------------------------------------------------------
--  DDL for Sequence ADD_PRESTAMOS
--------------------------------------------------------

   CREATE SEQUENCE  "CURSOS"."ADD_PRESTAMOS"  MINVALUE 1 MAXVALUE 9999999999999999999999999999 INCREMENT BY 1 START WITH 41 CACHE 20 NOORDER  NOCYCLE ;
--------------------------------------------------------
--  DDL for Sequence ADD_PROGRAMAS
--------------------------------------------------------

   CREATE SEQUENCE  "CURSOS"."ADD_PROGRAMAS"  MINVALUE 1 MAXVALUE 9999999999999999999999999999 INCREMENT BY 1 START WITH 81 CACHE 20 NOORDER  NOCYCLE ;
--------------------------------------------------------
--  DDL for Sequence ADD_PROGRAMAS_TEMARIO
--------------------------------------------------------

   CREATE SEQUENCE  "CURSOS"."ADD_PROGRAMAS_TEMARIO"  MINVALUE 1 MAXVALUE 9999999999999999999999999999 INCREMENT BY 1 START WITH 1 CACHE 20 NOORDER  NOCYCLE ;
--------------------------------------------------------
--  DDL for Sequence ADD_ROL
--------------------------------------------------------

   CREATE SEQUENCE  "CURSOS"."ADD_ROL"  MINVALUE 1 MAXVALUE 999999 INCREMENT BY 1 START WITH 21 CACHE 20 ORDER  NOCYCLE ;
--------------------------------------------------------
--  DDL for Sequence ADD_SUPERVICIONES
--------------------------------------------------------

   CREATE SEQUENCE  "CURSOS"."ADD_SUPERVICIONES"  MINVALUE 1 MAXVALUE 9999999999999999999999999999 INCREMENT BY 1 START WITH 101 CACHE 20 NOORDER  NOCYCLE ;
--------------------------------------------------------
--  DDL for Sequence ADD_SUPERVISORES
--------------------------------------------------------

   CREATE SEQUENCE  "CURSOS"."ADD_SUPERVISORES"  MINVALUE 1 MAXVALUE 9999999999999999999999999999 INCREMENT BY 1 START WITH 81 CACHE 20 NOORDER  NOCYCLE ;
--------------------------------------------------------
--  DDL for Sequence ADD_TEMARIO
--------------------------------------------------------

   CREATE SEQUENCE  "CURSOS"."ADD_TEMARIO"  MINVALUE 1 MAXVALUE 9999999999999999999999999999 INCREMENT BY 1 START WITH 1 CACHE 20 NOORDER  NOCYCLE ;
--------------------------------------------------------
--  DDL for Sequence ADD_TIPOAREASCURSOS
--------------------------------------------------------

   CREATE SEQUENCE  "CURSOS"."ADD_TIPOAREASCURSOS"  MINVALUE 1 MAXVALUE 9999999999999999999999999999 INCREMENT BY 1 START WITH 41 CACHE 20 NOORDER  NOCYCLE ;
--------------------------------------------------------
--  DDL for Sequence ADD_TIPO_ESTADO_CIVIL
--------------------------------------------------------

   CREATE SEQUENCE  "CURSOS"."ADD_TIPO_ESTADO_CIVIL"  MINVALUE 1 MAXVALUE 9999999999999999999999999999 INCREMENT BY 1 START WITH 41 CACHE 20 NOORDER  NOCYCLE ;
--------------------------------------------------------
--  DDL for Sequence ADD_TIPOS_DNI
--------------------------------------------------------

   CREATE SEQUENCE  "CURSOS"."ADD_TIPOS_DNI"  MINVALUE 1 MAXVALUE 999999999999999999 INCREMENT BY 1 START WITH 21 CACHE 20 NOORDER  NOCYCLE ;
--------------------------------------------------------
--  DDL for Sequence ADD_TIPOS_DOCENTES
--------------------------------------------------------

   CREATE SEQUENCE  "CURSOS"."ADD_TIPOS_DOCENTES"  MINVALUE 1 MAXVALUE 99999999999999999999 INCREMENT BY 1 START WITH 21 CACHE 20 NOORDER  NOCYCLE ;
--------------------------------------------------------
--  DDL for Sequence ADD_TIPO_SEXO
--------------------------------------------------------

   CREATE SEQUENCE  "CURSOS"."ADD_TIPO_SEXO"  MINVALUE 1 MAXVALUE 9999999999999999 INCREMENT BY 1 START WITH 21 CACHE 20 NOORDER  NOCYCLE ;
--------------------------------------------------------
--  DDL for Sequence ADD_TIPOS_MOVIMIENTOS
--------------------------------------------------------

   CREATE SEQUENCE  "CURSOS"."ADD_TIPOS_MOVIMIENTOS"  MINVALUE 1 MAXVALUE 9999999999999999999999999999 INCREMENT BY 1 START WITH 21 CACHE 20 NOORDER  NOCYCLE ;
--------------------------------------------------------
--  DDL for Sequence ADD_USUARIO
--------------------------------------------------------

   CREATE SEQUENCE  "CURSOS"."ADD_USUARIO"  MINVALUE 1 MAXVALUE 999999999999999999999999999 INCREMENT BY 1 START WITH 61 CACHE 20 ORDER  NOCYCLE ;
--------------------------------------------------------
--  DDL for Table T_ALUMNOS
--------------------------------------------------------

  CREATE TABLE "CURSOS"."T_ALUMNOS" 
   (	"ID_ALUMNO" NUMBER(10,0), 
	"ESTADO" CHAR(1 BYTE) DEFAULT 'A', 
	"FEC_ALTA" DATE, 
	"USR_ALTA" VARCHAR2(20 BYTE), 
	"FEC_MODIF" DATE, 
	"USR_MODIF" VARCHAR2(20 BYTE), 
	"NOMBRE" VARCHAR2(64 BYTE), 
	"APELLIDO" VARCHAR2(64 BYTE), 
	"NRO_DOCUMENTO" VARCHAR2(30 BYTE), 
	"FEC_NACIMIENTO" DATE, 
	"CUIL" VARCHAR2(30 BYTE), 
	"ID_TIPO_DNI" NUMBER(10,0), 
	"ID_TIPO_ESTADO_CIVIL" NUMBER(10,0), 
	"ID_TIPO_SEXO" NUMBER(10,0), 
	"NRO_RESOLUCION" VARCHAR2(200 BYTE), 
	"NRO_TELEFONO" VARCHAR2(64 BYTE), 
	"NRO_CELULAR" VARCHAR2(64 BYTE), 
	"PROVINCIA" VARCHAR2(200 BYTE), 
	"LOCALIDAD" VARCHAR2(200 BYTE), 
	"BARRIO" VARCHAR2(200 BYTE), 
	"CALLE" VARCHAR2(200 BYTE), 
	"NRO" NUMBER(10,0), 
	"DEPTO" NUMBER(10,0)
   ) PCTFREE 10 PCTUSED 40 INITRANS 1 MAXTRANS 255 NOCOMPRESS LOGGING
  STORAGE(INITIAL 65536 NEXT 1048576 MINEXTENTS 1 MAXEXTENTS 2147483645
  PCTINCREASE 0 FREELISTS 1 FREELIST GROUPS 1 BUFFER_POOL DEFAULT)
  TABLESPACE "USERS" ;
--------------------------------------------------------
--  DDL for Table T_ALUMNOS_HORARIO
--------------------------------------------------------

  CREATE TABLE "CURSOS"."T_ALUMNOS_HORARIO" 
   (	"ID_ALUMNO_HORARIO" NUMBER(10,0), 
	"ID_ALUMNO" NUMBER(10,0), 
	"ID_HORARIO" NUMBER(10,0), 
	"FEC_ALTA" DATE, 
	"FEC_MODIF" DATE, 
	"USR_ALTA" VARCHAR2(64 BYTE), 
	"USR_MODIF" VARCHAR2(64 BYTE), 
	"ESTADO" VARCHAR2(1 BYTE) DEFAULT 'A', 
	"ID_GRUPO" NUMBER(10,0)
   ) PCTFREE 10 PCTUSED 40 INITRANS 1 MAXTRANS 255 NOCOMPRESS LOGGING
  STORAGE(INITIAL 65536 NEXT 1048576 MINEXTENTS 1 MAXEXTENTS 2147483645
  PCTINCREASE 0 FREELISTS 1 FREELIST GROUPS 1 BUFFER_POOL DEFAULT)
  TABLESPACE "USERS" ;
--------------------------------------------------------
--  DDL for Table T_ALUMONOS_GRUPO
--------------------------------------------------------

  CREATE TABLE "CURSOS"."T_ALUMONOS_GRUPO" 
   (	"ID_GRUPO_ALUMNO" NUMBER(10,0), 
	"ID_GRUPO" NUMBER(10,0), 
	"ID_ALUMNO" NUMBER(10,0), 
	"FEC_ALTA" DATE, 
	"USR_ALTA" VARCHAR2(64 BYTE), 
	"FEC_MODIF" DATE, 
	"USR_MODIF" VARCHAR2(64 BYTE), 
	"ESTADO" VARCHAR2(1 BYTE) DEFAULT 'A', 
	"ID_CONDICION_CURSO" NUMBER(10,0)
   ) PCTFREE 10 PCTUSED 40 INITRANS 1 MAXTRANS 255 NOCOMPRESS LOGGING
  STORAGE(INITIAL 65536 NEXT 1048576 MINEXTENTS 1 MAXEXTENTS 2147483645
  PCTINCREASE 0 FREELISTS 1 FREELIST GROUPS 1 BUFFER_POOL DEFAULT)
  TABLESPACE "USERS" ;
--------------------------------------------------------
--  DDL for Table T_AREAS_TIPOS_CURSO
--------------------------------------------------------

  CREATE TABLE "CURSOS"."T_AREAS_TIPOS_CURSO" 
   (	"ID_AREA_TIPO_CURSO" NUMBER(10,0), 
	"N_AREA_TIPO_CURSO" VARCHAR2(500 BYTE), 
	"FEC_ALTA" DATE, 
	"FEC_MODIF" DATE, 
	"USR_ALTA" VARCHAR2(64 BYTE), 
	"USR_MODIF" VARCHAR2(64 BYTE), 
	"ESTADO" VARCHAR2(1 BYTE) DEFAULT 'A', 
	"NRO_RESOLUCION" VARCHAR2(64 BYTE)
   ) PCTFREE 10 PCTUSED 40 INITRANS 1 MAXTRANS 255 NOCOMPRESS LOGGING
  STORAGE(INITIAL 65536 NEXT 1048576 MINEXTENTS 1 MAXEXTENTS 2147483645
  PCTINCREASE 0 FREELISTS 1 FREELIST GROUPS 1 BUFFER_POOL DEFAULT)
  TABLESPACE "USERS" ;
--------------------------------------------------------
--  DDL for Table T_CAJA_CHICA
--------------------------------------------------------

  CREATE TABLE "CURSOS"."T_CAJA_CHICA" 
   (	"ID_CAJA_CHICA" NUMBER(10,0), 
	"ID_ESTADO_CAJA_CHICA" NUMBER(10,0), 
	"ID_INSTITUCION" NUMBER(10,0), 
	"MONTO" NUMBER(10,2), 
	"FEC_ALTA" DATE, 
	"USR_ALTA" VARCHAR2(64 BYTE), 
	"FEC_MODIF" DATE, 
	"USR_MODIF" VARCHAR2(64 BYTE), 
	"ESTADO" VARCHAR2(1 BYTE) DEFAULT 'A'
   ) PCTFREE 10 PCTUSED 40 INITRANS 1 MAXTRANS 255 NOCOMPRESS LOGGING
  STORAGE(INITIAL 65536 NEXT 1048576 MINEXTENTS 1 MAXEXTENTS 2147483645
  PCTINCREASE 0 FREELISTS 1 FREELIST GROUPS 1 BUFFER_POOL DEFAULT)
  TABLESPACE "USERS" ;
--------------------------------------------------------
--  DDL for Table T_CARGOS
--------------------------------------------------------

  CREATE TABLE "CURSOS"."T_CARGOS" 
   (	"ID_CARGO" NUMBER(10,0), 
	"N_CARGO" VARCHAR2(64 BYTE), 
	"FEC_ALTA" DATE, 
	"USR_ALTA" VARCHAR2(64 BYTE), 
	"FEC_MODIF" DATE, 
	"USR_MODIF" VARCHAR2(64 BYTE), 
	"ESTADO" VARCHAR2(1 BYTE) DEFAULT 'A', 
	"NRO_RESOLUCION" VARCHAR2(64 BYTE)
   ) PCTFREE 10 PCTUSED 40 INITRANS 1 MAXTRANS 255 NOCOMPRESS LOGGING
  STORAGE(INITIAL 65536 NEXT 1048576 MINEXTENTS 1 MAXEXTENTS 2147483645
  PCTINCREASE 0 FREELISTS 1 FREELIST GROUPS 1 BUFFER_POOL DEFAULT)
  TABLESPACE "USERS" ;
--------------------------------------------------------
--  DDL for Table T_CERTIFICACIONES
--------------------------------------------------------

  CREATE TABLE "CURSOS"."T_CERTIFICACIONES" 
   (	"ID_CERTIFICADO" NUMBER(10,0), 
	"ID_INSCRIPCION" NUMBER(10,0), 
	"FEC_ALTA" DATE, 
	"USR_ALTA" VARCHAR2(64 BYTE), 
	"FEC_MODIF" DATE, 
	"USR_MODIF" VARCHAR2(64 BYTE), 
	"ESTADO" VARCHAR2(1 BYTE) DEFAULT 'A'
   ) PCTFREE 10 PCTUSED 40 INITRANS 1 MAXTRANS 255 NOCOMPRESS LOGGING
  STORAGE(INITIAL 65536 NEXT 1048576 MINEXTENTS 1 MAXEXTENTS 2147483645
  PCTINCREASE 0 FREELISTS 1 FREELIST GROUPS 1 BUFFER_POOL DEFAULT)
  TABLESPACE "USERS" ;
--------------------------------------------------------
--  DDL for Table T_CONDICIONES_CURSO
--------------------------------------------------------

  CREATE TABLE "CURSOS"."T_CONDICIONES_CURSO" 
   (	"ID_CONDICION_CURSO" NUMBER(10,0), 
	"ID_INSTITUCION" NUMBER(10,0), 
	"ID_ESTADO_CURSO" NUMBER(10,0), 
	"ID_CURSO" NUMBER(10,0), 
	"ID_NIVEL" NUMBER(10,0), 
	"ID_MODALIDAD" NUMBER(10,0), 
	"PROMEDIOREQUERIDO" NUMBER(4,2), 
	"CANTIDADEXAMENES" NUMBER(10,0), 
	"CANTIDADCLASES" NUMBER(10,0), 
	"PRESENTISMO" NUMBER(10,0), 
	"CARGAHORARIA" NUMBER(10,0), 
	"CUPO" NUMBER(10,0), 
	"PRESUPUESTO" NUMBER(10,2), 
	"FEC_ALTA" DATE, 
	"USR_ALTA" VARCHAR2(64 BYTE), 
	"FEC_MODIF" DATE, 
	"USR_MODIF" VARCHAR2(64 BYTE), 
	"ESTADO" VARCHAR2(1 BYTE) DEFAULT 'A', 
	"ID_PROGRAMA" NUMBER(10,0), 
	"FEC_INICIO" DATE, 
	"FEC_FIN" DATE, 
	"NRO_RESOLUCION" VARCHAR2(64 BYTE)
   ) PCTFREE 10 PCTUSED 40 INITRANS 1 MAXTRANS 255 NOCOMPRESS LOGGING
  STORAGE(INITIAL 65536 NEXT 1048576 MINEXTENTS 1 MAXEXTENTS 2147483645
  PCTINCREASE 0 FREELISTS 1 FREELIST GROUPS 1 BUFFER_POOL DEFAULT)
  TABLESPACE "USERS" ;
--------------------------------------------------------
--  DDL for Table T_CURSOS
--------------------------------------------------------

  CREATE TABLE "CURSOS"."T_CURSOS" 
   (	"ID_CURSO" NUMBER(10,0), 
	"N_CURSO" VARCHAR2(64 BYTE), 
	"ESTADO" VARCHAR2(1 BYTE) DEFAULT 'A', 
	"NRO_RESOLUCION" VARCHAR2(64 BYTE), 
	"FEC_ALTA" DATE, 
	"USR_ALTA" VARCHAR2(64 BYTE), 
	"FEC_MODIF" DATE, 
	"USR_MODIF" VARCHAR2(64 BYTE), 
	"ID_AREA_TIPO_CURSO" NUMBER(10,0)
   ) PCTFREE 10 PCTUSED 40 INITRANS 1 MAXTRANS 255 NOCOMPRESS LOGGING
  STORAGE(INITIAL 65536 NEXT 1048576 MINEXTENTS 1 MAXEXTENTS 2147483645
  PCTINCREASE 0 FREELISTS 1 FREELIST GROUPS 1 BUFFER_POOL DEFAULT)
  TABLESPACE "USERS" ;
--------------------------------------------------------
--  DDL for Table T_DETALLES_FACTURA
--------------------------------------------------------

  CREATE TABLE "CURSOS"."T_DETALLES_FACTURA" 
   (	"ID_DETALLE_FACTURA" NUMBER(10,0), 
	"ID_FACTURA" NUMBER(10,0), 
	"ITEM" VARCHAR2(4000 BYTE), 
	"MONTO" NUMBER(10,2), 
	"DESCRIPCION" VARCHAR2(4000 BYTE), 
	"FEC_ALTA" DATE, 
	"USR_ALTA" VARCHAR2(64 BYTE), 
	"FEC_MODIF" DATE, 
	"USR_MODIF" VARCHAR2(64 BYTE), 
	"ESTADO" VARCHAR2(1 BYTE) DEFAULT 'A'
   ) PCTFREE 10 PCTUSED 40 INITRANS 1 MAXTRANS 255 NOCOMPRESS LOGGING
  STORAGE(INITIAL 65536 NEXT 1048576 MINEXTENTS 1 MAXEXTENTS 2147483645
  PCTINCREASE 0 FREELISTS 1 FREELIST GROUPS 1 BUFFER_POOL DEFAULT)
  TABLESPACE "USERS" ;
--------------------------------------------------------
--  DDL for Table T_DOCENTES
--------------------------------------------------------

  CREATE TABLE "CURSOS"."T_DOCENTES" 
   (	"ID_DOCENTE" NUMBER(10,0), 
	"ID_CARGO" NUMBER(10,0), 
	"N_MODALIDAD" VARCHAR2(64 BYTE), 
	"FEC_ALTA" DATE, 
	"USR_ALTA" VARCHAR2(64 BYTE), 
	"FEC_MODIF" DATE, 
	"USR_MODIF" VARCHAR2(64 BYTE), 
	"ESTADO" VARCHAR2(1 BYTE) DEFAULT 'A', 
	"REPROCA" VARCHAR2(1 BYTE) DEFAULT 'S', 
	"PROVINCIA" VARCHAR2(200 BYTE), 
	"LOCALIDAD" VARCHAR2(200 BYTE), 
	"BARRIO" VARCHAR2(200 BYTE), 
	"CALLE" VARCHAR2(200 BYTE), 
	"NRO" NUMBER(10,0), 
	"RAZON_SOCIAL" VARCHAR2(200 BYTE), 
	"CUIT_CUIL" VARCHAR2(150 BYTE), 
	"NRO_RESOLUCION" VARCHAR2(200 BYTE), 
	"DNI" VARCHAR2(100 BYTE), 
	"ID_TIPO_DOCENTE" NUMBER(10,0), 
	"ROSOL_REPROCA" VARCHAR2(64 BYTE), 
	"FEC_NACIMIENTO" DATE, 
	"TELEFONO" VARCHAR2(30 BYTE), 
	"ID_USUARIO" NUMBER(10,0)
   ) PCTFREE 10 PCTUSED 40 INITRANS 1 MAXTRANS 255 NOCOMPRESS LOGGING
  STORAGE(INITIAL 65536 NEXT 1048576 MINEXTENTS 1 MAXEXTENTS 2147483645
  PCTINCREASE 0 FREELISTS 1 FREELIST GROUPS 1 BUFFER_POOL DEFAULT)
  TABLESPACE "USERS" ;
--------------------------------------------------------
--  DDL for Table T_DOCENTES_GRUPO
--------------------------------------------------------

  CREATE TABLE "CURSOS"."T_DOCENTES_GRUPO" 
   (	"ID_DOCENTES_GRUPO" NUMBER(10,0), 
	"ID_DOCENTE" NUMBER(10,0), 
	"ID_GRUPO" NUMBER(10,0), 
	"ID_CONDICION_CURSO" NUMBER(10,0), 
	"FEC_ALTA" DATE, 
	"USR_ALTA" VARCHAR2(64 BYTE), 
	"FEC_MODIF" DATE, 
	"USR_MODIF" VARCHAR2(64 BYTE), 
	"ESTADO" VARCHAR2(1 BYTE) DEFAULT 'A'
   ) PCTFREE 10 PCTUSED 40 INITRANS 1 MAXTRANS 255 NOCOMPRESS LOGGING
  STORAGE(INITIAL 65536 NEXT 1048576 MINEXTENTS 1 MAXEXTENTS 2147483645
  PCTINCREASE 0 FREELISTS 1 FREELIST GROUPS 1 BUFFER_POOL DEFAULT)
  TABLESPACE "USERS" ;
--------------------------------------------------------
--  DDL for Table T_DOCENTES_HORARIO
--------------------------------------------------------

  CREATE TABLE "CURSOS"."T_DOCENTES_HORARIO" 
   (	"ID_DOCENTE_HORARIO" NUMBER(10,0), 
	"ID_DOCENTE" NUMBER(10,0), 
	"ID_HORARIO" NUMBER(10,0), 
	"FEC_ALTA" DATE, 
	"USR_ALTA" VARCHAR2(64 BYTE), 
	"FEC_MODIF" DATE, 
	"USR_MODIF" VARCHAR2(64 BYTE), 
	"ESTADO" VARCHAR2(1 BYTE) DEFAULT 'A', 
	"ID_GRUPO" NUMBER(10,0)
   ) PCTFREE 10 PCTUSED 40 INITRANS 1 MAXTRANS 255 NOCOMPRESS LOGGING
  STORAGE(INITIAL 65536 NEXT 1048576 MINEXTENTS 1 MAXEXTENTS 2147483645
  PCTINCREASE 0 FREELISTS 1 FREELIST GROUPS 1 BUFFER_POOL DEFAULT)
  TABLESPACE "USERS" ;
--------------------------------------------------------
--  DDL for Table T_DOMICILIO
--------------------------------------------------------

  CREATE TABLE "CURSOS"."T_DOMICILIO" 
   (	"ID_DOMICILIO" NUMBER(10,0), 
	"PROVINCIA" VARCHAR2(64 BYTE), 
	"LOCALIDAD" VARCHAR2(64 BYTE), 
	"BARRIO" VARCHAR2(64 BYTE), 
	"CALLE" VARCHAR2(64 BYTE), 
	"NRO" VARCHAR2(64 BYTE)
   ) PCTFREE 10 PCTUSED 40 INITRANS 1 MAXTRANS 255 NOCOMPRESS LOGGING
  STORAGE(INITIAL 65536 NEXT 1048576 MINEXTENTS 1 MAXEXTENTS 2147483645
  PCTINCREASE 0 FREELISTS 1 FREELIST GROUPS 1 BUFFER_POOL DEFAULT)
  TABLESPACE "USERS" ;
--------------------------------------------------------
--  DDL for Table T_EQUIPOS
--------------------------------------------------------

  CREATE TABLE "CURSOS"."T_EQUIPOS" 
   (	"ID_EQUIPO" NUMBER(10,0), 
	"ID_ESTADO_EQUIPO" NUMBER(10,0), 
	"N_EQUIPOS" VARCHAR2(64 BYTE), 
	"FEC_ALTA" DATE, 
	"USR_ALTA" VARCHAR2(64 BYTE), 
	"FEC_MODIF" DATE, 
	"USR_MODIF" VARCHAR2(64 BYTE), 
	"ESTADO" VARCHAR2(1 BYTE)
   ) PCTFREE 10 PCTUSED 40 INITRANS 1 MAXTRANS 255 NOCOMPRESS LOGGING
  STORAGE(INITIAL 65536 NEXT 1048576 MINEXTENTS 1 MAXEXTENTS 2147483645
  PCTINCREASE 0 FREELISTS 1 FREELIST GROUPS 1 BUFFER_POOL DEFAULT)
  TABLESPACE "USERS" ;
--------------------------------------------------------
--  DDL for Table T_ESTABLECIMINETOS
--------------------------------------------------------

  CREATE TABLE "CURSOS"."T_ESTABLECIMINETOS" 
   (	"ID_ESTABLECIMIENTO" NUMBER(10,0), 
	"ID_INSTITUCION" NUMBER(10,0), 
	"N_ESTABLECIMIENTO" VARCHAR2(64 BYTE), 
	"FEC_ALTA" DATE, 
	"USR_ALTA" VARCHAR2(64 BYTE), 
	"FEC_MODIF" DATE, 
	"USR_MODIF" VARCHAR2(64 BYTE), 
	"ESTADO" VARCHAR2(1 BYTE) DEFAULT 'A', 
	"PROVINCIA" VARCHAR2(200 BYTE), 
	"LOCALIDAD" VARCHAR2(200 BYTE), 
	"BARRIO" VARCHAR2(200 BYTE), 
	"CALLE" VARCHAR2(200 BYTE), 
	"NRO" NUMBER(10,0), 
	"DEPTO" NUMBER(10,0), 
	"TELEFONO" VARCHAR2(30 BYTE), 
	"EMAIL" VARCHAR2(150 BYTE), 
	"RESPONSABLE" VARCHAR2(200 BYTE), 
	"NRO_RESOLUCION" VARCHAR2(64 BYTE), 
	"TELEFONO_ESTABLACIMIENTO" VARCHAR2(30 BYTE)
   ) PCTFREE 10 PCTUSED 40 INITRANS 1 MAXTRANS 255 NOCOMPRESS LOGGING
  STORAGE(INITIAL 65536 NEXT 1048576 MINEXTENTS 1 MAXEXTENTS 2147483645
  PCTINCREASE 0 FREELISTS 1 FREELIST GROUPS 1 BUFFER_POOL DEFAULT)
  TABLESPACE "USERS" ;
--------------------------------------------------------
--  DDL for Table T_ESTADOS_CAJA_CHICA
--------------------------------------------------------

  CREATE TABLE "CURSOS"."T_ESTADOS_CAJA_CHICA" 
   (	"ID_ESTADO_CAJA_CHICA" NUMBER(10,0), 
	"N_ESTADO_CAJA_CHICA" VARCHAR2(64 BYTE), 
	"FEC_ALTA" DATE, 
	"USR_ALTA" VARCHAR2(64 BYTE), 
	"FEC_MODIF" DATE, 
	"USR_MODIF" VARCHAR2(64 BYTE), 
	"ESTADO" VARCHAR2(1 BYTE) DEFAULT 'A'
   ) PCTFREE 10 PCTUSED 40 INITRANS 1 MAXTRANS 255 NOCOMPRESS LOGGING
  STORAGE(INITIAL 65536 NEXT 1048576 MINEXTENTS 1 MAXEXTENTS 2147483645
  PCTINCREASE 0 FREELISTS 1 FREELIST GROUPS 1 BUFFER_POOL DEFAULT)
  TABLESPACE "USERS" ;
--------------------------------------------------------
--  DDL for Table T_ESTADOS_CURSO
--------------------------------------------------------

  CREATE TABLE "CURSOS"."T_ESTADOS_CURSO" 
   (	"ID_ESTADO_CURSO" NUMBER(10,0), 
	"N_ESTADO_CURSO" VARCHAR2(64 BYTE), 
	"FEC_ALTA" DATE, 
	"USR_ALTA" VARCHAR2(64 BYTE), 
	"FEC_MODIF" DATE, 
	"USR_MODIF" VARCHAR2(64 BYTE), 
	"ESTADO" VARCHAR2(1 BYTE) DEFAULT 'A'
   ) PCTFREE 10 PCTUSED 40 INITRANS 1 MAXTRANS 255 NOCOMPRESS LOGGING
  STORAGE(INITIAL 65536 NEXT 1048576 MINEXTENTS 1 MAXEXTENTS 2147483645
  PCTINCREASE 0 FREELISTS 1 FREELIST GROUPS 1 BUFFER_POOL DEFAULT)
  TABLESPACE "USERS" ;
--------------------------------------------------------
--  DDL for Table T_ESTADOS_EQUIPO
--------------------------------------------------------

  CREATE TABLE "CURSOS"."T_ESTADOS_EQUIPO" 
   (	"ID_ESTADO_EQUIPO" NUMBER(10,0), 
	"N_ESTADO_EQUIPO" VARCHAR2(64 BYTE), 
	"FEC_ALTA" DATE, 
	"USR_ALTA" VARCHAR2(64 BYTE), 
	"FEC_MODIF" DATE, 
	"USR_MODIF" VARCHAR2(64 BYTE), 
	"ESTADO" VARCHAR2(1 BYTE) DEFAULT 'A'
   ) PCTFREE 10 PCTUSED 40 INITRANS 1 MAXTRANS 255 NOCOMPRESS LOGGING
  STORAGE(INITIAL 65536 NEXT 1048576 MINEXTENTS 1 MAXEXTENTS 2147483645
  PCTINCREASE 0 FREELISTS 1 FREELIST GROUPS 1 BUFFER_POOL DEFAULT)
  TABLESPACE "USERS" ;
--------------------------------------------------------
--  DDL for Table T_EXAMENES
--------------------------------------------------------

  CREATE TABLE "CURSOS"."T_EXAMENES" 
   (	"ID_EXAMEN" NUMBER(10,0), 
	"FEC_EXAMEN" DATE, 
	"NRO_EXAMEN" NUMBER(10,0), 
	"FEC_ALTA" DATE, 
	"USR_ALTA" VARCHAR2(64 BYTE), 
	"FEC_MODIF" DATE, 
	"USR_MODIF" VARCHAR2(64 BYTE), 
	"ESTADO" VARCHAR2(1 BYTE) DEFAULT 'A', 
	"NOTA" NUMBER(4,2) DEFAULT 0, 
	"ID_INSCRIPCION" NUMBER(10,0)
   ) PCTFREE 10 PCTUSED 40 INITRANS 1 MAXTRANS 255 NOCOMPRESS LOGGING
  STORAGE(INITIAL 65536 NEXT 1048576 MINEXTENTS 1 MAXEXTENTS 2147483645
  PCTINCREASE 0 FREELISTS 1 FREELIST GROUPS 1 BUFFER_POOL DEFAULT)
  TABLESPACE "USERS" ;
--------------------------------------------------------
--  DDL for Table T_FACTURAS
--------------------------------------------------------

  CREATE TABLE "CURSOS"."T_FACTURAS" 
   (	"ID_FACTURA" NUMBER(10,0), 
	"NRO_FACTURA" VARCHAR2(64 BYTE), 
	"MONTO_TOTAL" NUMBER(10,2), 
	"CONCEPTO" VARCHAR2(64 BYTE), 
	"FEC_ALTA" DATE, 
	"USR_ALTA" VARCHAR2(64 BYTE), 
	"FEC_MODIF" DATE, 
	"USR_MODIF" VARCHAR2(64 BYTE), 
	"ESTADO" VARCHAR2(1 BYTE) DEFAULT 'A', 
	"ID_CONDICION_CURSO" NUMBER(10,0), 
	"LIQUIDADA" VARCHAR2(1 BYTE) DEFAULT 'N', 
	"NRO_RESOLUCION" VARCHAR2(64 BYTE)
   ) PCTFREE 10 PCTUSED 40 INITRANS 1 MAXTRANS 255 NOCOMPRESS LOGGING
  STORAGE(INITIAL 65536 NEXT 1048576 MINEXTENTS 1 MAXEXTENTS 2147483645
  PCTINCREASE 0 FREELISTS 1 FREELIST GROUPS 1 BUFFER_POOL DEFAULT)
  TABLESPACE "USERS" ;
--------------------------------------------------------
--  DDL for Table T_GRUPOS
--------------------------------------------------------

  CREATE TABLE "CURSOS"."T_GRUPOS" 
   (	"ID_GRUPO" NUMBER(10,0), 
	"ID_CONDICION_CURSO" NUMBER(10,0), 
	"ID_ESTABLECIMIENTO" NUMBER(10,0), 
	"CAPACIDAD" NUMBER(10,0), 
	"FEC_ALTA" DATE, 
	"USR_ALTA" VARCHAR2(64 BYTE), 
	"FEC_MODIF" DATE, 
	"USR_MODIF" VARCHAR2(64 BYTE), 
	"ESTADO" VARCHAR2(1 BYTE) DEFAULT 'A', 
	"N_GRUPO" VARCHAR2(64 BYTE), 
	"NRO_RESOLUCION" VARCHAR2(64 BYTE)
   ) PCTFREE 10 PCTUSED 40 INITRANS 1 MAXTRANS 255 NOCOMPRESS LOGGING
  STORAGE(INITIAL 65536 NEXT 1048576 MINEXTENTS 1 MAXEXTENTS 2147483645
  PCTINCREASE 0 FREELISTS 1 FREELIST GROUPS 1 BUFFER_POOL DEFAULT)
  TABLESPACE "USERS" ;
--------------------------------------------------------
--  DDL for Table T_GRUPOS_HORARIO
--------------------------------------------------------

  CREATE TABLE "CURSOS"."T_GRUPOS_HORARIO" 
   (	"ID_HORARIO_GRUPO" NUMBER(10,0), 
	"ID_GRUPO" NUMBER(10,0), 
	"ID_HORARIO" NUMBER(10,0), 
	"FEC_ALTA" DATE, 
	"USR_ALTA" VARCHAR2(64 BYTE), 
	"FEC_BAJA" DATE, 
	"USR_BAJA" VARCHAR2(20 BYTE), 
	"ESTADO" VARCHAR2(1 BYTE) DEFAULT 'A'
   ) PCTFREE 10 PCTUSED 40 INITRANS 1 MAXTRANS 255 NOCOMPRESS LOGGING
  STORAGE(INITIAL 65536 NEXT 1048576 MINEXTENTS 1 MAXEXTENTS 2147483645
  PCTINCREASE 0 FREELISTS 1 FREELIST GROUPS 1 BUFFER_POOL DEFAULT)
  TABLESPACE "USERS" ;
--------------------------------------------------------
--  DDL for Table T_HORARIOS
--------------------------------------------------------

  CREATE TABLE "CURSOS"."T_HORARIOS" 
   (	"ID_HORARIO" NUMBER(10,0), 
	"HR_INICIO" VARCHAR2(35 BYTE), 
	"HR_FIN" VARCHAR2(35 BYTE), 
	"HR_DIASEMANA" VARCHAR2(64 BYTE), 
	"HR_AÑO" VARCHAR2(15 BYTE), 
	"HR_MES" VARCHAR2(20 BYTE), 
	"FEC_ALTA" DATE, 
	"USR_ALTA" VARCHAR2(64 BYTE), 
	"FEC_MODIF" DATE, 
	"USR_MODIF" VARCHAR2(64 BYTE), 
	"ESTADO" VARCHAR2(1 BYTE) DEFAULT 'A'
   ) PCTFREE 10 PCTUSED 40 INITRANS 1 MAXTRANS 255 NOCOMPRESS LOGGING
  STORAGE(INITIAL 65536 NEXT 1048576 MINEXTENTS 1 MAXEXTENTS 2147483645
  PCTINCREASE 0 FREELISTS 1 FREELIST GROUPS 1 BUFFER_POOL DEFAULT)
  TABLESPACE "USERS" ;
--------------------------------------------------------
--  DDL for Table T_INSCRIPCIONES
--------------------------------------------------------

  CREATE TABLE "CURSOS"."T_INSCRIPCIONES" 
   (	"ID_INSCRIPCION" NUMBER(10,0), 
	"ID_ALUMNO" NUMBER(10,0), 
	"FECHA" DATE, 
	"DESCRIPCION" VARCHAR2(4000 BYTE), 
	"FEC_ALTA" DATE, 
	"USR_ALTA" VARCHAR2(64 BYTE), 
	"FEC_MODIF" DATE, 
	"USR_MODIF" VARCHAR2(64 BYTE), 
	"ESTADO" VARCHAR2(1 BYTE) DEFAULT 'A', 
	"ID_CONDICION_CURSO" NUMBER(10,0), 
	"APROBO" VARCHAR2(1 CHAR) DEFAULT 'F'
   ) PCTFREE 10 PCTUSED 40 INITRANS 1 MAXTRANS 255 NOCOMPRESS LOGGING
  STORAGE(INITIAL 65536 NEXT 1048576 MINEXTENTS 1 MAXEXTENTS 2147483645
  PCTINCREASE 0 FREELISTS 1 FREELIST GROUPS 1 BUFFER_POOL DEFAULT)
  TABLESPACE "USERS" ;
--------------------------------------------------------
--  DDL for Table T_INSTITUCIONES
--------------------------------------------------------

  CREATE TABLE "CURSOS"."T_INSTITUCIONES" 
   (	"ID_INSTITUCION" NUMBER(10,0), 
	"N_INSTITUCION" VARCHAR2(64 CHAR), 
	"INS_PROPIA" VARCHAR2(1 BYTE) DEFAULT 'N', 
	"FEC_ALTA" DATE, 
	"USR_ALTA" VARCHAR2(64 CHAR), 
	"FEC_MODIF" DATE, 
	"USR_MODIF" VARCHAR2(64 CHAR), 
	"ESTADO" CHAR(1 BYTE) DEFAULT 'A', 
	"PROVINCIA" VARCHAR2(200 BYTE), 
	"LOCALIDAD" VARCHAR2(200 BYTE), 
	"BARRIO" VARCHAR2(200 BYTE), 
	"CALLE" VARCHAR2(200 BYTE), 
	"NRO" NUMBER(10,0), 
	"DEPTO" NUMBER(10,0), 
	"NRO_EXPEDIENTE" VARCHAR2(64 BYTE), 
	"NRO_RESOLUCION" VARCHAR2(64 BYTE), 
	"TELEFONO" VARCHAR2(30 BYTE)
   ) PCTFREE 10 PCTUSED 40 INITRANS 1 MAXTRANS 255 NOCOMPRESS LOGGING
  STORAGE(INITIAL 65536 NEXT 1048576 MINEXTENTS 1 MAXEXTENTS 2147483645
  PCTINCREASE 0 FREELISTS 1 FREELIST GROUPS 1 BUFFER_POOL DEFAULT)
  TABLESPACE "USERS" ;
--------------------------------------------------------
--  DDL for Table T_MODALIDADES
--------------------------------------------------------

  CREATE TABLE "CURSOS"."T_MODALIDADES" 
   (	"ID_MODALIDAD" NUMBER(10,0), 
	"N_MODALIDAD" VARCHAR2(64 BYTE), 
	"FEC_ALTA" DATE, 
	"USR_ALTA" VARCHAR2(64 BYTE), 
	"FEC_MODIF" DATE, 
	"USR_MODIF" VARCHAR2(64 BYTE), 
	"ESTADO" VARCHAR2(1 BYTE) DEFAULT 'A', 
	"NRO_RESOLUCION" VARCHAR2(64 BYTE)
   ) PCTFREE 10 PCTUSED 40 INITRANS 1 MAXTRANS 255 NOCOMPRESS LOGGING
  STORAGE(INITIAL 65536 NEXT 1048576 MINEXTENTS 1 MAXEXTENTS 2147483645
  PCTINCREASE 0 FREELISTS 1 FREELIST GROUPS 1 BUFFER_POOL DEFAULT)
  TABLESPACE "USERS" ;
--------------------------------------------------------
--  DDL for Table T_MOVIMIENTOS
--------------------------------------------------------

  CREATE TABLE "CURSOS"."T_MOVIMIENTOS" 
   (	"ID_MOVIMIENTO" NUMBER(10,0), 
	"ID_CAJA_CHICA" NUMBER(10,0), 
	"ID_TIPO_MOVIMIENTO" NUMBER(10,0), 
	"N_MOVIMIENTO" VARCHAR2(64 BYTE), 
	"FECHA" DATE, 
	"MONTO" NUMBER(4,2), 
	"DESCRIPCION" VARCHAR2(4000 BYTE), 
	"FEC_ALTA" DATE, 
	"USR_ALTA" VARCHAR2(64 BYTE), 
	"FEC_MODIF" DATE, 
	"USR_MODIF" VARCHAR2(64 BYTE), 
	"ESTADO" VARCHAR2(1 BYTE) DEFAULT 'A'
   ) PCTFREE 10 PCTUSED 40 INITRANS 1 MAXTRANS 255 NOCOMPRESS LOGGING
  STORAGE(INITIAL 65536 NEXT 1048576 MINEXTENTS 1 MAXEXTENTS 2147483645
  PCTINCREASE 0 FREELISTS 1 FREELIST GROUPS 1 BUFFER_POOL DEFAULT)
  TABLESPACE "USERS" ;
--------------------------------------------------------
--  DDL for Table T_NIVELES
--------------------------------------------------------

  CREATE TABLE "CURSOS"."T_NIVELES" 
   (	"ID_NIVEL" NUMBER(10,0), 
	"N_NIVEL" VARCHAR2(64 BYTE), 
	"FEC_ALTA" DATE, 
	"USR_ALTA" VARCHAR2(64 BYTE), 
	"FEC_MODIF" DATE, 
	"USR_MODIF" VARCHAR2(64 BYTE), 
	"ESTADO" VARCHAR2(1 BYTE) DEFAULT 'A'
   ) PCTFREE 10 PCTUSED 40 INITRANS 1 MAXTRANS 255 NOCOMPRESS LOGGING
  STORAGE(INITIAL 65536 NEXT 1048576 MINEXTENTS 1 MAXEXTENTS 2147483645
  PCTINCREASE 0 FREELISTS 1 FREELIST GROUPS 1 BUFFER_POOL DEFAULT)
  TABLESPACE "USERS" ;
--------------------------------------------------------
--  DDL for Table T_NOVEDADES
--------------------------------------------------------

  CREATE TABLE "CURSOS"."T_NOVEDADES" 
   (	"ID_NOVEDAD" NUMBER(10,0), 
	"ID_GRUPO" NUMBER(10,0), 
	"DESCRIPCION" VARCHAR2(1000 BYTE), 
	"FEC_ALTA" DATE, 
	"USR_ALTA" VARCHAR2(64 BYTE), 
	"FEC_MODIF" DATE, 
	"USR_MODIF" VARCHAR2(64 BYTE), 
	"ESTADO" VARCHAR2(1 BYTE) DEFAULT 'A'
   ) PCTFREE 10 PCTUSED 40 INITRANS 1 MAXTRANS 255 NOCOMPRESS LOGGING
  STORAGE(INITIAL 65536 NEXT 1048576 MINEXTENTS 1 MAXEXTENTS 2147483645
  PCTINCREASE 0 FREELISTS 1 FREELIST GROUPS 1 BUFFER_POOL DEFAULT)
  TABLESPACE "USERS" ;
--------------------------------------------------------
--  DDL for Table T_PERSONAS
--------------------------------------------------------

  CREATE TABLE "CURSOS"."T_PERSONAS" 
   (	"ID_PERSONA" NUMBER(10,0), 
	"NOV_APELLIDO" VARCHAR2(64 BYTE), 
	"NOV_NOMBRE" VARCHAR2(64 BYTE), 
	"CUIL" VARCHAR2(20 BYTE), 
	"FECHA_NACIMIENTO" DATE, 
	"ID_SEXO" VARCHAR2(2 BYTE), 
	"NRO_DOCUMENTO" VARCHAR2(12 BYTE), 
	"ID_TIPO_DOCUMENTO" VARCHAR2(4 BYTE), 
	"ID_ESTADO_CIVIL" VARCHAR2(4 BYTE), 
	"ESTADO" VARCHAR2(20 BYTE) DEFAULT 'A'
   ) PCTFREE 10 PCTUSED 40 INITRANS 1 MAXTRANS 255 NOCOMPRESS LOGGING
  STORAGE(INITIAL 65536 NEXT 1048576 MINEXTENTS 1 MAXEXTENTS 2147483645
  PCTINCREASE 0 FREELISTS 1 FREELIST GROUPS 1 BUFFER_POOL DEFAULT)
  TABLESPACE "USERS" ;
--------------------------------------------------------
--  DDL for Table T_PERSONASJUR
--------------------------------------------------------

  CREATE TABLE "CURSOS"."T_PERSONASJUR" 
   (	"ID_PERSONAJUR" NUMBER(10,0), 
	"ID_SEDE" NUMBER(10,0), 
	"CUIT" VARCHAR2(11 BYTE), 
	"RAZON_SOCIAL" VARCHAR2(100 BYTE), 
	"ESTADO" VARCHAR2(1 BYTE) DEFAULT 'A'
   ) PCTFREE 10 PCTUSED 40 INITRANS 1 MAXTRANS 255 NOCOMPRESS LOGGING
  STORAGE(INITIAL 65536 NEXT 1048576 MINEXTENTS 1 MAXEXTENTS 2147483645
  PCTINCREASE 0 FREELISTS 1 FREELIST GROUPS 1 BUFFER_POOL DEFAULT)
  TABLESPACE "USERS" ;
--------------------------------------------------------
--  DDL for Table T_PRESENTISMO
--------------------------------------------------------

  CREATE TABLE "CURSOS"."T_PRESENTISMO" 
   (	"ID_PRESENTISMO" NUMBER(10,0), 
	"ID_INSCRIPCION" NUMBER(10,0), 
	"CLASES_ASISTIDAS" NUMBER(10,0), 
	"ESTADO" VARCHAR2(1 BYTE), 
	"FEC_ALTA" DATE, 
	"FEC_MODIF" DATE, 
	"USR_ALTA" VARCHAR2(40 BYTE), 
	"USR_MODIF" VARCHAR2(40 BYTE)
   ) PCTFREE 10 PCTUSED 40 INITRANS 1 MAXTRANS 255 NOCOMPRESS LOGGING
  STORAGE(INITIAL 65536 NEXT 1048576 MINEXTENTS 1 MAXEXTENTS 2147483645
  PCTINCREASE 0 FREELISTS 1 FREELIST GROUPS 1 BUFFER_POOL DEFAULT)
  TABLESPACE "USERS" ;
--------------------------------------------------------
--  DDL for Table T_PRESTAMOS
--------------------------------------------------------

  CREATE TABLE "CURSOS"."T_PRESTAMOS" 
   (	"ID_PRESTAMO" NUMBER(10,0), 
	"ID_INSTITUCION" NUMBER(10,0), 
	"ID_EQUIPO" NUMBER(10,0), 
	"FEC_INICIO" DATE, 
	"FEC_FIN" DATE, 
	"OBSERVACION" VARCHAR2(4000 BYTE), 
	"FEC_ALTA" DATE, 
	"USR_ALTA" VARCHAR2(64 BYTE), 
	"FEC_MODIF" DATE, 
	"USR_MODIF" VARCHAR2(64 BYTE), 
	"ESTADO" VARCHAR2(1 BYTE) DEFAULT 'A'
   ) PCTFREE 10 PCTUSED 40 INITRANS 1 MAXTRANS 255 NOCOMPRESS LOGGING
  STORAGE(INITIAL 65536 NEXT 1048576 MINEXTENTS 1 MAXEXTENTS 2147483645
  PCTINCREASE 0 FREELISTS 1 FREELIST GROUPS 1 BUFFER_POOL DEFAULT)
  TABLESPACE "USERS" ;
--------------------------------------------------------
--  DDL for Table T_PROGRAMAS
--------------------------------------------------------

  CREATE TABLE "CURSOS"."T_PROGRAMAS" 
   (	"ID_PROGRAMA" NUMBER(10,0), 
	"N_PROGRAMA" VARCHAR2(64 BYTE), 
	"DESCRIPCION" VARCHAR2(4000 BYTE), 
	"FEC_ALTA" DATE, 
	"USR_ALTA" VARCHAR2(64 BYTE), 
	"FEC_MODIF" DATE, 
	"USR_MODIF" VARCHAR2(64 BYTE), 
	"ESTADO" VARCHAR2(1 BYTE) DEFAULT 'A', 
	"NRO_RESOLUCION" VARCHAR2(64 BYTE)
   ) PCTFREE 10 PCTUSED 40 INITRANS 1 MAXTRANS 255 NOCOMPRESS LOGGING
  STORAGE(INITIAL 65536 NEXT 1048576 MINEXTENTS 1 MAXEXTENTS 2147483645
  PCTINCREASE 0 FREELISTS 1 FREELIST GROUPS 1 BUFFER_POOL DEFAULT)
  TABLESPACE "USERS" ;
--------------------------------------------------------
--  DDL for Table T_PROGRAMAS_TEMARIO
--------------------------------------------------------

  CREATE TABLE "CURSOS"."T_PROGRAMAS_TEMARIO" 
   (	"ID_PROGRAMA_TEMARIO" NUMBER(10,0), 
	"ID_PROGRAMA" NUMBER(10,0), 
	"ID_TEMARIO" NUMBER(10,0), 
	"FEC_ALTA" DATE, 
	"USR_ALTA" VARCHAR2(64 BYTE), 
	"FEC_MODIF" DATE, 
	"USR_MODIF" VARCHAR2(64 BYTE), 
	"ESTADO" VARCHAR2(1 BYTE) DEFAULT 'A'
   ) PCTFREE 10 PCTUSED 40 INITRANS 1 MAXTRANS 255 NOCOMPRESS LOGGING
  STORAGE(INITIAL 65536 NEXT 1048576 MINEXTENTS 1 MAXEXTENTS 2147483645
  PCTINCREASE 0 FREELISTS 1 FREELIST GROUPS 1 BUFFER_POOL DEFAULT)
  TABLESPACE "USERS" ;
--------------------------------------------------------
--  DDL for Table T_ROL
--------------------------------------------------------

  CREATE TABLE "CURSOS"."T_ROL" 
   (	"ID_ROL" NUMBER(10,0), 
	"DESCRIPCION" VARCHAR2(50 BYTE), 
	"FEC_ALTA" DATE, 
	"FEC_MODIF" DATE, 
	"USR_MODIF" VARCHAR2(40 BYTE), 
	"USR_ALTA" VARCHAR2(40 BYTE), 
	"ESTADO" VARCHAR2(1 BYTE)
   ) PCTFREE 10 PCTUSED 40 INITRANS 1 MAXTRANS 255 NOCOMPRESS LOGGING
  STORAGE(INITIAL 65536 NEXT 1048576 MINEXTENTS 1 MAXEXTENTS 2147483645
  PCTINCREASE 0 FREELISTS 1 FREELIST GROUPS 1 BUFFER_POOL DEFAULT)
  TABLESPACE "USERS" ;
--------------------------------------------------------
--  DDL for Table T_SUPERVICIONES
--------------------------------------------------------

  CREATE TABLE "CURSOS"."T_SUPERVICIONES" 
   (	"ID_SUPERVISION" NUMBER(10,0), 
	"ID_SUPERVISOR" NUMBER(10,0), 
	"OBSERVACIONES" VARCHAR2(4000 BYTE), 
	"FEC_SUPERVISION" DATE, 
	"HS_SUPERVISION" VARCHAR2(30 BYTE), 
	"FEC_ALTA" DATE, 
	"USR_ALTA" VARCHAR2(64 BYTE), 
	"FEC_MODIF" DATE, 
	"USR_MODIF" VARCHAR2(64 BYTE), 
	"ESTADO" VARCHAR2(1 BYTE) DEFAULT 'A', 
	"ID_GRUPO" NUMBER(10,0), 
	"NRO_RESOLUCION" VARCHAR2(64 BYTE)
   ) PCTFREE 10 PCTUSED 40 INITRANS 1 MAXTRANS 255 NOCOMPRESS LOGGING
  STORAGE(INITIAL 65536 NEXT 1048576 MINEXTENTS 1 MAXEXTENTS 2147483645
  PCTINCREASE 0 FREELISTS 1 FREELIST GROUPS 1 BUFFER_POOL DEFAULT)
  TABLESPACE "USERS" ;
--------------------------------------------------------
--  DDL for Table T_SUPERVISORES
--------------------------------------------------------

  CREATE TABLE "CURSOS"."T_SUPERVISORES" 
   (	"ID_SUPERVISOR" NUMBER(10,0), 
	"FEC_ALTA" DATE, 
	"USR_ALTA" VARCHAR2(64 BYTE), 
	"FEC_MODIF" DATE, 
	"USR_MODIF" VARCHAR2(64 BYTE), 
	"ESTADO" VARCHAR2(1 BYTE) DEFAULT 'A', 
	"PROVINCIA" VARCHAR2(200 BYTE), 
	"LOCALIDAD" VARCHAR2(200 BYTE), 
	"BARRIO" VARCHAR2(200 BYTE), 
	"CALLE" VARCHAR2(200 BYTE), 
	"NRO" NUMBER(10,0), 
	"CUIL_CUIT" VARCHAR2(40 BYTE), 
	"RAZON_SOCIAL" VARCHAR2(200 BYTE), 
	"NRO_RESOLUCION" VARCHAR2(64 BYTE)
   ) PCTFREE 10 PCTUSED 40 INITRANS 1 MAXTRANS 255 NOCOMPRESS LOGGING
  STORAGE(INITIAL 65536 NEXT 1048576 MINEXTENTS 1 MAXEXTENTS 2147483645
  PCTINCREASE 0 FREELISTS 1 FREELIST GROUPS 1 BUFFER_POOL DEFAULT)
  TABLESPACE "USERS" ;
--------------------------------------------------------
--  DDL for Table T_TEMARIO
--------------------------------------------------------

  CREATE TABLE "CURSOS"."T_TEMARIO" 
   (	"ID_TEMARIO" NUMBER(10,0), 
	"N_TEMARIO" VARCHAR2(64 BYTE), 
	"DESCRIPCION" VARCHAR2(4000 BYTE), 
	"FEC_ALTA" DATE, 
	"USR_ALTA" VARCHAR2(64 BYTE), 
	"FEC_MODIF" DATE, 
	"USR_MODIF" VARCHAR2(64 BYTE), 
	"ESTADO" VARCHAR2(1 BYTE) DEFAULT 'A'
   ) PCTFREE 10 PCTUSED 40 INITRANS 1 MAXTRANS 255 NOCOMPRESS LOGGING
  STORAGE(INITIAL 65536 NEXT 1048576 MINEXTENTS 1 MAXEXTENTS 2147483645
  PCTINCREASE 0 FREELISTS 1 FREELIST GROUPS 1 BUFFER_POOL DEFAULT)
  TABLESPACE "USERS" ;
--------------------------------------------------------
--  DDL for Table T_TIPOS_DNI
--------------------------------------------------------

  CREATE TABLE "CURSOS"."T_TIPOS_DNI" 
   (	"ID_TIPO_DNI" NUMBER(10,0), 
	"N_TIPO_DNI" VARCHAR2(64 BYTE), 
	"FEC_ALTA" DATE, 
	"USR_ALTA" VARCHAR2(64 BYTE), 
	"FEC_MODIF" DATE, 
	"USR_MODIF" VARCHAR2(64 BYTE), 
	"ESTADO" VARCHAR2(1 BYTE) DEFAULT 'A'
   ) PCTFREE 10 PCTUSED 40 INITRANS 1 MAXTRANS 255 NOCOMPRESS LOGGING
  STORAGE(INITIAL 65536 NEXT 1048576 MINEXTENTS 1 MAXEXTENTS 2147483645
  PCTINCREASE 0 FREELISTS 1 FREELIST GROUPS 1 BUFFER_POOL DEFAULT)
  TABLESPACE "USERS" ;
--------------------------------------------------------
--  DDL for Table T_TIPOS_DOCENTE
--------------------------------------------------------

  CREATE TABLE "CURSOS"."T_TIPOS_DOCENTE" 
   (	"ID_TIPO_DOCENTE" NUMBER(10,0), 
	"N_TIPO_DOCENTE" VARCHAR2(64 BYTE), 
	"FEC_ALTA" DATE, 
	"USR_ALTA" VARCHAR2(64 BYTE), 
	"FEC_MODIF" DATE, 
	"USR_MODIF" VARCHAR2(64 BYTE), 
	"ESTADO" VARCHAR2(1 BYTE) DEFAULT 'A'
   ) PCTFREE 10 PCTUSED 40 INITRANS 1 MAXTRANS 255 NOCOMPRESS LOGGING
  STORAGE(INITIAL 65536 NEXT 1048576 MINEXTENTS 1 MAXEXTENTS 2147483645
  PCTINCREASE 0 FREELISTS 1 FREELIST GROUPS 1 BUFFER_POOL DEFAULT)
  TABLESPACE "USERS" ;
--------------------------------------------------------
--  DDL for Table T_TIPOS_ESTADO_CIVIL
--------------------------------------------------------

  CREATE TABLE "CURSOS"."T_TIPOS_ESTADO_CIVIL" 
   (	"ID_TIPO_ESTADO_CIVIL" NUMBER(10,0), 
	"N_TIPO_ESTADO_CIVIL" VARCHAR2(64 BYTE), 
	"FEC_ALTA" DATE, 
	"USR_ALTA" VARCHAR2(64 BYTE), 
	"FEC_MODIF" DATE, 
	"USR_MODIF" VARCHAR2(64 BYTE), 
	"ESTADO" VARCHAR2(1 BYTE) DEFAULT 'A'
   ) PCTFREE 10 PCTUSED 40 INITRANS 1 MAXTRANS 255 NOCOMPRESS LOGGING
  STORAGE(INITIAL 65536 NEXT 1048576 MINEXTENTS 1 MAXEXTENTS 2147483645
  PCTINCREASE 0 FREELISTS 1 FREELIST GROUPS 1 BUFFER_POOL DEFAULT)
  TABLESPACE "USERS" ;
--------------------------------------------------------
--  DDL for Table T_TIPOS_MOVIMIENTOS
--------------------------------------------------------

  CREATE TABLE "CURSOS"."T_TIPOS_MOVIMIENTOS" 
   (	"ID_TIPO_MOVIMIENTO" NUMBER(10,0), 
	"N_TIPO_MOVIMIENTO" VARCHAR2(64 BYTE), 
	"FEC_ALTA" DATE, 
	"USR_ALTA" VARCHAR2(64 BYTE), 
	"FEC_MODIF" DATE, 
	"USR_MODIF" VARCHAR2(64 BYTE), 
	"ESTADO" VARCHAR2(1 BYTE) DEFAULT 'A'
   ) PCTFREE 10 PCTUSED 40 INITRANS 1 MAXTRANS 255 NOCOMPRESS LOGGING
  STORAGE(INITIAL 65536 NEXT 1048576 MINEXTENTS 1 MAXEXTENTS 2147483645
  PCTINCREASE 0 FREELISTS 1 FREELIST GROUPS 1 BUFFER_POOL DEFAULT)
  TABLESPACE "USERS" ;
--------------------------------------------------------
--  DDL for Table T_TIPOS_SEXO
--------------------------------------------------------

  CREATE TABLE "CURSOS"."T_TIPOS_SEXO" 
   (	"ID_TIPO_SEXO" NUMBER(10,0), 
	"N_TIPO_SEXO" VARCHAR2(64 BYTE), 
	"FEC_ALTA" DATE, 
	"USR_ALTA" VARCHAR2(64 BYTE), 
	"FEC_MODIF" DATE, 
	"USR_MODIF" VARCHAR2(64 BYTE), 
	"ESTADO" VARCHAR2(1 BYTE) DEFAULT 'A'
   ) PCTFREE 10 PCTUSED 40 INITRANS 1 MAXTRANS 255 NOCOMPRESS LOGGING
  STORAGE(INITIAL 65536 NEXT 1048576 MINEXTENTS 1 MAXEXTENTS 2147483645
  PCTINCREASE 0 FREELISTS 1 FREELIST GROUPS 1 BUFFER_POOL DEFAULT)
  TABLESPACE "USERS" ;
--------------------------------------------------------
--  DDL for Table T_USUARIO
--------------------------------------------------------

  CREATE TABLE "CURSOS"."T_USUARIO" 
   (	"ID_USUARIO" NUMBER(10,0), 
	"NOMBRE" VARCHAR2(50 BYTE), 
	"PASSWORD" VARCHAR2(50 BYTE), 
	"FEC_ALTA" DATE, 
	"FEC_MODIF" DATE, 
	"USR_ALTA" VARCHAR2(20 BYTE), 
	"USR_MODIF" VARCHAR2(20 BYTE), 
	"ESTADO" VARCHAR2(1 BYTE), 
	"ID_ROL" NUMBER(10,0), 
	"USURIO_RESPONSABLE" VARCHAR2(64 BYTE)
   ) PCTFREE 10 PCTUSED 40 INITRANS 1 MAXTRANS 255 NOCOMPRESS LOGGING
  STORAGE(INITIAL 65536 NEXT 1048576 MINEXTENTS 1 MAXEXTENTS 2147483645
  PCTINCREASE 0 FREELISTS 1 FREELIST GROUPS 1 BUFFER_POOL DEFAULT)
  TABLESPACE "USERS" ;
REM INSERTING into CURSOS.T_ALUMNOS
Insert into CURSOS.T_ALUMNOS (ID_ALUMNO,ESTADO,FEC_ALTA,USR_ALTA,FEC_MODIF,USR_MODIF,NOMBRE,APELLIDO,NRO_DOCUMENTO,FEC_NACIMIENTO,CUIL,ID_TIPO_DNI,ID_TIPO_ESTADO_CIVIL,ID_TIPO_SEXO,NRO_RESOLUCION,NRO_TELEFONO,NRO_CELULAR,PROVINCIA,LOCALIDAD,BARRIO,CALLE,NRO,DEPTO) values (121,'A',to_date('15/03/2012','DD/MM/RRRR'),'Usuario Alta',to_date('15/03/2012','DD/MM/RRRR'),'A','Juliana A','Morano','fsdSDSDSD',to_date('15/03/2012','DD/MM/RRRR'),'dfdsSDAD',2,2,2,'fdf','dfsfdfs','dfs',null,null,null,null,null,null);
Insert into CURSOS.T_ALUMNOS (ID_ALUMNO,ESTADO,FEC_ALTA,USR_ALTA,FEC_MODIF,USR_MODIF,NOMBRE,APELLIDO,NRO_DOCUMENTO,FEC_NACIMIENTO,CUIL,ID_TIPO_DNI,ID_TIPO_ESTADO_CIVIL,ID_TIPO_SEXO,NRO_RESOLUCION,NRO_TELEFONO,NRO_CELULAR,PROVINCIA,LOCALIDAD,BARRIO,CALLE,NRO,DEPTO) values (122,'I',to_date('15/03/2012','DD/MM/RRRR'),'Usuario Alta',to_date('15/03/2012','DD/MM/RRRR'),'Usuario Eliminacion','dsfewrewwwwwwwwwwwwwwwwwwwwwwwww','erwreeeeeeeeeeeeeeeeeeeeeeeeeeeeeeeeeeeeeeeeeeeeeee','eee',to_date('15/03/2012','DD/MM/RRRR'),'eeee',1,1,1,'5','eee','eeee',null,null,null,null,null,null);
Insert into CURSOS.T_ALUMNOS (ID_ALUMNO,ESTADO,FEC_ALTA,USR_ALTA,FEC_MODIF,USR_MODIF,NOMBRE,APELLIDO,NRO_DOCUMENTO,FEC_NACIMIENTO,CUIL,ID_TIPO_DNI,ID_TIPO_ESTADO_CIVIL,ID_TIPO_SEXO,NRO_RESOLUCION,NRO_TELEFONO,NRO_CELULAR,PROVINCIA,LOCALIDAD,BARRIO,CALLE,NRO,DEPTO) values (103,'A',to_date('09/03/2012','DD/MM/RRRR'),'Usuario Alta',to_date('09/03/2012','DD/MM/RRRR'),'A','Ivana','Salas','3333333',to_date('09/03/2012','DD/MM/RRRR'),'1222222',2,2,2,'122333333','111111','111111',null,null,null,null,null,null);
Insert into CURSOS.T_ALUMNOS (ID_ALUMNO,ESTADO,FEC_ALTA,USR_ALTA,FEC_MODIF,USR_MODIF,NOMBRE,APELLIDO,NRO_DOCUMENTO,FEC_NACIMIENTO,CUIL,ID_TIPO_DNI,ID_TIPO_ESTADO_CIVIL,ID_TIPO_SEXO,NRO_RESOLUCION,NRO_TELEFONO,NRO_CELULAR,PROVINCIA,LOCALIDAD,BARRIO,CALLE,NRO,DEPTO) values (1,'A',to_date('16/02/2012','DD/MM/RRRR'),'Test',to_date('09/03/2012','DD/MM/RRRR'),'A','Luciano','Ibanez','30455890',to_date('09/03/2012','DD/MM/RRRR'),'20304558906',1,1,1,'Test','1111','11111',null,null,null,null,null,null);
Insert into CURSOS.T_ALUMNOS (ID_ALUMNO,ESTADO,FEC_ALTA,USR_ALTA,FEC_MODIF,USR_MODIF,NOMBRE,APELLIDO,NRO_DOCUMENTO,FEC_NACIMIENTO,CUIL,ID_TIPO_DNI,ID_TIPO_ESTADO_CIVIL,ID_TIPO_SEXO,NRO_RESOLUCION,NRO_TELEFONO,NRO_CELULAR,PROVINCIA,LOCALIDAD,BARRIO,CALLE,NRO,DEPTO) values (2,'I',to_date('16/02/2012','DD/MM/RRRR'),'SSS',to_date('17/02/2012','DD/MM/RRRR'),'Test','''''','''''','''2''',to_date('09/03/2012','DD/MM/RRRR'),'''2''',1,1,1,null,null,null,null,null,null,null,null,null);
Insert into CURSOS.T_ALUMNOS (ID_ALUMNO,ESTADO,FEC_ALTA,USR_ALTA,FEC_MODIF,USR_MODIF,NOMBRE,APELLIDO,NRO_DOCUMENTO,FEC_NACIMIENTO,CUIL,ID_TIPO_DNI,ID_TIPO_ESTADO_CIVIL,ID_TIPO_SEXO,NRO_RESOLUCION,NRO_TELEFONO,NRO_CELULAR,PROVINCIA,LOCALIDAD,BARRIO,CALLE,NRO,DEPTO) values (82,'A',to_date('04/03/2012','DD/MM/RRRR'),'Test',to_date('09/03/2012','DD/MM/RRRR'),'A','Lucas','Maldonado','111111111',to_date('09/03/2012','DD/MM/RRRR'),'111111111',2,2,1,'123',null,null,null,null,null,null,null,null);
Insert into CURSOS.T_ALUMNOS (ID_ALUMNO,ESTADO,FEC_ALTA,USR_ALTA,FEC_MODIF,USR_MODIF,NOMBRE,APELLIDO,NRO_DOCUMENTO,FEC_NACIMIENTO,CUIL,ID_TIPO_DNI,ID_TIPO_ESTADO_CIVIL,ID_TIPO_SEXO,NRO_RESOLUCION,NRO_TELEFONO,NRO_CELULAR,PROVINCIA,LOCALIDAD,BARRIO,CALLE,NRO,DEPTO) values (83,'I',to_date('04/03/2012','DD/MM/RRRR'),'Test',to_date('04/03/2012','DD/MM/RRRR'),'Test','''''','''''','''4''',to_date('09/03/2012','DD/MM/RRRR'),'''4''',1,1,1,null,null,null,null,null,null,null,null,null);
Insert into CURSOS.T_ALUMNOS (ID_ALUMNO,ESTADO,FEC_ALTA,USR_ALTA,FEC_MODIF,USR_MODIF,NOMBRE,APELLIDO,NRO_DOCUMENTO,FEC_NACIMIENTO,CUIL,ID_TIPO_DNI,ID_TIPO_ESTADO_CIVIL,ID_TIPO_SEXO,NRO_RESOLUCION,NRO_TELEFONO,NRO_CELULAR,PROVINCIA,LOCALIDAD,BARRIO,CALLE,NRO,DEPTO) values (101,'A',to_date('09/03/2012','DD/MM/RRRR'),'Usuario Alta',to_date('09/03/2012','DD/MM/RRRR'),'Usuario Modificacion','Dario','Salas','27360406',to_date('09/03/2012','DD/MM/RRRR'),'20273604066',1,1,1,null,null,null,null,null,null,null,null,null);
Insert into CURSOS.T_ALUMNOS (ID_ALUMNO,ESTADO,FEC_ALTA,USR_ALTA,FEC_MODIF,USR_MODIF,NOMBRE,APELLIDO,NRO_DOCUMENTO,FEC_NACIMIENTO,CUIL,ID_TIPO_DNI,ID_TIPO_ESTADO_CIVIL,ID_TIPO_SEXO,NRO_RESOLUCION,NRO_TELEFONO,NRO_CELULAR,PROVINCIA,LOCALIDAD,BARRIO,CALLE,NRO,DEPTO) values (102,'A',to_date('09/03/2012','DD/MM/RRRR'),'Usuario Alta',to_date('18/03/2012','DD/MM/RRRR'),'A','Claudia','Barros','29208306',to_date('07/12/1981','DD/MM/RRRR'),'27292083060',1,1,2,'sss','sss','sss','dddd','sss','sss',null,0,0);
Insert into CURSOS.T_ALUMNOS (ID_ALUMNO,ESTADO,FEC_ALTA,USR_ALTA,FEC_MODIF,USR_MODIF,NOMBRE,APELLIDO,NRO_DOCUMENTO,FEC_NACIMIENTO,CUIL,ID_TIPO_DNI,ID_TIPO_ESTADO_CIVIL,ID_TIPO_SEXO,NRO_RESOLUCION,NRO_TELEFONO,NRO_CELULAR,PROVINCIA,LOCALIDAD,BARRIO,CALLE,NRO,DEPTO) values (123,'A',to_date('15/03/2012','DD/MM/RRRR'),'Usuario Alta',to_date('15/03/2012','DD/MM/RRRR'),'Usuario Modificacion','`´','´`p','´´`p',to_date('15/03/2012','DD/MM/RRRR'),'´´`p´p',1,1,1,'´`p','opóp','póp',null,null,null,null,null,null);
Insert into CURSOS.T_ALUMNOS (ID_ALUMNO,ESTADO,FEC_ALTA,USR_ALTA,FEC_MODIF,USR_MODIF,NOMBRE,APELLIDO,NRO_DOCUMENTO,FEC_NACIMIENTO,CUIL,ID_TIPO_DNI,ID_TIPO_ESTADO_CIVIL,ID_TIPO_SEXO,NRO_RESOLUCION,NRO_TELEFONO,NRO_CELULAR,PROVINCIA,LOCALIDAD,BARRIO,CALLE,NRO,DEPTO) values (124,'A',to_date('15/03/2012','DD/MM/RRRR'),'Usuario Alta',to_date('15/03/2012','DD/MM/RRRR'),'Usuario Modificacion','fffffffffffffddddddddddddddddddddddddddddddddddddddddddddddddddd','dddddddddfrrrrrrrrrrrggggggggggggggggggggggggggggggggggggggggggg','trgtrtrg',to_date('15/03/2012','DD/MM/RRRR'),'gtrgrwg',1,1,1,'trgrtgtrg','rgregr','grgew',null,null,null,null,null,null);
Insert into CURSOS.T_ALUMNOS (ID_ALUMNO,ESTADO,FEC_ALTA,USR_ALTA,FEC_MODIF,USR_MODIF,NOMBRE,APELLIDO,NRO_DOCUMENTO,FEC_NACIMIENTO,CUIL,ID_TIPO_DNI,ID_TIPO_ESTADO_CIVIL,ID_TIPO_SEXO,NRO_RESOLUCION,NRO_TELEFONO,NRO_CELULAR,PROVINCIA,LOCALIDAD,BARRIO,CALLE,NRO,DEPTO) values (141,'A',to_date('22/03/2012','DD/MM/RRRR'),'dario_res',to_date('22/03/2012','DD/MM/RRRR'),'dario_res','Test','sssss','sssss',to_date('22/03/2012','DD/MM/RRRR'),'ssss',1,1,1,'ssss','sssss','sssss','sssss','sssss','ssss',null,0,0);
REM INSERTING into CURSOS.T_ALUMNOS_HORARIO
REM INSERTING into CURSOS.T_ALUMONOS_GRUPO
Insert into CURSOS.T_ALUMONOS_GRUPO (ID_GRUPO_ALUMNO,ID_GRUPO,ID_ALUMNO,FEC_ALTA,USR_ALTA,FEC_MODIF,USR_MODIF,ESTADO,ID_CONDICION_CURSO) values (141,81,101,to_date('18/03/2012','DD/MM/RRRR'),'dario',to_date('18/03/2012','DD/MM/RRRR'),'dario','I',83);
Insert into CURSOS.T_ALUMONOS_GRUPO (ID_GRUPO_ALUMNO,ID_GRUPO,ID_ALUMNO,FEC_ALTA,USR_ALTA,FEC_MODIF,USR_MODIF,ESTADO,ID_CONDICION_CURSO) values (142,81,101,to_date('18/03/2012','DD/MM/RRRR'),'dario',to_date('18/03/2012','DD/MM/RRRR'),'dario','I',83);
Insert into CURSOS.T_ALUMONOS_GRUPO (ID_GRUPO_ALUMNO,ID_GRUPO,ID_ALUMNO,FEC_ALTA,USR_ALTA,FEC_MODIF,USR_MODIF,ESTADO,ID_CONDICION_CURSO) values (143,81,101,to_date('18/03/2012','DD/MM/RRRR'),'dario',to_date('18/03/2012','DD/MM/RRRR'),'dario','I',83);
Insert into CURSOS.T_ALUMONOS_GRUPO (ID_GRUPO_ALUMNO,ID_GRUPO,ID_ALUMNO,FEC_ALTA,USR_ALTA,FEC_MODIF,USR_MODIF,ESTADO,ID_CONDICION_CURSO) values (144,81,101,to_date('18/03/2012','DD/MM/RRRR'),'dario',to_date('18/03/2012','DD/MM/RRRR'),'dario','I',83);
Insert into CURSOS.T_ALUMONOS_GRUPO (ID_GRUPO_ALUMNO,ID_GRUPO,ID_ALUMNO,FEC_ALTA,USR_ALTA,FEC_MODIF,USR_MODIF,ESTADO,ID_CONDICION_CURSO) values (145,81,101,to_date('18/03/2012','DD/MM/RRRR'),'dario',to_date('19/03/2012','DD/MM/RRRR'),'dario','I',83);
Insert into CURSOS.T_ALUMONOS_GRUPO (ID_GRUPO_ALUMNO,ID_GRUPO,ID_ALUMNO,FEC_ALTA,USR_ALTA,FEC_MODIF,USR_MODIF,ESTADO,ID_CONDICION_CURSO) values (101,81,101,to_date('11/03/2012','DD/MM/RRRR'),'Usuario Alta',to_date('11/03/2012','DD/MM/RRRR'),'Usuario Eliminacion','I',83);
Insert into CURSOS.T_ALUMONOS_GRUPO (ID_GRUPO_ALUMNO,ID_GRUPO,ID_ALUMNO,FEC_ALTA,USR_ALTA,FEC_MODIF,USR_MODIF,ESTADO,ID_CONDICION_CURSO) values (102,81,101,to_date('11/03/2012','DD/MM/RRRR'),'Usuario Alta',to_date('11/03/2012','DD/MM/RRRR'),'Usuario Eliminacion','I',83);
Insert into CURSOS.T_ALUMONOS_GRUPO (ID_GRUPO_ALUMNO,ID_GRUPO,ID_ALUMNO,FEC_ALTA,USR_ALTA,FEC_MODIF,USR_MODIF,ESTADO,ID_CONDICION_CURSO) values (121,81,101,to_date('15/03/2012','DD/MM/RRRR'),'Usuario Alta',to_date('15/03/2012','DD/MM/RRRR'),'Usuario Eliminacion','I',83);
Insert into CURSOS.T_ALUMONOS_GRUPO (ID_GRUPO_ALUMNO,ID_GRUPO,ID_ALUMNO,FEC_ALTA,USR_ALTA,FEC_MODIF,USR_MODIF,ESTADO,ID_CONDICION_CURSO) values (161,121,121,to_date('19/03/2012','DD/MM/RRRR'),'Usuario Alta',to_date('19/03/2012','DD/MM/RRRR'),'Usuario Modificacion','A',104);
REM INSERTING into CURSOS.T_AREAS_TIPOS_CURSO
Insert into CURSOS.T_AREAS_TIPOS_CURSO (ID_AREA_TIPO_CURSO,N_AREA_TIPO_CURSO,FEC_ALTA,FEC_MODIF,USR_ALTA,USR_MODIF,ESTADO,NRO_RESOLUCION) values (1,'Area Administracion, Comercio y Microemprendimineto',to_date('07/03/2012','DD/MM/RRRR'),to_date('07/03/2012','DD/MM/RRRR'),'Desde BD','Desde Bd','A',null);
Insert into CURSOS.T_AREAS_TIPOS_CURSO (ID_AREA_TIPO_CURSO,N_AREA_TIPO_CURSO,FEC_ALTA,FEC_MODIF,USR_ALTA,USR_MODIF,ESTADO,NRO_RESOLUCION) values (2,'Area Servicio Turistico, Hoteleria y Gatronomia',to_date('07/03/2012','DD/MM/RRRR'),to_date('07/03/2012','DD/MM/RRRR'),'Desde BD','Desde BD','A',null);
Insert into CURSOS.T_AREAS_TIPOS_CURSO (ID_AREA_TIPO_CURSO,N_AREA_TIPO_CURSO,FEC_ALTA,FEC_MODIF,USR_ALTA,USR_MODIF,ESTADO,NRO_RESOLUCION) values (21,'dddd',to_date('15/03/2012','DD/MM/RRRR'),to_date('15/03/2012','DD/MM/RRRR'),'dario','dario','I','ssss');
REM INSERTING into CURSOS.T_CAJA_CHICA
Insert into CURSOS.T_CAJA_CHICA (ID_CAJA_CHICA,ID_ESTADO_CAJA_CHICA,ID_INSTITUCION,MONTO,FEC_ALTA,USR_ALTA,FEC_MODIF,USR_MODIF,ESTADO) values (41,1,164,2500,to_date('09/03/2012','DD/MM/RRRR'),'Usuario Alta',to_date('09/03/2012','DD/MM/RRRR'),'Usuario Modificacion','A');
Insert into CURSOS.T_CAJA_CHICA (ID_CAJA_CHICA,ID_ESTADO_CAJA_CHICA,ID_INSTITUCION,MONTO,FEC_ALTA,USR_ALTA,FEC_MODIF,USR_MODIF,ESTADO) values (2,1,27,23,to_date('04/03/2012','DD/MM/RRRR'),'Usuario Alta',to_date('04/03/2012','DD/MM/RRRR'),'Usuario Eliminacion','I');
Insert into CURSOS.T_CAJA_CHICA (ID_CAJA_CHICA,ID_ESTADO_CAJA_CHICA,ID_INSTITUCION,MONTO,FEC_ALTA,USR_ALTA,FEC_MODIF,USR_MODIF,ESTADO) values (7,1,27,2000,to_date('04/03/2012','DD/MM/RRRR'),'Usuario Alta',to_date('08/03/2012','DD/MM/RRRR'),'Usuario Modificacion','A');
Insert into CURSOS.T_CAJA_CHICA (ID_CAJA_CHICA,ID_ESTADO_CAJA_CHICA,ID_INSTITUCION,MONTO,FEC_ALTA,USR_ALTA,FEC_MODIF,USR_MODIF,ESTADO) values (5,1,27,1,to_date('04/03/2012','DD/MM/RRRR'),'Usuario Alta',to_date('04/03/2012','DD/MM/RRRR'),'Usuario Modificacion','I');
Insert into CURSOS.T_CAJA_CHICA (ID_CAJA_CHICA,ID_ESTADO_CAJA_CHICA,ID_INSTITUCION,MONTO,FEC_ALTA,USR_ALTA,FEC_MODIF,USR_MODIF,ESTADO) values (6,1,27,22,to_date('04/03/2012','DD/MM/RRRR'),'Usuario Alta',to_date('04/03/2012','DD/MM/RRRR'),'Usuario Modificacion','I');
Insert into CURSOS.T_CAJA_CHICA (ID_CAJA_CHICA,ID_ESTADO_CAJA_CHICA,ID_INSTITUCION,MONTO,FEC_ALTA,USR_ALTA,FEC_MODIF,USR_MODIF,ESTADO) values (21,1,164,0,to_date('04/03/2012','DD/MM/RRRR'),'Usuario Alta',to_date('04/03/2012','DD/MM/RRRR'),'Usuario Eliminacion','I');
Insert into CURSOS.T_CAJA_CHICA (ID_CAJA_CHICA,ID_ESTADO_CAJA_CHICA,ID_INSTITUCION,MONTO,FEC_ALTA,USR_ALTA,FEC_MODIF,USR_MODIF,ESTADO) values (22,1,164,23,to_date('04/03/2012','DD/MM/RRRR'),'Usuario Alta',to_date('04/03/2012','DD/MM/RRRR'),'Usuario Eliminacion','I');
Insert into CURSOS.T_CAJA_CHICA (ID_CAJA_CHICA,ID_ESTADO_CAJA_CHICA,ID_INSTITUCION,MONTO,FEC_ALTA,USR_ALTA,FEC_MODIF,USR_MODIF,ESTADO) values (23,1,164,23,to_date('04/03/2012','DD/MM/RRRR'),'Usuario Alta',to_date('04/03/2012','DD/MM/RRRR'),'Usuario Eliminacion','I');
Insert into CURSOS.T_CAJA_CHICA (ID_CAJA_CHICA,ID_ESTADO_CAJA_CHICA,ID_INSTITUCION,MONTO,FEC_ALTA,USR_ALTA,FEC_MODIF,USR_MODIF,ESTADO) values (24,1,164,0,to_date('04/03/2012','DD/MM/RRRR'),'Usuario Alta',to_date('04/03/2012','DD/MM/RRRR'),'Usuario Eliminacion','I');
Insert into CURSOS.T_CAJA_CHICA (ID_CAJA_CHICA,ID_ESTADO_CAJA_CHICA,ID_INSTITUCION,MONTO,FEC_ALTA,USR_ALTA,FEC_MODIF,USR_MODIF,ESTADO) values (61,1,262,0,to_date('21/03/2012','DD/MM/RRRR'),'Usuario Alta',to_date('21/03/2012','DD/MM/RRRR'),'Usuario Modificacion','A');
Insert into CURSOS.T_CAJA_CHICA (ID_CAJA_CHICA,ID_ESTADO_CAJA_CHICA,ID_INSTITUCION,MONTO,FEC_ALTA,USR_ALTA,FEC_MODIF,USR_MODIF,ESTADO) values (62,1,261,6000,to_date('21/03/2012','DD/MM/RRRR'),'Usuario Alta',to_date('21/03/2012','DD/MM/RRRR'),'Usuario Modificacion','A');
REM INSERTING into CURSOS.T_CARGOS
Insert into CURSOS.T_CARGOS (ID_CARGO,N_CARGO,FEC_ALTA,USR_ALTA,FEC_MODIF,USR_MODIF,ESTADO,NRO_RESOLUCION) values (1,'Cargo 1',to_date('16/02/2012','DD/MM/RRRR'),'Test',to_date('16/02/2012','DD/MM/RRRR'),'Test','A',null);
Insert into CURSOS.T_CARGOS (ID_CARGO,N_CARGO,FEC_ALTA,USR_ALTA,FEC_MODIF,USR_MODIF,ESTADO,NRO_RESOLUCION) values (2,'Cargo 2',to_date('16/02/2012','DD/MM/RRRR'),'Test',to_date('16/02/2012','DD/MM/RRRR'),'Test','A',null);
Insert into CURSOS.T_CARGOS (ID_CARGO,N_CARGO,FEC_ALTA,USR_ALTA,FEC_MODIF,USR_MODIF,ESTADO,NRO_RESOLUCION) values (21,'Dario',to_date('15/03/2012','DD/MM/RRRR'),'dario',to_date('15/03/2012','DD/MM/RRRR'),'dario','I','asdasd');
REM INSERTING into CURSOS.T_CERTIFICACIONES
REM INSERTING into CURSOS.T_CONDICIONES_CURSO
Insert into CURSOS.T_CONDICIONES_CURSO (ID_CONDICION_CURSO,ID_INSTITUCION,ID_ESTADO_CURSO,ID_CURSO,ID_NIVEL,ID_MODALIDAD,PROMEDIOREQUERIDO,CANTIDADEXAMENES,CANTIDADCLASES,PRESENTISMO,CARGAHORARIA,CUPO,PRESUPUESTO,FEC_ALTA,USR_ALTA,FEC_MODIF,USR_MODIF,ESTADO,ID_PROGRAMA,FEC_INICIO,FEC_FIN,NRO_RESOLUCION) values (1,26,1,23,3,1,8,2,20,80,1,1,1,to_date('21/02/2012','DD/MM/RRRR'),'Usuario Alta',to_date('21/02/2012','DD/MM/RRRR'),'Usuario Eliminacion','A',1,to_date('10/03/2012','DD/MM/RRRR'),to_date('10/03/2012','DD/MM/RRRR'),null);
Insert into CURSOS.T_CONDICIONES_CURSO (ID_CONDICION_CURSO,ID_INSTITUCION,ID_ESTADO_CURSO,ID_CURSO,ID_NIVEL,ID_MODALIDAD,PROMEDIOREQUERIDO,CANTIDADEXAMENES,CANTIDADCLASES,PRESENTISMO,CARGAHORARIA,CUPO,PRESUPUESTO,FEC_ALTA,USR_ALTA,FEC_MODIF,USR_MODIF,ESTADO,ID_PROGRAMA,FEC_INICIO,FEC_FIN,NRO_RESOLUCION) values (41,164,1,41,3,1,7,3,130,70,1,1,1,to_date('04/03/2012','DD/MM/RRRR'),'Usuario Alta',to_date('04/03/2012','DD/MM/RRRR'),'Usuario Eliminacion','A',1,to_date('10/03/2012','DD/MM/RRRR'),to_date('10/03/2012','DD/MM/RRRR'),null);
Insert into CURSOS.T_CONDICIONES_CURSO (ID_CONDICION_CURSO,ID_INSTITUCION,ID_ESTADO_CURSO,ID_CURSO,ID_NIVEL,ID_MODALIDAD,PROMEDIOREQUERIDO,CANTIDADEXAMENES,CANTIDADCLASES,PRESENTISMO,CARGAHORARIA,CUPO,PRESUPUESTO,FEC_ALTA,USR_ALTA,FEC_MODIF,USR_MODIF,ESTADO,ID_PROGRAMA,FEC_INICIO,FEC_FIN,NRO_RESOLUCION) values (43,164,1,41,3,1,8,2,140,60,1,1,1,to_date('04/03/2012','DD/MM/RRRR'),'Usuario Alta',to_date('04/03/2012','DD/MM/RRRR'),'Usuario Eliminacion','I',1,to_date('10/03/2012','DD/MM/RRRR'),to_date('10/03/2012','DD/MM/RRRR'),null);
Insert into CURSOS.T_CONDICIONES_CURSO (ID_CONDICION_CURSO,ID_INSTITUCION,ID_ESTADO_CURSO,ID_CURSO,ID_NIVEL,ID_MODALIDAD,PROMEDIOREQUERIDO,CANTIDADEXAMENES,CANTIDADCLASES,PRESENTISMO,CARGAHORARIA,CUPO,PRESUPUESTO,FEC_ALTA,USR_ALTA,FEC_MODIF,USR_MODIF,ESTADO,ID_PROGRAMA,FEC_INICIO,FEC_FIN,NRO_RESOLUCION) values (44,164,1,41,3,1,6,5,10,80,1,1,1,to_date('04/03/2012','DD/MM/RRRR'),'Usuario Alta',to_date('04/03/2012','DD/MM/RRRR'),'Usuario Eliminacion','I',1,to_date('10/03/2012','DD/MM/RRRR'),to_date('10/03/2012','DD/MM/RRRR'),null);
Insert into CURSOS.T_CONDICIONES_CURSO (ID_CONDICION_CURSO,ID_INSTITUCION,ID_ESTADO_CURSO,ID_CURSO,ID_NIVEL,ID_MODALIDAD,PROMEDIOREQUERIDO,CANTIDADEXAMENES,CANTIDADCLASES,PRESENTISMO,CARGAHORARIA,CUPO,PRESUPUESTO,FEC_ALTA,USR_ALTA,FEC_MODIF,USR_MODIF,ESTADO,ID_PROGRAMA,FEC_INICIO,FEC_FIN,NRO_RESOLUCION) values (45,164,1,41,3,1,6,3,50,80,1,1,5000,to_date('04/03/2012','DD/MM/RRRR'),'Usuario Alta',to_date('04/03/2012','DD/MM/RRRR'),'Usuario Modificacion','A',1,to_date('10/03/2012','DD/MM/RRRR'),to_date('10/03/2012','DD/MM/RRRR'),null);
Insert into CURSOS.T_CONDICIONES_CURSO (ID_CONDICION_CURSO,ID_INSTITUCION,ID_ESTADO_CURSO,ID_CURSO,ID_NIVEL,ID_MODALIDAD,PROMEDIOREQUERIDO,CANTIDADEXAMENES,CANTIDADCLASES,PRESENTISMO,CARGAHORARIA,CUPO,PRESUPUESTO,FEC_ALTA,USR_ALTA,FEC_MODIF,USR_MODIF,ESTADO,ID_PROGRAMA,FEC_INICIO,FEC_FIN,NRO_RESOLUCION) values (83,27,21,41,3,1,0,20,20,20,20,20,10000,to_date('11/03/2012','DD/MM/RRRR'),'Usuario Alta',to_date('18/03/2012','DD/MM/RRRR'),'dario','A',1,to_date('11/03/2012','DD/MM/RRRR'),to_date('11/03/2012','DD/MM/RRRR'),'20');
Insert into CURSOS.T_CONDICIONES_CURSO (ID_CONDICION_CURSO,ID_INSTITUCION,ID_ESTADO_CURSO,ID_CURSO,ID_NIVEL,ID_MODALIDAD,PROMEDIOREQUERIDO,CANTIDADEXAMENES,CANTIDADCLASES,PRESENTISMO,CARGAHORARIA,CUPO,PRESUPUESTO,FEC_ALTA,USR_ALTA,FEC_MODIF,USR_MODIF,ESTADO,ID_PROGRAMA,FEC_INICIO,FEC_FIN,NRO_RESOLUCION) values (101,261,22,41,3,21,0,2,10,80,23,25,500,to_date('15/03/2012','DD/MM/RRRR'),'Usuario Alta',to_date('15/03/2012','DD/MM/RRRR'),'Usuario Eliminacion','I',21,to_date('15/03/2012','DD/MM/RRRR'),to_date('30/03/2012','DD/MM/RRRR'),'sss');
Insert into CURSOS.T_CONDICIONES_CURSO (ID_CONDICION_CURSO,ID_INSTITUCION,ID_ESTADO_CURSO,ID_CURSO,ID_NIVEL,ID_MODALIDAD,PROMEDIOREQUERIDO,CANTIDADEXAMENES,CANTIDADCLASES,PRESENTISMO,CARGAHORARIA,CUPO,PRESUPUESTO,FEC_ALTA,USR_ALTA,FEC_MODIF,USR_MODIF,ESTADO,ID_PROGRAMA,FEC_INICIO,FEC_FIN,NRO_RESOLUCION) values (102,261,1,41,3,1,0,2,10,80,145,25,5000,to_date('15/03/2012','DD/MM/RRRR'),'Usuario Alta',to_date('15/03/2012','DD/MM/RRRR'),'Usuario Eliminacion','I',1,to_date('15/03/2012','DD/MM/RRRR'),to_date('30/03/2012','DD/MM/RRRR'),'sss');
Insert into CURSOS.T_CONDICIONES_CURSO (ID_CONDICION_CURSO,ID_INSTITUCION,ID_ESTADO_CURSO,ID_CURSO,ID_NIVEL,ID_MODALIDAD,PROMEDIOREQUERIDO,CANTIDADEXAMENES,CANTIDADCLASES,PRESENTISMO,CARGAHORARIA,CUPO,PRESUPUESTO,FEC_ALTA,USR_ALTA,FEC_MODIF,USR_MODIF,ESTADO,ID_PROGRAMA,FEC_INICIO,FEC_FIN,NRO_RESOLUCION) values (103,261,1,41,3,1,0,524,415,54,42,542,5,to_date('15/03/2012','DD/MM/RRRR'),'Usuario Alta',to_date('15/03/2012','DD/MM/RRRR'),'Usuario Eliminacion','I',1,to_date('15/03/2012','DD/MM/RRRR'),to_date('30/03/2012','DD/MM/RRRR'),'sss');
Insert into CURSOS.T_CONDICIONES_CURSO (ID_CONDICION_CURSO,ID_INSTITUCION,ID_ESTADO_CURSO,ID_CURSO,ID_NIVEL,ID_MODALIDAD,PROMEDIOREQUERIDO,CANTIDADEXAMENES,CANTIDADCLASES,PRESENTISMO,CARGAHORARIA,CUPO,PRESUPUESTO,FEC_ALTA,USR_ALTA,FEC_MODIF,USR_MODIF,ESTADO,ID_PROGRAMA,FEC_INICIO,FEC_FIN,NRO_RESOLUCION) values (104,261,1,41,3,1,0,3,20,80,52,45,5000,to_date('15/03/2012','DD/MM/RRRR'),'Usuario Alta',to_date('19/03/2012','DD/MM/RRRR'),'Usuario Eliminacion','I',1,to_date('15/03/2012','DD/MM/RRRR'),to_date('30/03/2012','DD/MM/RRRR'),'sss');
Insert into CURSOS.T_CONDICIONES_CURSO (ID_CONDICION_CURSO,ID_INSTITUCION,ID_ESTADO_CURSO,ID_CURSO,ID_NIVEL,ID_MODALIDAD,PROMEDIOREQUERIDO,CANTIDADEXAMENES,CANTIDADCLASES,PRESENTISMO,CARGAHORARIA,CUPO,PRESUPUESTO,FEC_ALTA,USR_ALTA,FEC_MODIF,USR_MODIF,ESTADO,ID_PROGRAMA,FEC_INICIO,FEC_FIN,NRO_RESOLUCION) values (105,261,1,41,3,1,0,5,5,5,56,5,80,to_date('15/03/2012','DD/MM/RRRR'),'Usuario Alta',to_date('15/03/2012','DD/MM/RRRR'),'Usuario Eliminacion','I',1,to_date('15/03/2012','DD/MM/RRRR'),to_date('15/03/2012','DD/MM/RRRR'),'sss');
Insert into CURSOS.T_CONDICIONES_CURSO (ID_CONDICION_CURSO,ID_INSTITUCION,ID_ESTADO_CURSO,ID_CURSO,ID_NIVEL,ID_MODALIDAD,PROMEDIOREQUERIDO,CANTIDADEXAMENES,CANTIDADCLASES,PRESENTISMO,CARGAHORARIA,CUPO,PRESUPUESTO,FEC_ALTA,USR_ALTA,FEC_MODIF,USR_MODIF,ESTADO,ID_PROGRAMA,FEC_INICIO,FEC_FIN,NRO_RESOLUCION) values (106,261,1,42,3,1,0,5,50,70,56,65,500,to_date('15/03/2012','DD/MM/RRRR'),'Usuario Alta',to_date('15/03/2012','DD/MM/RRRR'),'Usuario Modificacion','A',1,to_date('15/03/2012','DD/MM/RRRR'),to_date('15/03/2012','DD/MM/RRRR'),'5');
Insert into CURSOS.T_CONDICIONES_CURSO (ID_CONDICION_CURSO,ID_INSTITUCION,ID_ESTADO_CURSO,ID_CURSO,ID_NIVEL,ID_MODALIDAD,PROMEDIOREQUERIDO,CANTIDADEXAMENES,CANTIDADCLASES,PRESENTISMO,CARGAHORARIA,CUPO,PRESUPUESTO,FEC_ALTA,USR_ALTA,FEC_MODIF,USR_MODIF,ESTADO,ID_PROGRAMA,FEC_INICIO,FEC_FIN,NRO_RESOLUCION) values (107,261,1,81,3,1,0,2,2,2,50,2,5245,to_date('15/03/2012','DD/MM/RRRR'),'Usuario Alta',to_date('15/03/2012','DD/MM/RRRR'),'Usuario Modificacion','A',1,to_date('15/03/2012','DD/MM/RRRR'),to_date('28/03/2012','DD/MM/RRRR'),'2');
Insert into CURSOS.T_CONDICIONES_CURSO (ID_CONDICION_CURSO,ID_INSTITUCION,ID_ESTADO_CURSO,ID_CURSO,ID_NIVEL,ID_MODALIDAD,PROMEDIOREQUERIDO,CANTIDADEXAMENES,CANTIDADCLASES,PRESENTISMO,CARGAHORARIA,CUPO,PRESUPUESTO,FEC_ALTA,USR_ALTA,FEC_MODIF,USR_MODIF,ESTADO,ID_PROGRAMA,FEC_INICIO,FEC_FIN,NRO_RESOLUCION) values (108,261,1,41,3,1,0,55,5,54,52,5,52,to_date('15/03/2012','DD/MM/RRRR'),'Usuario Alta',to_date('15/03/2012','DD/MM/RRRR'),'Usuario Modificacion','A',1,to_date('15/03/2012','DD/MM/RRRR'),to_date('15/03/2012','DD/MM/RRRR'),'5');
Insert into CURSOS.T_CONDICIONES_CURSO (ID_CONDICION_CURSO,ID_INSTITUCION,ID_ESTADO_CURSO,ID_CURSO,ID_NIVEL,ID_MODALIDAD,PROMEDIOREQUERIDO,CANTIDADEXAMENES,CANTIDADCLASES,PRESENTISMO,CARGAHORARIA,CUPO,PRESUPUESTO,FEC_ALTA,USR_ALTA,FEC_MODIF,USR_MODIF,ESTADO,ID_PROGRAMA,FEC_INICIO,FEC_FIN,NRO_RESOLUCION) values (109,261,1,84,3,1,0,5,50,55,56,5,55,to_date('15/03/2012','DD/MM/RRRR'),'Usuario Alta',to_date('19/03/2012','DD/MM/RRRR'),'Usuario Eliminacion','I',1,to_date('15/03/2012','DD/MM/RRRR'),to_date('15/03/2012','DD/MM/RRRR'),'sss');
Insert into CURSOS.T_CONDICIONES_CURSO (ID_CONDICION_CURSO,ID_INSTITUCION,ID_ESTADO_CURSO,ID_CURSO,ID_NIVEL,ID_MODALIDAD,PROMEDIOREQUERIDO,CANTIDADEXAMENES,CANTIDADCLASES,PRESENTISMO,CARGAHORARIA,CUPO,PRESUPUESTO,FEC_ALTA,USR_ALTA,FEC_MODIF,USR_MODIF,ESTADO,ID_PROGRAMA,FEC_INICIO,FEC_FIN,NRO_RESOLUCION) values (110,261,1,41,3,1,0,5,5,5,5,55,5,to_date('15/03/2012','DD/MM/RRRR'),'Usuario Alta',to_date('19/03/2012','DD/MM/RRRR'),'Usuario Eliminacion','I',1,to_date('15/03/2012','DD/MM/RRRR'),to_date('15/03/2012','DD/MM/RRRR'),'sss');
Insert into CURSOS.T_CONDICIONES_CURSO (ID_CONDICION_CURSO,ID_INSTITUCION,ID_ESTADO_CURSO,ID_CURSO,ID_NIVEL,ID_MODALIDAD,PROMEDIOREQUERIDO,CANTIDADEXAMENES,CANTIDADCLASES,PRESENTISMO,CARGAHORARIA,CUPO,PRESUPUESTO,FEC_ALTA,USR_ALTA,FEC_MODIF,USR_MODIF,ESTADO,ID_PROGRAMA,FEC_INICIO,FEC_FIN,NRO_RESOLUCION) values (111,261,1,41,3,1,0,5,5,5,5,5,5,to_date('15/03/2012','DD/MM/RRRR'),'Usuario Alta',to_date('19/03/2012','DD/MM/RRRR'),'Usuario Eliminacion','I',1,to_date('15/03/2012','DD/MM/RRRR'),to_date('15/03/2012','DD/MM/RRRR'),'sss');
Insert into CURSOS.T_CONDICIONES_CURSO (ID_CONDICION_CURSO,ID_INSTITUCION,ID_ESTADO_CURSO,ID_CURSO,ID_NIVEL,ID_MODALIDAD,PROMEDIOREQUERIDO,CANTIDADEXAMENES,CANTIDADCLASES,PRESENTISMO,CARGAHORARIA,CUPO,PRESUPUESTO,FEC_ALTA,USR_ALTA,FEC_MODIF,USR_MODIF,ESTADO,ID_PROGRAMA,FEC_INICIO,FEC_FIN,NRO_RESOLUCION) values (112,261,1,41,3,1,0,5,5,2,52,2,2,to_date('15/03/2012','DD/MM/RRRR'),'Usuario Alta',to_date('15/03/2012','DD/MM/RRRR'),'Usuario Modificacion','A',1,to_date('15/03/2012','DD/MM/RRRR'),to_date('15/03/2012','DD/MM/RRRR'),'2');
Insert into CURSOS.T_CONDICIONES_CURSO (ID_CONDICION_CURSO,ID_INSTITUCION,ID_ESTADO_CURSO,ID_CURSO,ID_NIVEL,ID_MODALIDAD,PROMEDIOREQUERIDO,CANTIDADEXAMENES,CANTIDADCLASES,PRESENTISMO,CARGAHORARIA,CUPO,PRESUPUESTO,FEC_ALTA,USR_ALTA,FEC_MODIF,USR_MODIF,ESTADO,ID_PROGRAMA,FEC_INICIO,FEC_FIN,NRO_RESOLUCION) values (113,261,1,82,3,1,0,8,8,8,8,8,8,to_date('15/03/2012','DD/MM/RRRR'),'Usuario Alta',to_date('15/03/2012','DD/MM/RRRR'),'Usuario Modificacion','A',1,to_date('15/03/2012','DD/MM/RRRR'),to_date('15/03/2012','DD/MM/RRRR'),'8');
Insert into CURSOS.T_CONDICIONES_CURSO (ID_CONDICION_CURSO,ID_INSTITUCION,ID_ESTADO_CURSO,ID_CURSO,ID_NIVEL,ID_MODALIDAD,PROMEDIOREQUERIDO,CANTIDADEXAMENES,CANTIDADCLASES,PRESENTISMO,CARGAHORARIA,CUPO,PRESUPUESTO,FEC_ALTA,USR_ALTA,FEC_MODIF,USR_MODIF,ESTADO,ID_PROGRAMA,FEC_INICIO,FEC_FIN,NRO_RESOLUCION) values (114,261,1,83,3,1,0,88,88,88,88,88,88888,to_date('15/03/2012','DD/MM/RRRR'),'Usuario Alta',to_date('15/03/2012','DD/MM/RRRR'),'Usuario Modificacion','A',1,to_date('22/03/2012','DD/MM/RRRR'),to_date('15/03/2012','DD/MM/RRRR'),'8');
Insert into CURSOS.T_CONDICIONES_CURSO (ID_CONDICION_CURSO,ID_INSTITUCION,ID_ESTADO_CURSO,ID_CURSO,ID_NIVEL,ID_MODALIDAD,PROMEDIOREQUERIDO,CANTIDADEXAMENES,CANTIDADCLASES,PRESENTISMO,CARGAHORARIA,CUPO,PRESUPUESTO,FEC_ALTA,USR_ALTA,FEC_MODIF,USR_MODIF,ESTADO,ID_PROGRAMA,FEC_INICIO,FEC_FIN,NRO_RESOLUCION) values (115,261,1,41,3,1,0,88,8,88,88,88,8,to_date('15/03/2012','DD/MM/RRRR'),'Usuario Alta',to_date('15/03/2012','DD/MM/RRRR'),'Usuario Modificacion','A',1,to_date('15/03/2012','DD/MM/RRRR'),to_date('15/03/2012','DD/MM/RRRR'),'8');
Insert into CURSOS.T_CONDICIONES_CURSO (ID_CONDICION_CURSO,ID_INSTITUCION,ID_ESTADO_CURSO,ID_CURSO,ID_NIVEL,ID_MODALIDAD,PROMEDIOREQUERIDO,CANTIDADEXAMENES,CANTIDADCLASES,PRESENTISMO,CARGAHORARIA,CUPO,PRESUPUESTO,FEC_ALTA,USR_ALTA,FEC_MODIF,USR_MODIF,ESTADO,ID_PROGRAMA,FEC_INICIO,FEC_FIN,NRO_RESOLUCION) values (122,282,1,41,3,41,9,12,12,12,12,12,12,to_date('22/03/2012','DD/MM/RRRR'),'dario_res',to_date('22/03/2012','DD/MM/RRRR'),'dario_res','A',1,to_date('22/03/2012','DD/MM/RRRR'),to_date('22/03/2012','DD/MM/RRRR'),'1111');
Insert into CURSOS.T_CONDICIONES_CURSO (ID_CONDICION_CURSO,ID_INSTITUCION,ID_ESTADO_CURSO,ID_CURSO,ID_NIVEL,ID_MODALIDAD,PROMEDIOREQUERIDO,CANTIDADEXAMENES,CANTIDADCLASES,PRESENTISMO,CARGAHORARIA,CUPO,PRESUPUESTO,FEC_ALTA,USR_ALTA,FEC_MODIF,USR_MODIF,ESTADO,ID_PROGRAMA,FEC_INICIO,FEC_FIN,NRO_RESOLUCION) values (121,269,1,41,3,1,0,2,6,50,26,3,80,to_date('21/03/2012','DD/MM/RRRR'),'Usuario Alta',to_date('21/03/2012','DD/MM/RRRR'),'Usuario Modificacion','A',41,to_date('21/03/2012','DD/MM/RRRR'),to_date('21/03/2012','DD/MM/RRRR'),'juy');
REM INSERTING into CURSOS.T_CURSOS
Insert into CURSOS.T_CURSOS (ID_CURSO,N_CURSO,ESTADO,NRO_RESOLUCION,FEC_ALTA,USR_ALTA,FEC_MODIF,USR_MODIF,ID_AREA_TIPO_CURSO) values (41,'Diseño Web','A','123456',to_date('27/02/2012','DD/MM/RRRR'),'Test',to_date('09/03/2012','DD/MM/RRRR'),'Usuario Modificacion',1);
Insert into CURSOS.T_CURSOS (ID_CURSO,N_CURSO,ESTADO,NRO_RESOLUCION,FEC_ALTA,USR_ALTA,FEC_MODIF,USR_MODIF,ID_AREA_TIPO_CURSO) values (42,'Cocina','A','123456',to_date('27/02/2012','DD/MM/RRRR'),'Test',to_date('09/03/2012','DD/MM/RRRR'),'Usuario Modificacion',2);
Insert into CURSOS.T_CURSOS (ID_CURSO,N_CURSO,ESTADO,NRO_RESOLUCION,FEC_ALTA,USR_ALTA,FEC_MODIF,USR_MODIF,ID_AREA_TIPO_CURSO) values (23,'Abap Nivel Avanzado','I',null,to_date('14/02/2012','DD/MM/RRRR'),'Test',to_date('07/03/2012','DD/MM/RRRR'),'Usuario Eliminacion',1);
Insert into CURSOS.T_CURSOS (ID_CURSO,N_CURSO,ESTADO,NRO_RESOLUCION,FEC_ALTA,USR_ALTA,FEC_MODIF,USR_MODIF,ID_AREA_TIPO_CURSO) values (61,'Marketing','I',null,to_date('28/02/2012','DD/MM/RRRR'),'Test',to_date('07/03/2012','DD/MM/RRRR'),'Usuario Eliminacion',1);
Insert into CURSOS.T_CURSOS (ID_CURSO,N_CURSO,ESTADO,NRO_RESOLUCION,FEC_ALTA,USR_ALTA,FEC_MODIF,USR_MODIF,ID_AREA_TIPO_CURSO) values (81,'Programación','A','25',to_date('15/03/2012','DD/MM/RRRR'),'Usuario Alta',to_date('15/03/2012','DD/MM/RRRR'),'Usuario Modificacion',1);
Insert into CURSOS.T_CURSOS (ID_CURSO,N_CURSO,ESTADO,NRO_RESOLUCION,FEC_ALTA,USR_ALTA,FEC_MODIF,USR_MODIF,ID_AREA_TIPO_CURSO) values (82,'Testig','A','5',to_date('15/03/2012','DD/MM/RRRR'),'Usuario Alta',to_date('15/03/2012','DD/MM/RRRR'),'Usuario Modificacion',1);
Insert into CURSOS.T_CURSOS (ID_CURSO,N_CURSO,ESTADO,NRO_RESOLUCION,FEC_ALTA,USR_ALTA,FEC_MODIF,USR_MODIF,ID_AREA_TIPO_CURSO) values (83,'Master','A','5',to_date('15/03/2012','DD/MM/RRRR'),'Usuario Alta',to_date('15/03/2012','DD/MM/RRRR'),'Usuario Modificacion',1);
Insert into CURSOS.T_CURSOS (ID_CURSO,N_CURSO,ESTADO,NRO_RESOLUCION,FEC_ALTA,USR_ALTA,FEC_MODIF,USR_MODIF,ID_AREA_TIPO_CURSO) values (84,'Logica','A','5',to_date('15/03/2012','DD/MM/RRRR'),'Usuario Alta',to_date('15/03/2012','DD/MM/RRRR'),'Usuario Modificacion',1);
REM INSERTING into CURSOS.T_DETALLES_FACTURA
Insert into CURSOS.T_DETALLES_FACTURA (ID_DETALLE_FACTURA,ID_FACTURA,ITEM,MONTO,DESCRIPCION,FEC_ALTA,USR_ALTA,FEC_MODIF,USR_MODIF,ESTADO) values (81,101,'asd',123,'asdasd',to_date('19/03/2012','DD/MM/RRRR'),'dario',to_date('19/03/2012','DD/MM/RRRR'),'dario','A');
Insert into CURSOS.T_DETALLES_FACTURA (ID_DETALLE_FACTURA,ID_FACTURA,ITEM,MONTO,DESCRIPCION,FEC_ALTA,USR_ALTA,FEC_MODIF,USR_MODIF,ESTADO) values (86,106,'eee',123,'eee',to_date('20/03/2012','DD/MM/RRRR'),'dario',to_date('20/03/2012','DD/MM/RRRR'),'dario','A');
Insert into CURSOS.T_DETALLES_FACTURA (ID_DETALLE_FACTURA,ID_FACTURA,ITEM,MONTO,DESCRIPCION,FEC_ALTA,USR_ALTA,FEC_MODIF,USR_MODIF,ESTADO) values (96,116,'1',1,'1',to_date('20/03/2012','DD/MM/RRRR'),'Usuario Alta',to_date('20/03/2012','DD/MM/RRRR'),'Usuario Modificacion','A');
Insert into CURSOS.T_DETALLES_FACTURA (ID_DETALLE_FACTURA,ID_FACTURA,ITEM,MONTO,DESCRIPCION,FEC_ALTA,USR_ALTA,FEC_MODIF,USR_MODIF,ESTADO) values (97,117,'1',1,'1',to_date('20/03/2012','DD/MM/RRRR'),'Usuario Alta',to_date('20/03/2012','DD/MM/RRRR'),'Usuario Modificacion','A');
Insert into CURSOS.T_DETALLES_FACTURA (ID_DETALLE_FACTURA,ID_FACTURA,ITEM,MONTO,DESCRIPCION,FEC_ALTA,USR_ALTA,FEC_MODIF,USR_MODIF,ESTADO) values (61,81,'asdasd',500,'asd',to_date('10/03/2012','DD/MM/RRRR'),'Usuario Alta',to_date('10/03/2012','DD/MM/RRRR'),'Usuario Modificacion','A');
Insert into CURSOS.T_DETALLES_FACTURA (ID_DETALLE_FACTURA,ID_FACTURA,ITEM,MONTO,DESCRIPCION,FEC_ALTA,USR_ALTA,FEC_MODIF,USR_MODIF,ESTADO) values (83,103,'bhu',265,'ll',to_date('20/03/2012','DD/MM/RRRR'),'Usuario Alta',to_date('20/03/2012','DD/MM/RRRR'),'Usuario Modificacion','A');
Insert into CURSOS.T_DETALLES_FACTURA (ID_DETALLE_FACTURA,ID_FACTURA,ITEM,MONTO,DESCRIPCION,FEC_ALTA,USR_ALTA,FEC_MODIF,USR_MODIF,ESTADO) values (84,104,'123',123,'123',to_date('20/03/2012','DD/MM/RRRR'),'dario',to_date('20/03/2012','DD/MM/RRRR'),'dario','A');
Insert into CURSOS.T_DETALLES_FACTURA (ID_DETALLE_FACTURA,ID_FACTURA,ITEM,MONTO,DESCRIPCION,FEC_ALTA,USR_ALTA,FEC_MODIF,USR_MODIF,ESTADO) values (85,105,'kkkkkkkkkkkkkkkkkkkkkkkkkkkkkkkkkkkkkkkkkkkkkkkkkk',1546565,'lkñkjñjkllllkkkkkkkkkkkkkkkkkkkkkkkkkkkkkkkkkkkkkk',to_date('20/03/2012','DD/MM/RRRR'),'Usuario Alta',to_date('20/03/2012','DD/MM/RRRR'),'Usuario Modificacion','A');
Insert into CURSOS.T_DETALLES_FACTURA (ID_DETALLE_FACTURA,ID_FACTURA,ITEM,MONTO,DESCRIPCION,FEC_ALTA,USR_ALTA,FEC_MODIF,USR_MODIF,ESTADO) values (87,107,'ññññññññññññññññññññññññññññññññññññññññññññññññññ',21522222,'ñlllllllllkkkkj098764e587/ç._,.---- fggggg  
fg  
fgf',to_date('20/03/2012','DD/MM/RRRR'),'Usuario Alta',to_date('20/03/2012','DD/MM/RRRR'),'Usuario Modificacion','A');
Insert into CURSOS.T_DETALLES_FACTURA (ID_DETALLE_FACTURA,ID_FACTURA,ITEM,MONTO,DESCRIPCION,FEC_ALTA,USR_ALTA,FEC_MODIF,USR_MODIF,ESTADO) values (88,108,'kkkkkkkkkkkkkkkkkkkkkkkkkkkkkkkkkkkkkkkkkkkkkkkkkk',3565,'looooooooooooooooooooooooooooooooooooooooooooooooo',to_date('20/03/2012','DD/MM/RRRR'),'Usuario Alta',to_date('20/03/2012','DD/MM/RRRR'),'Usuario Modificacion','A');
Insert into CURSOS.T_DETALLES_FACTURA (ID_DETALLE_FACTURA,ID_FACTURA,ITEM,MONTO,DESCRIPCION,FEC_ALTA,USR_ALTA,FEC_MODIF,USR_MODIF,ESTADO) values (89,109,'5555555555555555555555',666,'mmmmmmmmmmmmmmmmmmmnnnnnnnnnnnnnnnnnnnnnnnn
nmnbmm',to_date('20/03/2012','DD/MM/RRRR'),'Usuario Alta',to_date('20/03/2012','DD/MM/RRRR'),'Usuario Modificacion','A');
Insert into CURSOS.T_DETALLES_FACTURA (ID_DETALLE_FACTURA,ID_FACTURA,ITEM,MONTO,DESCRIPCION,FEC_ALTA,USR_ALTA,FEC_MODIF,USR_MODIF,ESTADO) values (90,110,'hhhhhhhhhhhhhhhhhhhhhhhhhhhhhhhhhhhhhhhhhhhhhhhhhh',626262,'hhhhhhhhhhhhhhhhhhhhhhhhhhhhhhhhhhhhhhhhhhhhhhhhhh',to_date('20/03/2012','DD/MM/RRRR'),'Usuario Alta',to_date('20/03/2012','DD/MM/RRRR'),'Usuario Modificacion','A');
Insert into CURSOS.T_DETALLES_FACTURA (ID_DETALLE_FACTURA,ID_FACTURA,ITEM,MONTO,DESCRIPCION,FEC_ALTA,USR_ALTA,FEC_MODIF,USR_MODIF,ESTADO) values (91,111,'ggggggggggggggggfffffffffffffffftttttttttttttttttt',15255666,'ggggggggggggggggggggggghhhhhhhhhhhhhhhhhhhhhhhhhhh',to_date('20/03/2012','DD/MM/RRRR'),'Usuario Alta',to_date('20/03/2012','DD/MM/RRRR'),'Usuario Modificacion','A');
Insert into CURSOS.T_DETALLES_FACTURA (ID_DETALLE_FACTURA,ID_FACTURA,ITEM,MONTO,DESCRIPCION,FEC_ALTA,USR_ALTA,FEC_MODIF,USR_MODIF,ESTADO) values (92,112,'ffffffffffffffffffffffffffffffffffffffffffffffffff',2152152,'ffffffffffffffffffffffffffffffffffffffffffffffffff',to_date('20/03/2012','DD/MM/RRRR'),'Usuario Alta',to_date('20/03/2012','DD/MM/RRRR'),'Usuario Modificacion','A');
Insert into CURSOS.T_DETALLES_FACTURA (ID_DETALLE_FACTURA,ID_FACTURA,ITEM,MONTO,DESCRIPCION,FEC_ALTA,USR_ALTA,FEC_MODIF,USR_MODIF,ESTADO) values (93,113,'5',58,'5',to_date('20/03/2012','DD/MM/RRRR'),'Usuario Alta',to_date('20/03/2012','DD/MM/RRRR'),'Usuario Modificacion','A');
Insert into CURSOS.T_DETALLES_FACTURA (ID_DETALLE_FACTURA,ID_FACTURA,ITEM,MONTO,DESCRIPCION,FEC_ALTA,USR_ALTA,FEC_MODIF,USR_MODIF,ESTADO) values (94,114,'lk',6,'lk',to_date('20/03/2012','DD/MM/RRRR'),'Usuario Alta',to_date('20/03/2012','DD/MM/RRRR'),'Usuario Modificacion','A');
Insert into CURSOS.T_DETALLES_FACTURA (ID_DETALLE_FACTURA,ID_FACTURA,ITEM,MONTO,DESCRIPCION,FEC_ALTA,USR_ALTA,FEC_MODIF,USR_MODIF,ESTADO) values (95,115,'s',5,'s',to_date('20/03/2012','DD/MM/RRRR'),'Usuario Alta',to_date('20/03/2012','DD/MM/RRRR'),'Usuario Modificacion','A');
Insert into CURSOS.T_DETALLES_FACTURA (ID_DETALLE_FACTURA,ID_FACTURA,ITEM,MONTO,DESCRIPCION,FEC_ALTA,USR_ALTA,FEC_MODIF,USR_MODIF,ESTADO) values (82,102,'sss',1222,'sss',to_date('19/03/2012','DD/MM/RRRR'),'dario',to_date('19/03/2012','DD/MM/RRRR'),'dario','A');
REM INSERTING into CURSOS.T_DOCENTES
Insert into CURSOS.T_DOCENTES (ID_DOCENTE,ID_CARGO,N_MODALIDAD,FEC_ALTA,USR_ALTA,FEC_MODIF,USR_MODIF,ESTADO,REPROCA,PROVINCIA,LOCALIDAD,BARRIO,CALLE,NRO,RAZON_SOCIAL,CUIT_CUIL,NRO_RESOLUCION,DNI,ID_TIPO_DOCENTE,ROSOL_REPROCA,FEC_NACIMIENTO,TELEFONO,ID_USUARIO) values (84,1,'Semi',to_date('09/03/2012','DD/MM/RRRR'),'Usuario Alta',to_date('19/03/2012','DD/MM/RRRR'),'dario','A','S','8i7','i87i','i87i','8ii',0,'Antonieta  Kuz lalalalalaal','272733333336','12333333','2733333333',1,'22222',to_date('20/03/2012','DD/MM/RRRR'),'111111',null);
Insert into CURSOS.T_DOCENTES (ID_DOCENTE,ID_CARGO,N_MODALIDAD,FEC_ALTA,USR_ALTA,FEC_MODIF,USR_MODIF,ESTADO,REPROCA,PROVINCIA,LOCALIDAD,BARRIO,CALLE,NRO,RAZON_SOCIAL,CUIT_CUIL,NRO_RESOLUCION,DNI,ID_TIPO_DOCENTE,ROSOL_REPROCA,FEC_NACIMIENTO,TELEFONO,ID_USUARIO) values (1,1,'Web',to_date('16/02/2012','DD/MM/RRRR'),'Test',to_date('09/03/2012','DD/MM/RRRR'),'Usuario Modificacion','A','N',null,null,null,null,0,'Juliana Morano','2727222220','123333333','2920000000',2,'12345554',null,null,null);
Insert into CURSOS.T_DOCENTES (ID_DOCENTE,ID_CARGO,N_MODALIDAD,FEC_ALTA,USR_ALTA,FEC_MODIF,USR_MODIF,ESTADO,REPROCA,PROVINCIA,LOCALIDAD,BARRIO,CALLE,NRO,RAZON_SOCIAL,CUIT_CUIL,NRO_RESOLUCION,DNI,ID_TIPO_DOCENTE,ROSOL_REPROCA,FEC_NACIMIENTO,TELEFONO,ID_USUARIO) values (82,1,'Presencial',to_date('08/03/2012','DD/MM/RRRR'),'Usuario Alta',to_date('15/03/2012','DD/MM/RRRR'),'Usuario Modificacion','A','S','uyt','uyi','y','uyi',0,'Ramiro Luna','275555555556','2222222','5555555555',1,'4554554',null,null,null);
Insert into CURSOS.T_DOCENTES (ID_DOCENTE,ID_CARGO,N_MODALIDAD,FEC_ALTA,USR_ALTA,FEC_MODIF,USR_MODIF,ESTADO,REPROCA,PROVINCIA,LOCALIDAD,BARRIO,CALLE,NRO,RAZON_SOCIAL,CUIT_CUIL,NRO_RESOLUCION,DNI,ID_TIPO_DOCENTE,ROSOL_REPROCA,FEC_NACIMIENTO,TELEFONO,ID_USUARIO) values (83,1,'Test',to_date('08/03/2012','DD/MM/RRRR'),'Usuario Alta',to_date('08/03/2012','DD/MM/RRRR'),'Usuario Eliminacion','I','N','Test','Test','Test','Test',12,'Test','Test','Elimina 2222','Tets Dni',1,'Test',null,null,null);
Insert into CURSOS.T_DOCENTES (ID_DOCENTE,ID_CARGO,N_MODALIDAD,FEC_ALTA,USR_ALTA,FEC_MODIF,USR_MODIF,ESTADO,REPROCA,PROVINCIA,LOCALIDAD,BARRIO,CALLE,NRO,RAZON_SOCIAL,CUIT_CUIL,NRO_RESOLUCION,DNI,ID_TIPO_DOCENTE,ROSOL_REPROCA,FEC_NACIMIENTO,TELEFONO,ID_USUARIO) values (101,1,'9o9',to_date('15/03/2012','DD/MM/RRRR'),'Usuario Alta',to_date('15/03/2012','DD/MM/RRRR'),'Usuario Modificacion','A','N','9o9o9','9o987','o9o','9oo9o',2,'ol9o9999999999999999999999999999999999999999999999999999999999999','9o79o','o9o9o9o','9o79o',1,'9o9',null,null,null);
Insert into CURSOS.T_DOCENTES (ID_DOCENTE,ID_CARGO,N_MODALIDAD,FEC_ALTA,USR_ALTA,FEC_MODIF,USR_MODIF,ESTADO,REPROCA,PROVINCIA,LOCALIDAD,BARRIO,CALLE,NRO,RAZON_SOCIAL,CUIT_CUIL,NRO_RESOLUCION,DNI,ID_TIPO_DOCENTE,ROSOL_REPROCA,FEC_NACIMIENTO,TELEFONO,ID_USUARIO) values (102,1,'5o9l7oi98ki8kikiuk8i79o8kli,j,khk,jk,,k,kj,kjh,jk,kj,kj,jk,jk,jk',to_date('15/03/2012','DD/MM/RRRR'),'Usuario Alta',to_date('15/03/2012','DD/MM/RRRR'),'Usuario Eliminacion','I','N','kkkkkk','kkkkkkkkk','kkkkkkkk','kkkkkkkkk',6,'k,j,kj,,,,,,,,,,,,,,kkkkkkkkkkkkkkkkkkkkkkkkkkkkkkkkkkkkkkkkkkkkkkkk','kkk','yuu','kk',1,'kkkk',null,null,null);
Insert into CURSOS.T_DOCENTES (ID_DOCENTE,ID_CARGO,N_MODALIDAD,FEC_ALTA,USR_ALTA,FEC_MODIF,USR_MODIF,ESTADO,REPROCA,PROVINCIA,LOCALIDAD,BARRIO,CALLE,NRO,RAZON_SOCIAL,CUIT_CUIL,NRO_RESOLUCION,DNI,ID_TIPO_DOCENTE,ROSOL_REPROCA,FEC_NACIMIENTO,TELEFONO,ID_USUARIO) values (103,1,'lolllllllllllllllllllooooooooooooooooooooooooooooooooooooooooool',to_date('15/03/2012','DD/MM/RRRR'),'Usuario Alta',to_date('15/03/2012','DD/MM/RRRR'),'Usuario Modificacion','A','N','lol','lol','l','la',5,'kiykoiloiliolyoloiliolioliolioliololiok,jmhgngnghnghnhjmmkoiloiloiloi,lio','loiu,lko,lklikloololollololololololololololol','l','lolo',1,'lol',null,null,null);
REM INSERTING into CURSOS.T_DOCENTES_GRUPO
Insert into CURSOS.T_DOCENTES_GRUPO (ID_DOCENTES_GRUPO,ID_DOCENTE,ID_GRUPO,ID_CONDICION_CURSO,FEC_ALTA,USR_ALTA,FEC_MODIF,USR_MODIF,ESTADO) values (130,82,81,83,to_date('18/03/2012','DD/MM/RRRR'),'dario',to_date('18/03/2012','DD/MM/RRRR'),'dario','A');
Insert into CURSOS.T_DOCENTES_GRUPO (ID_DOCENTES_GRUPO,ID_DOCENTE,ID_GRUPO,ID_CONDICION_CURSO,FEC_ALTA,USR_ALTA,FEC_MODIF,USR_MODIF,ESTADO) values (127,84,101,45,to_date('18/03/2012','DD/MM/RRRR'),'dario',to_date('18/03/2012','DD/MM/RRRR'),'dario','A');
Insert into CURSOS.T_DOCENTES_GRUPO (ID_DOCENTES_GRUPO,ID_DOCENTE,ID_GRUPO,ID_CONDICION_CURSO,FEC_ALTA,USR_ALTA,FEC_MODIF,USR_MODIF,ESTADO) values (128,82,101,45,to_date('18/03/2012','DD/MM/RRRR'),'dario',to_date('18/03/2012','DD/MM/RRRR'),'dario','A');
Insert into CURSOS.T_DOCENTES_GRUPO (ID_DOCENTES_GRUPO,ID_DOCENTE,ID_GRUPO,ID_CONDICION_CURSO,FEC_ALTA,USR_ALTA,FEC_MODIF,USR_MODIF,ESTADO) values (142,84,81,83,to_date('20/03/2012','DD/MM/RRRR'),'dario',to_date('20/03/2012','DD/MM/RRRR'),'dario','A');
Insert into CURSOS.T_DOCENTES_GRUPO (ID_DOCENTES_GRUPO,ID_DOCENTE,ID_GRUPO,ID_CONDICION_CURSO,FEC_ALTA,USR_ALTA,FEC_MODIF,USR_MODIF,ESTADO) values (141,1,81,83,to_date('19/03/2012','DD/MM/RRRR'),'dario',to_date('19/03/2012','DD/MM/RRRR'),'dario','A');
REM INSERTING into CURSOS.T_DOCENTES_HORARIO
Insert into CURSOS.T_DOCENTES_HORARIO (ID_DOCENTE_HORARIO,ID_DOCENTE,ID_HORARIO,FEC_ALTA,USR_ALTA,FEC_MODIF,USR_MODIF,ESTADO,ID_GRUPO) values (1,82,21,to_date('18/03/2012','DD/MM/RRRR'),'dario',to_date('18/03/2012','DD/MM/RRRR'),'dario','A',81);
Insert into CURSOS.T_DOCENTES_HORARIO (ID_DOCENTE_HORARIO,ID_DOCENTE,ID_HORARIO,FEC_ALTA,USR_ALTA,FEC_MODIF,USR_MODIF,ESTADO,ID_GRUPO) values (22,84,21,to_date('20/03/2012','DD/MM/RRRR'),'dario',to_date('20/03/2012','DD/MM/RRRR'),'dario','A',81);
Insert into CURSOS.T_DOCENTES_HORARIO (ID_DOCENTE_HORARIO,ID_DOCENTE,ID_HORARIO,FEC_ALTA,USR_ALTA,FEC_MODIF,USR_MODIF,ESTADO,ID_GRUPO) values (21,1,21,to_date('19/03/2012','DD/MM/RRRR'),'dario',to_date('19/03/2012','DD/MM/RRRR'),'dario','A',81);
REM INSERTING into CURSOS.T_DOMICILIO
Insert into CURSOS.T_DOMICILIO (ID_DOMICILIO,PROVINCIA,LOCALIDAD,BARRIO,CALLE,NRO) values (1,'Cordoba','Capital','Sur','Zonda','1561');
Insert into CURSOS.T_DOMICILIO (ID_DOMICILIO,PROVINCIA,LOCALIDAD,BARRIO,CALLE,NRO) values (2,'Cordoba','Capital','Poeta Lugones','Romulo Carbia','3252');
Insert into CURSOS.T_DOMICILIO (ID_DOMICILIO,PROVINCIA,LOCALIDAD,BARRIO,CALLE,NRO) values (3,'Cordoba','Capital','Centro','Colon','578');
REM INSERTING into CURSOS.T_EQUIPOS
Insert into CURSOS.T_EQUIPOS (ID_EQUIPO,ID_ESTADO_EQUIPO,N_EQUIPOS,FEC_ALTA,USR_ALTA,FEC_MODIF,USR_MODIF,ESTADO) values (1,2,'Proyector',to_date('04/03/2012','DD/MM/RRRR'),'Usuario Alta',to_date('04/03/2012','DD/MM/RRRR'),'Usuario Modificacion','A');
Insert into CURSOS.T_EQUIPOS (ID_EQUIPO,ID_ESTADO_EQUIPO,N_EQUIPOS,FEC_ALTA,USR_ALTA,FEC_MODIF,USR_MODIF,ESTADO) values (21,2,'Test',to_date('19/03/2012','DD/MM/RRRR'),'dario',to_date('19/03/2012','DD/MM/RRRR'),'dario','A');
Insert into CURSOS.T_EQUIPOS (ID_EQUIPO,ID_ESTADO_EQUIPO,N_EQUIPOS,FEC_ALTA,USR_ALTA,FEC_MODIF,USR_MODIF,ESTADO) values (22,1,'sdsssdasda',to_date('20/03/2012','DD/MM/RRRR'),'Usuario Alta',to_date('20/03/2012','DD/MM/RRRR'),'Usuario Modificacion','A');
Insert into CURSOS.T_EQUIPOS (ID_EQUIPO,ID_ESTADO_EQUIPO,N_EQUIPOS,FEC_ALTA,USR_ALTA,FEC_MODIF,USR_MODIF,ESTADO) values (23,1,'mon',to_date('20/03/2012','DD/MM/RRRR'),'Usuario Alta',to_date('20/03/2012','DD/MM/RRRR'),'Usuario Modificacion','A');
Insert into CURSOS.T_EQUIPOS (ID_EQUIPO,ID_ESTADO_EQUIPO,N_EQUIPOS,FEC_ALTA,USR_ALTA,FEC_MODIF,USR_MODIF,ESTADO) values (24,1,'gfdgfd',to_date('20/03/2012','DD/MM/RRRR'),'Usuario Alta',to_date('20/03/2012','DD/MM/RRRR'),'Usuario Modificacion','A');
Insert into CURSOS.T_EQUIPOS (ID_EQUIPO,ID_ESTADO_EQUIPO,N_EQUIPOS,FEC_ALTA,USR_ALTA,FEC_MODIF,USR_MODIF,ESTADO) values (25,1,'fdgdfgfdgfd',to_date('20/03/2012','DD/MM/RRRR'),'Usuario Alta',to_date('20/03/2012','DD/MM/RRRR'),'Usuario Modificacion','A');
Insert into CURSOS.T_EQUIPOS (ID_EQUIPO,ID_ESTADO_EQUIPO,N_EQUIPOS,FEC_ALTA,USR_ALTA,FEC_MODIF,USR_MODIF,ESTADO) values (26,1,'fffffffffffggggggggggggggggggggggggggggggggggggggg',to_date('20/03/2012','DD/MM/RRRR'),'Usuario Alta',to_date('20/03/2012','DD/MM/RRRR'),'Usuario Modificacion','A');
Insert into CURSOS.T_EQUIPOS (ID_EQUIPO,ID_ESTADO_EQUIPO,N_EQUIPOS,FEC_ALTA,USR_ALTA,FEC_MODIF,USR_MODIF,ESTADO) values (27,2,'dfgdgd',to_date('20/03/2012','DD/MM/RRRR'),'Usuario Alta',to_date('20/03/2012','DD/MM/RRRR'),'Usuario Modificacion','A');
Insert into CURSOS.T_EQUIPOS (ID_EQUIPO,ID_ESTADO_EQUIPO,N_EQUIPOS,FEC_ALTA,USR_ALTA,FEC_MODIF,USR_MODIF,ESTADO) values (28,1,'fffffffffffffffffffffffffffffffggggggggggggggggggg',to_date('20/03/2012','DD/MM/RRRR'),'Usuario Alta',to_date('20/03/2012','DD/MM/RRRR'),'Usuario Modificacion','A');
Insert into CURSOS.T_EQUIPOS (ID_EQUIPO,ID_ESTADO_EQUIPO,N_EQUIPOS,FEC_ALTA,USR_ALTA,FEC_MODIF,USR_MODIF,ESTADO) values (29,1,'hggggggggggggggggggggggggggggggggggggggggggggggggg',to_date('20/03/2012','DD/MM/RRRR'),'Usuario Alta',to_date('20/03/2012','DD/MM/RRRR'),'Usuario Eliminacion','I');
Insert into CURSOS.T_EQUIPOS (ID_EQUIPO,ID_ESTADO_EQUIPO,N_EQUIPOS,FEC_ALTA,USR_ALTA,FEC_MODIF,USR_MODIF,ESTADO) values (30,2,'hjhgjhgjhg',to_date('20/03/2012','DD/MM/RRRR'),'Usuario Alta',to_date('20/03/2012','DD/MM/RRRR'),'Usuario Modificacion','A');
Insert into CURSOS.T_EQUIPOS (ID_EQUIPO,ID_ESTADO_EQUIPO,N_EQUIPOS,FEC_ALTA,USR_ALTA,FEC_MODIF,USR_MODIF,ESTADO) values (31,1,'hjghjh',to_date('20/03/2012','DD/MM/RRRR'),'Usuario Alta',to_date('20/03/2012','DD/MM/RRRR'),'Usuario Eliminacion','I');
Insert into CURSOS.T_EQUIPOS (ID_EQUIPO,ID_ESTADO_EQUIPO,N_EQUIPOS,FEC_ALTA,USR_ALTA,FEC_MODIF,USR_MODIF,ESTADO) values (32,1,'hjfhjfg',to_date('20/03/2012','DD/MM/RRRR'),'Usuario Alta',to_date('20/03/2012','DD/MM/RRRR'),'Usuario Modificacion','A');
Insert into CURSOS.T_EQUIPOS (ID_EQUIPO,ID_ESTADO_EQUIPO,N_EQUIPOS,FEC_ALTA,USR_ALTA,FEC_MODIF,USR_MODIF,ESTADO) values (33,1,'dsfsdfes543368763978%$&$&$%&$&%$%&$&%$&$&$&$&$&$&$',to_date('20/03/2012','DD/MM/RRRR'),'Usuario Alta',to_date('20/03/2012','DD/MM/RRRR'),'Usuario Modificacion','A');
Insert into CURSOS.T_EQUIPOS (ID_EQUIPO,ID_ESTADO_EQUIPO,N_EQUIPOS,FEC_ALTA,USR_ALTA,FEC_MODIF,USR_MODIF,ESTADO) values (34,1,'&&%%%%%%%%%%%%%%%%%%%%%%%%%%%%%%%%%%%%%%%%%%%%%%%%',to_date('20/03/2012','DD/MM/RRRR'),'Usuario Alta',to_date('20/03/2012','DD/MM/RRRR'),'Usuario Modificacion','A');
Insert into CURSOS.T_EQUIPOS (ID_EQUIPO,ID_ESTADO_EQUIPO,N_EQUIPOS,FEC_ALTA,USR_ALTA,FEC_MODIF,USR_MODIF,ESTADO) values (35,1,'555555555555555%%%%%%%%%%%4%%%%%%/////////////////',to_date('20/03/2012','DD/MM/RRRR'),'Usuario Alta',to_date('20/03/2012','DD/MM/RRRR'),'Usuario Modificacion','A');
Insert into CURSOS.T_EQUIPOS (ID_EQUIPO,ID_ESTADO_EQUIPO,N_EQUIPOS,FEC_ALTA,USR_ALTA,FEC_MODIF,USR_MODIF,ESTADO) values (36,1,'s',to_date('20/03/2012','DD/MM/RRRR'),'Usuario Alta',to_date('20/03/2012','DD/MM/RRRR'),'Usuario Modificacion','A');
Insert into CURSOS.T_EQUIPOS (ID_EQUIPO,ID_ESTADO_EQUIPO,N_EQUIPOS,FEC_ALTA,USR_ALTA,FEC_MODIF,USR_MODIF,ESTADO) values (37,1,'s',to_date('20/03/2012','DD/MM/RRRR'),'Usuario Alta',to_date('20/03/2012','DD/MM/RRRR'),'Usuario Modificacion','A');
REM INSERTING into CURSOS.T_ESTABLECIMINETOS
Insert into CURSOS.T_ESTABLECIMINETOS (ID_ESTABLECIMIENTO,ID_INSTITUCION,N_ESTABLECIMIENTO,FEC_ALTA,USR_ALTA,FEC_MODIF,USR_MODIF,ESTADO,PROVINCIA,LOCALIDAD,BARRIO,CALLE,NRO,DEPTO,TELEFONO,EMAIL,RESPONSABLE,NRO_RESOLUCION,TELEFONO_ESTABLACIMIENTO) values (121,164,'xxxxx',to_date('18/03/2012','DD/MM/RRRR'),'dario',to_date('18/03/2012','DD/MM/RRRR'),'dario','A',null,null,null,null,0,0,'xxx','xxx','xxxx',null,null);
Insert into CURSOS.T_ESTABLECIMINETOS (ID_ESTABLECIMIENTO,ID_INSTITUCION,N_ESTABLECIMIENTO,FEC_ALTA,USR_ALTA,FEC_MODIF,USR_MODIF,ESTADO,PROVINCIA,LOCALIDAD,BARRIO,CALLE,NRO,DEPTO,TELEFONO,EMAIL,RESPONSABLE,NRO_RESOLUCION,TELEFONO_ESTABLACIMIENTO) values (1,27,'Grl Belgrano',to_date('21/02/2012','DD/MM/RRRR'),'Test',to_date('18/03/2012','DD/MM/RRRR'),'dario','A','Proeeeeeeeeeeeeeeeeeeeeeeeeeeeeeeeeeeeeeeeeeeeeeee','-','-','-',0,0,'0351-156164696','dario_a_salas@hotmail.com','Dario Salas',null,null);
Insert into CURSOS.T_ESTABLECIMINETOS (ID_ESTABLECIMIENTO,ID_INSTITUCION,N_ESTABLECIMIENTO,FEC_ALTA,USR_ALTA,FEC_MODIF,USR_MODIF,ESTADO,PROVINCIA,LOCALIDAD,BARRIO,CALLE,NRO,DEPTO,TELEFONO,EMAIL,RESPONSABLE,NRO_RESOLUCION,TELEFONO_ESTABLACIMIENTO) values (81,164,'Test',to_date('04/03/2012','DD/MM/RRRR'),'Usuario Alta',to_date('04/03/2012','DD/MM/RRRR'),'Usuario Eliminacion','I',null,null,null,null,null,null,null,null,null,null,null);
Insert into CURSOS.T_ESTABLECIMINETOS (ID_ESTABLECIMIENTO,ID_INSTITUCION,N_ESTABLECIMIENTO,FEC_ALTA,USR_ALTA,FEC_MODIF,USR_MODIF,ESTADO,PROVINCIA,LOCALIDAD,BARRIO,CALLE,NRO,DEPTO,TELEFONO,EMAIL,RESPONSABLE,NRO_RESOLUCION,TELEFONO_ESTABLACIMIENTO) values (85,164,'Test',to_date('04/03/2012','DD/MM/RRRR'),'Usuario Alta',to_date('04/03/2012','DD/MM/RRRR'),'Usuario Eliminacion','I',null,null,null,null,null,null,null,null,null,null,null);
Insert into CURSOS.T_ESTABLECIMINETOS (ID_ESTABLECIMIENTO,ID_INSTITUCION,N_ESTABLECIMIENTO,FEC_ALTA,USR_ALTA,FEC_MODIF,USR_MODIF,ESTADO,PROVINCIA,LOCALIDAD,BARRIO,CALLE,NRO,DEPTO,TELEFONO,EMAIL,RESPONSABLE,NRO_RESOLUCION,TELEFONO_ESTABLACIMIENTO) values (94,164,'Test',to_date('04/03/2012','DD/MM/RRRR'),'Usuario Alta',to_date('04/03/2012','DD/MM/RRRR'),'Usuario Eliminacion','I',null,null,null,null,null,null,null,null,null,null,null);
Insert into CURSOS.T_ESTABLECIMINETOS (ID_ESTABLECIMIENTO,ID_INSTITUCION,N_ESTABLECIMIENTO,FEC_ALTA,USR_ALTA,FEC_MODIF,USR_MODIF,ESTADO,PROVINCIA,LOCALIDAD,BARRIO,CALLE,NRO,DEPTO,TELEFONO,EMAIL,RESPONSABLE,NRO_RESOLUCION,TELEFONO_ESTABLACIMIENTO) values (95,164,'Test',to_date('04/03/2012','DD/MM/RRRR'),'Usuario Alta',to_date('04/03/2012','DD/MM/RRRR'),'Usuario Eliminacion','I',null,null,null,null,null,null,null,null,null,null,null);
Insert into CURSOS.T_ESTABLECIMINETOS (ID_ESTABLECIMIENTO,ID_INSTITUCION,N_ESTABLECIMIENTO,FEC_ALTA,USR_ALTA,FEC_MODIF,USR_MODIF,ESTADO,PROVINCIA,LOCALIDAD,BARRIO,CALLE,NRO,DEPTO,TELEFONO,EMAIL,RESPONSABLE,NRO_RESOLUCION,TELEFONO_ESTABLACIMIENTO) values (101,27,'Propia del Colegio',to_date('08/03/2012','DD/MM/RRRR'),'Usuario Alta',to_date('09/03/2012','DD/MM/RRRR'),'Usuario Modificacion','A','Cordoba','Cordoba','Centro','Colon',778,0,'asd','dario_a_salas@hotmai','asd',null,null);
Insert into CURSOS.T_ESTABLECIMINETOS (ID_ESTABLECIMIENTO,ID_INSTITUCION,N_ESTABLECIMIENTO,FEC_ALTA,USR_ALTA,FEC_MODIF,USR_MODIF,ESTADO,PROVINCIA,LOCALIDAD,BARRIO,CALLE,NRO,DEPTO,TELEFONO,EMAIL,RESPONSABLE,NRO_RESOLUCION,TELEFONO_ESTABLACIMIENTO) values (141,261,'s1',to_date('19/03/2012','DD/MM/RRRR'),'Usuario Alta',to_date('19/03/2012','DD/MM/RRRR'),'Usuario Modificacion','A','Neuquén','Neuquén','Centro','cc',56,0,'c','c@hsdjkash.jdsk','c',null,null);
Insert into CURSOS.T_ESTABLECIMINETOS (ID_ESTABLECIMIENTO,ID_INSTITUCION,N_ESTABLECIMIENTO,FEC_ALTA,USR_ALTA,FEC_MODIF,USR_MODIF,ESTADO,PROVINCIA,LOCALIDAD,BARRIO,CALLE,NRO,DEPTO,TELEFONO,EMAIL,RESPONSABLE,NRO_RESOLUCION,TELEFONO_ESTABLACIMIENTO) values (142,261,'s2',to_date('19/03/2012','DD/MM/RRRR'),'Usuario Alta',to_date('19/03/2012','DD/MM/RRRR'),'Usuario Modificacion','A','Neuquén','Neuquén','nnnn','52',4,0,'254','ghgf@df.sd',',',null,null);
Insert into CURSOS.T_ESTABLECIMINETOS (ID_ESTABLECIMIENTO,ID_INSTITUCION,N_ESTABLECIMIENTO,FEC_ALTA,USR_ALTA,FEC_MODIF,USR_MODIF,ESTADO,PROVINCIA,LOCALIDAD,BARRIO,CALLE,NRO,DEPTO,TELEFONO,EMAIL,RESPONSABLE,NRO_RESOLUCION,TELEFONO_ESTABLACIMIENTO) values (161,269,'la casa de la fortuna bien cuidad la la provincia de Neuquén jm',to_date('21/03/2012','DD/MM/RRRR'),'Usuario Alta',to_date('21/03/2012','DD/MM/RRRR'),'Usuario Modificacion','A','gfd','fds','gfd','gfd',0,0,'gf','fg@sd.d','fgdfg',null,null);
REM INSERTING into CURSOS.T_ESTADOS_CAJA_CHICA
Insert into CURSOS.T_ESTADOS_CAJA_CHICA (ID_ESTADO_CAJA_CHICA,N_ESTADO_CAJA_CHICA,FEC_ALTA,USR_ALTA,FEC_MODIF,USR_MODIF,ESTADO) values (1,'Estado 1',to_date('03/03/2012','DD/MM/RRRR'),'Test',to_date('03/03/2012','DD/MM/RRRR'),'Test','A');
REM INSERTING into CURSOS.T_ESTADOS_CURSO
Insert into CURSOS.T_ESTADOS_CURSO (ID_ESTADO_CURSO,N_ESTADO_CURSO,FEC_ALTA,USR_ALTA,FEC_MODIF,USR_MODIF,ESTADO) values (1,'En Preparacion',to_date('20/02/2012','DD/MM/RRRR'),'Test',to_date('20/02/2012','DD/MM/RRRR'),'Test','A');
Insert into CURSOS.T_ESTADOS_CURSO (ID_ESTADO_CURSO,N_ESTADO_CURSO,FEC_ALTA,USR_ALTA,FEC_MODIF,USR_MODIF,ESTADO) values (21,'Aprobado',to_date('29/02/2012','DD/MM/RRRR'),'Test',to_date('29/02/2012','DD/MM/RRRR'),'Test','A');
Insert into CURSOS.T_ESTADOS_CURSO (ID_ESTADO_CURSO,N_ESTADO_CURSO,FEC_ALTA,USR_ALTA,FEC_MODIF,USR_MODIF,ESTADO) values (22,'En Curso',to_date('29/02/2012','DD/MM/RRRR'),'Test',to_date('29/02/2012','DD/MM/RRRR'),'Test','A');
Insert into CURSOS.T_ESTADOS_CURSO (ID_ESTADO_CURSO,N_ESTADO_CURSO,FEC_ALTA,USR_ALTA,FEC_MODIF,USR_MODIF,ESTADO) values (41,'Finalizado',to_date('07/03/2012','DD/MM/RRRR'),'Test',to_date('07/03/2012','DD/MM/RRRR'),'Test','A');
Insert into CURSOS.T_ESTADOS_CURSO (ID_ESTADO_CURSO,N_ESTADO_CURSO,FEC_ALTA,USR_ALTA,FEC_MODIF,USR_MODIF,ESTADO) values (42,'Cancelado',to_date('07/03/2012','DD/MM/RRRR'),'Test',to_date('07/03/2012','DD/MM/RRRR'),'Test','A');
REM INSERTING into CURSOS.T_ESTADOS_EQUIPO
Insert into CURSOS.T_ESTADOS_EQUIPO (ID_ESTADO_EQUIPO,N_ESTADO_EQUIPO,FEC_ALTA,USR_ALTA,FEC_MODIF,USR_MODIF,ESTADO) values (1,'En Mantenimiento',to_date('04/03/2012','DD/MM/RRRR'),'Test',to_date('04/03/2012','DD/MM/RRRR'),'Test','A');
Insert into CURSOS.T_ESTADOS_EQUIPO (ID_ESTADO_EQUIPO,N_ESTADO_EQUIPO,FEC_ALTA,USR_ALTA,FEC_MODIF,USR_MODIF,ESTADO) values (2,'Prestado',to_date('04/03/2012','DD/MM/RRRR'),'Test',to_date('04/03/2012','DD/MM/RRRR'),'Test','A');
REM INSERTING into CURSOS.T_EXAMENES
Insert into CURSOS.T_EXAMENES (ID_EXAMEN,FEC_EXAMEN,NRO_EXAMEN,FEC_ALTA,USR_ALTA,FEC_MODIF,USR_MODIF,ESTADO,NOTA,ID_INSCRIPCION) values (82,to_date('19/03/2012','DD/MM/RRRR'),1,to_date('19/03/2012','DD/MM/RRRR'),'Usuario Alta',to_date('19/03/2012','DD/MM/RRRR'),'Usuario Modificacion','A',5,123);
Insert into CURSOS.T_EXAMENES (ID_EXAMEN,FEC_EXAMEN,NRO_EXAMEN,FEC_ALTA,USR_ALTA,FEC_MODIF,USR_MODIF,ESTADO,NOTA,ID_INSCRIPCION) values (84,to_date('20/03/2012','DD/MM/RRRR'),2,to_date('19/03/2012','DD/MM/RRRR'),'Usuario Alta',to_date('19/03/2012','DD/MM/RRRR'),'Usuario Eliminacion','I',6,123);
Insert into CURSOS.T_EXAMENES (ID_EXAMEN,FEC_EXAMEN,NRO_EXAMEN,FEC_ALTA,USR_ALTA,FEC_MODIF,USR_MODIF,ESTADO,NOTA,ID_INSCRIPCION) values (85,to_date('19/03/2012','DD/MM/RRRR'),3,to_date('19/03/2012','DD/MM/RRRR'),'Usuario Alta',to_date('19/03/2012','DD/MM/RRRR'),'Usuario Modificacion','A',9,123);
Insert into CURSOS.T_EXAMENES (ID_EXAMEN,FEC_EXAMEN,NRO_EXAMEN,FEC_ALTA,USR_ALTA,FEC_MODIF,USR_MODIF,ESTADO,NOTA,ID_INSCRIPCION) values (87,to_date('19/03/2012','DD/MM/RRRR'),4,to_date('19/03/2012','DD/MM/RRRR'),'Usuario Alta',to_date('19/03/2012','DD/MM/RRRR'),'Usuario Modificacion','A',10,123);
Insert into CURSOS.T_EXAMENES (ID_EXAMEN,FEC_EXAMEN,NRO_EXAMEN,FEC_ALTA,USR_ALTA,FEC_MODIF,USR_MODIF,ESTADO,NOTA,ID_INSCRIPCION) values (88,to_date('19/03/2012','DD/MM/RRRR'),5,to_date('19/03/2012','DD/MM/RRRR'),'Usuario Alta',to_date('19/03/2012','DD/MM/RRRR'),'Usuario Eliminacion','I',10,123);
Insert into CURSOS.T_EXAMENES (ID_EXAMEN,FEC_EXAMEN,NRO_EXAMEN,FEC_ALTA,USR_ALTA,FEC_MODIF,USR_MODIF,ESTADO,NOTA,ID_INSCRIPCION) values (43,to_date('10/03/2012','DD/MM/RRRR'),2,to_date('10/03/2012','DD/MM/RRRR'),'Usuario Alta',to_date('10/03/2012','DD/MM/RRRR'),'Usuario Modificacion','A',9,61);
Insert into CURSOS.T_EXAMENES (ID_EXAMEN,FEC_EXAMEN,NRO_EXAMEN,FEC_ALTA,USR_ALTA,FEC_MODIF,USR_MODIF,ESTADO,NOTA,ID_INSCRIPCION) values (44,to_date('10/03/2012','DD/MM/RRRR'),1,to_date('10/03/2012','DD/MM/RRRR'),'Usuario Alta',to_date('10/03/2012','DD/MM/RRRR'),'Usuario Modificacion','A',6,62);
Insert into CURSOS.T_EXAMENES (ID_EXAMEN,FEC_EXAMEN,NRO_EXAMEN,FEC_ALTA,USR_ALTA,FEC_MODIF,USR_MODIF,ESTADO,NOTA,ID_INSCRIPCION) values (41,to_date('10/03/2012','DD/MM/RRRR'),1,to_date('10/03/2012','DD/MM/RRRR'),'Usuario Alta',to_date('10/03/2012','DD/MM/RRRR'),'Usuario Modificacion','A',6,61);
Insert into CURSOS.T_EXAMENES (ID_EXAMEN,FEC_EXAMEN,NRO_EXAMEN,FEC_ALTA,USR_ALTA,FEC_MODIF,USR_MODIF,ESTADO,NOTA,ID_INSCRIPCION) values (61,to_date('11/03/2012','DD/MM/RRRR'),1,to_date('11/03/2012','DD/MM/RRRR'),'Usuario Alta',to_date('11/03/2012','DD/MM/RRRR'),'Usuario Eliminacion','I',10,81);
Insert into CURSOS.T_EXAMENES (ID_EXAMEN,FEC_EXAMEN,NRO_EXAMEN,FEC_ALTA,USR_ALTA,FEC_MODIF,USR_MODIF,ESTADO,NOTA,ID_INSCRIPCION) values (81,to_date('19/03/2012','DD/MM/RRRR'),1,to_date('19/03/2012','DD/MM/RRRR'),'Usuario Alta',to_date('19/03/2012','DD/MM/RRRR'),'Usuario Modificacion','A',8,126);
REM INSERTING into CURSOS.T_FACTURAS
Insert into CURSOS.T_FACTURAS (ID_FACTURA,NRO_FACTURA,MONTO_TOTAL,CONCEPTO,FEC_ALTA,USR_ALTA,FEC_MODIF,USR_MODIF,ESTADO,ID_CONDICION_CURSO,LIQUIDADA,NRO_RESOLUCION) values (101,'1072835',0,'asdasd',to_date('19/03/2012','DD/MM/RRRR'),'dario',to_date('19/03/2012','DD/MM/RRRR'),'dario','A',83,'N',null);
Insert into CURSOS.T_FACTURAS (ID_FACTURA,NRO_FACTURA,MONTO_TOTAL,CONCEPTO,FEC_ALTA,USR_ALTA,FEC_MODIF,USR_MODIF,ESTADO,ID_CONDICION_CURSO,LIQUIDADA,NRO_RESOLUCION) values (106,'9890667',123,'eeee',to_date('20/03/2012','DD/MM/RRRR'),'dario',to_date('20/03/2012','DD/MM/RRRR'),'Usuario Eliminacion','A',83,'S',null);
Insert into CURSOS.T_FACTURAS (ID_FACTURA,NRO_FACTURA,MONTO_TOTAL,CONCEPTO,FEC_ALTA,USR_ALTA,FEC_MODIF,USR_MODIF,ESTADO,ID_CONDICION_CURSO,LIQUIDADA,NRO_RESOLUCION) values (116,'1',0,'1',to_date('20/03/2012','DD/MM/RRRR'),'Usuario Alta',to_date('20/03/2012','DD/MM/RRRR'),'Usuario Eliminacion','A',106,'S',null);
Insert into CURSOS.T_FACTURAS (ID_FACTURA,NRO_FACTURA,MONTO_TOTAL,CONCEPTO,FEC_ALTA,USR_ALTA,FEC_MODIF,USR_MODIF,ESTADO,ID_CONDICION_CURSO,LIQUIDADA,NRO_RESOLUCION) values (117,'1',0,'1',to_date('20/03/2012','DD/MM/RRRR'),'Usuario Alta',to_date('20/03/2012','DD/MM/RRRR'),'Usuario Modificacion','A',107,'N',null);
Insert into CURSOS.T_FACTURAS (ID_FACTURA,NRO_FACTURA,MONTO_TOTAL,CONCEPTO,FEC_ALTA,USR_ALTA,FEC_MODIF,USR_MODIF,ESTADO,ID_CONDICION_CURSO,LIQUIDADA,NRO_RESOLUCION) values (81,'7961189',0,'asdasd',to_date('10/03/2012','DD/MM/RRRR'),'Usuario Alta',to_date('11/03/2012','DD/MM/RRRR'),'Usuario Eliminacion','A',45,'S',null);
Insert into CURSOS.T_FACTURAS (ID_FACTURA,NRO_FACTURA,MONTO_TOTAL,CONCEPTO,FEC_ALTA,USR_ALTA,FEC_MODIF,USR_MODIF,ESTADO,ID_CONDICION_CURSO,LIQUIDADA,NRO_RESOLUCION) values (103,'757632',0,'lmkolp',to_date('20/03/2012','DD/MM/RRRR'),'Usuario Alta',to_date('20/03/2012','DD/MM/RRRR'),'Usuario Modificacion','A',106,'N',null);
Insert into CURSOS.T_FACTURAS (ID_FACTURA,NRO_FACTURA,MONTO_TOTAL,CONCEPTO,FEC_ALTA,USR_ALTA,FEC_MODIF,USR_MODIF,ESTADO,ID_CONDICION_CURSO,LIQUIDADA,NRO_RESOLUCION) values (104,'2950170',0,'123',to_date('20/03/2012','DD/MM/RRRR'),'dario',to_date('20/03/2012','DD/MM/RRRR'),'dario','A',83,'N',null);
Insert into CURSOS.T_FACTURAS (ID_FACTURA,NRO_FACTURA,MONTO_TOTAL,CONCEPTO,FEC_ALTA,USR_ALTA,FEC_MODIF,USR_MODIF,ESTADO,ID_CONDICION_CURSO,LIQUIDADA,NRO_RESOLUCION) values (105,'5253448',0,'lhkkkkkkkkkkkkkkkkkkkkkkkkkkkkkkkkkkkkkkkkkkkkkkkk',to_date('20/03/2012','DD/MM/RRRR'),'Usuario Alta',to_date('20/03/2012','DD/MM/RRRR'),'Usuario Modificacion','A',83,'N',null);
Insert into CURSOS.T_FACTURAS (ID_FACTURA,NRO_FACTURA,MONTO_TOTAL,CONCEPTO,FEC_ALTA,USR_ALTA,FEC_MODIF,USR_MODIF,ESTADO,ID_CONDICION_CURSO,LIQUIDADA,NRO_RESOLUCION) values (107,'3959519',0,'kjhnujhhhhhhhhhhhhhhhhhhhhhhhhhhhhhhhhhhhhhhhhhhhh',to_date('20/03/2012','DD/MM/RRRR'),'Usuario Alta',to_date('20/03/2012','DD/MM/RRRR'),'Usuario Modificacion','A',45,'N',null);
Insert into CURSOS.T_FACTURAS (ID_FACTURA,NRO_FACTURA,MONTO_TOTAL,CONCEPTO,FEC_ALTA,USR_ALTA,FEC_MODIF,USR_MODIF,ESTADO,ID_CONDICION_CURSO,LIQUIDADA,NRO_RESOLUCION) values (108,'4991170',0,'fg*/-/*-/45*/43-*5/-4*/*  
*/*  
*/*------------------',to_date('20/03/2012','DD/MM/RRRR'),'Usuario Alta',to_date('20/03/2012','DD/MM/RRRR'),'Usuario Modificacion','A',45,'N',null);
Insert into CURSOS.T_FACTURAS (ID_FACTURA,NRO_FACTURA,MONTO_TOTAL,CONCEPTO,FEC_ALTA,USR_ALTA,FEC_MODIF,USR_MODIF,ESTADO,ID_CONDICION_CURSO,LIQUIDADA,NRO_RESOLUCION) values (109,'7959182',0,'mmmmmmmmmmmmmmmmmm
mmmmmmmmmmmmmmmmmmmmmmmmmmmmmmm',to_date('20/03/2012','DD/MM/RRRR'),'Usuario Alta',to_date('20/03/2012','DD/MM/RRRR'),'Usuario Eliminacion','I',113,'N',null);
Insert into CURSOS.T_FACTURAS (ID_FACTURA,NRO_FACTURA,MONTO_TOTAL,CONCEPTO,FEC_ALTA,USR_ALTA,FEC_MODIF,USR_MODIF,ESTADO,ID_CONDICION_CURSO,LIQUIDADA,NRO_RESOLUCION) values (110,'hjgjhjhjh',0,'hhhhhhhhhhhhhhhhhhhhhhhhhhhhhhhhhhhhhhhhhhhhhhhhhh',to_date('20/03/2012','DD/MM/RRRR'),'Usuario Alta',to_date('20/03/2012','DD/MM/RRRR'),'Usuario Modificacion','A',107,'N',null);
Insert into CURSOS.T_FACTURAS (ID_FACTURA,NRO_FACTURA,MONTO_TOTAL,CONCEPTO,FEC_ALTA,USR_ALTA,FEC_MODIF,USR_MODIF,ESTADO,ID_CONDICION_CURSO,LIQUIDADA,NRO_RESOLUCION) values (111,'hhhhhhhhhhhhhhhhhhhhggggggggggggggggggh',0,'ggggggggggggghhhhhhhhhhhhhhhhhhhhhhhhhhhhhhhhhhhhh',to_date('20/03/2012','DD/MM/RRRR'),'Usuario Alta',to_date('20/03/2012','DD/MM/RRRR'),'Usuario Modificacion','A',106,'N',null);
Insert into CURSOS.T_FACTURAS (ID_FACTURA,NRO_FACTURA,MONTO_TOTAL,CONCEPTO,FEC_ALTA,USR_ALTA,FEC_MODIF,USR_MODIF,ESTADO,ID_CONDICION_CURSO,LIQUIDADA,NRO_RESOLUCION) values (112,'dfdrdddddddddddddddddddddddddddddddddddddddddddddd',0,'fdffffffffffffffffffffffffffffffffffffffffffffffff',to_date('20/03/2012','DD/MM/RRRR'),'Usuario Alta',to_date('20/03/2012','DD/MM/RRRR'),'Usuario Modificacion','A',108,'N',null);
Insert into CURSOS.T_FACTURAS (ID_FACTURA,NRO_FACTURA,MONTO_TOTAL,CONCEPTO,FEC_ALTA,USR_ALTA,FEC_MODIF,USR_MODIF,ESTADO,ID_CONDICION_CURSO,LIQUIDADA,NRO_RESOLUCION) values (113,'5',0,'5',to_date('20/03/2012','DD/MM/RRRR'),'Usuario Alta',to_date('20/03/2012','DD/MM/RRRR'),'Usuario Modificacion','A',107,'N',null);
Insert into CURSOS.T_FACTURAS (ID_FACTURA,NRO_FACTURA,MONTO_TOTAL,CONCEPTO,FEC_ALTA,USR_ALTA,FEC_MODIF,USR_MODIF,ESTADO,ID_CONDICION_CURSO,LIQUIDADA,NRO_RESOLUCION) values (114,'7207403',0,'lo',to_date('20/03/2012','DD/MM/RRRR'),'Usuario Alta',to_date('20/03/2012','DD/MM/RRRR'),'Usuario Modificacion','A',107,'N',null);
Insert into CURSOS.T_FACTURAS (ID_FACTURA,NRO_FACTURA,MONTO_TOTAL,CONCEPTO,FEC_ALTA,USR_ALTA,FEC_MODIF,USR_MODIF,ESTADO,ID_CONDICION_CURSO,LIQUIDADA,NRO_RESOLUCION) values (115,'juli',0,'s',to_date('20/03/2012','DD/MM/RRRR'),'Usuario Alta',to_date('20/03/2012','DD/MM/RRRR'),'Usuario Modificacion','A',107,'N',null);
Insert into CURSOS.T_FACTURAS (ID_FACTURA,NRO_FACTURA,MONTO_TOTAL,CONCEPTO,FEC_ALTA,USR_ALTA,FEC_MODIF,USR_MODIF,ESTADO,ID_CONDICION_CURSO,LIQUIDADA,NRO_RESOLUCION) values (102,'7385688',0,'sss',to_date('19/03/2012','DD/MM/RRRR'),'dario',to_date('19/03/2012','DD/MM/RRRR'),'dario','A',83,'N',null);
REM INSERTING into CURSOS.T_GRUPOS
Insert into CURSOS.T_GRUPOS (ID_GRUPO,ID_CONDICION_CURSO,ID_ESTABLECIMIENTO,CAPACIDAD,FEC_ALTA,USR_ALTA,FEC_MODIF,USR_MODIF,ESTADO,N_GRUPO,NRO_RESOLUCION) values (101,45,121,23,to_date('18/03/2012','DD/MM/RRRR'),'dario',to_date('18/03/2012','DD/MM/RRRR'),'dario','A','dddd','ddddd');
Insert into CURSOS.T_GRUPOS (ID_GRUPO,ID_CONDICION_CURSO,ID_ESTABLECIMIENTO,CAPACIDAD,FEC_ALTA,USR_ALTA,FEC_MODIF,USR_MODIF,ESTADO,N_GRUPO,NRO_RESOLUCION) values (22,1,1,123,to_date('21/02/2012','DD/MM/RRRR'),'Usuario Alta',to_date('21/02/2012','DD/MM/RRRR'),'Usuario Modificacion','A','Xb2 001',null);
Insert into CURSOS.T_GRUPOS (ID_GRUPO,ID_CONDICION_CURSO,ID_ESTABLECIMIENTO,CAPACIDAD,FEC_ALTA,USR_ALTA,FEC_MODIF,USR_MODIF,ESTADO,N_GRUPO,NRO_RESOLUCION) values (81,83,101,200,to_date('11/03/2012','DD/MM/RRRR'),'Usuario Alta',to_date('11/03/2012','DD/MM/RRRR'),'Usuario Modificacion','A','Test','0000');
Insert into CURSOS.T_GRUPOS (ID_GRUPO,ID_CONDICION_CURSO,ID_ESTABLECIMIENTO,CAPACIDAD,FEC_ALTA,USR_ALTA,FEC_MODIF,USR_MODIF,ESTADO,N_GRUPO,NRO_RESOLUCION) values (121,104,141,2,to_date('19/03/2012','DD/MM/RRRR'),'Usuario Alta',to_date('19/03/2012','DD/MM/RRRR'),'Usuario Modificacion','A','m1','4');
Insert into CURSOS.T_GRUPOS (ID_GRUPO,ID_CONDICION_CURSO,ID_ESTABLECIMIENTO,CAPACIDAD,FEC_ALTA,USR_ALTA,FEC_MODIF,USR_MODIF,ESTADO,N_GRUPO,NRO_RESOLUCION) values (122,104,142,1,to_date('19/03/2012','DD/MM/RRRR'),'Usuario Alta',to_date('19/03/2012','DD/MM/RRRR'),'Usuario Modificacion','A','m2','5');
Insert into CURSOS.T_GRUPOS (ID_GRUPO,ID_CONDICION_CURSO,ID_ESTABLECIMIENTO,CAPACIDAD,FEC_ALTA,USR_ALTA,FEC_MODIF,USR_MODIF,ESTADO,N_GRUPO,NRO_RESOLUCION) values (141,107,141,25,to_date('21/03/2012','DD/MM/RRRR'),'Usuario Alta',to_date('21/03/2012','DD/MM/RRRR'),'Usuario Modificacion','A','m1','sd');
Insert into CURSOS.T_GRUPOS (ID_GRUPO,ID_CONDICION_CURSO,ID_ESTABLECIMIENTO,CAPACIDAD,FEC_ALTA,USR_ALTA,FEC_MODIF,USR_MODIF,ESTADO,N_GRUPO,NRO_RESOLUCION) values (142,107,142,54,to_date('21/03/2012','DD/MM/RRRR'),'Usuario Alta',to_date('21/03/2012','DD/MM/RRRR'),'Usuario Modificacion','A','m2','sds');
Insert into CURSOS.T_GRUPOS (ID_GRUPO,ID_CONDICION_CURSO,ID_ESTABLECIMIENTO,CAPACIDAD,FEC_ALTA,USR_ALTA,FEC_MODIF,USR_MODIF,ESTADO,N_GRUPO,NRO_RESOLUCION) values (143,121,161,4,to_date('21/03/2012','DD/MM/RRRR'),'Usuario Alta',to_date('21/03/2012','DD/MM/RRRR'),'Usuario Modificacion','A','sadsa','df');
REM INSERTING into CURSOS.T_GRUPOS_HORARIO
Insert into CURSOS.T_GRUPOS_HORARIO (ID_HORARIO_GRUPO,ID_GRUPO,ID_HORARIO,FEC_ALTA,USR_ALTA,FEC_BAJA,USR_BAJA,ESTADO) values (27,101,21,to_date('18/03/2012','DD/MM/RRRR'),'dario',to_date('18/03/2012','DD/MM/RRRR'),'dario','A');
Insert into CURSOS.T_GRUPOS_HORARIO (ID_HORARIO_GRUPO,ID_GRUPO,ID_HORARIO,FEC_ALTA,USR_ALTA,FEC_BAJA,USR_BAJA,ESTADO) values (41,81,21,to_date('19/03/2012','DD/MM/RRRR'),'dario',to_date('19/03/2012','DD/MM/RRRR'),'dario','A');
REM INSERTING into CURSOS.T_HORARIOS
Insert into CURSOS.T_HORARIOS (ID_HORARIO,HR_INICIO,HR_FIN,HR_DIASEMANA,HR_AÑO,HR_MES,FEC_ALTA,USR_ALTA,FEC_MODIF,USR_MODIF,ESTADO) values (21,'09:00','10:00','Lunes','2012','Marzo',to_date('11/03/2012','DD/MM/RRRR'),'Desde Bd',to_date('11/03/2012','DD/MM/RRRR'),'Desde Bd','A');
REM INSERTING into CURSOS.T_INSCRIPCIONES
Insert into CURSOS.T_INSCRIPCIONES (ID_INSCRIPCION,ID_ALUMNO,FECHA,DESCRIPCION,FEC_ALTA,USR_ALTA,FEC_MODIF,USR_MODIF,ESTADO,ID_CONDICION_CURSO,APROBO) values (141,141,to_date('22/03/2012','DD/MM/RRRR'),'dddd',to_date('22/03/2012','DD/MM/RRRR'),'dario_res',to_date('22/03/2012','DD/MM/RRRR'),'dario_res','A',122,'F');
Insert into CURSOS.T_INSCRIPCIONES (ID_INSCRIPCION,ID_ALUMNO,FECHA,DESCRIPCION,FEC_ALTA,USR_ALTA,FEC_MODIF,USR_MODIF,ESTADO,ID_CONDICION_CURSO,APROBO) values (101,101,to_date('12/03/2012','DD/MM/RRRR'),'dddddd',to_date('12/03/2012','DD/MM/RRRR'),'Usuario Alta',to_date('12/03/2012','DD/MM/RRRR'),'Usuario Modificacion','A',1,'F');
Insert into CURSOS.T_INSCRIPCIONES (ID_INSCRIPCION,ID_ALUMNO,FECHA,DESCRIPCION,FEC_ALTA,USR_ALTA,FEC_MODIF,USR_MODIF,ESTADO,ID_CONDICION_CURSO,APROBO) values (61,1,to_date('10/03/2012','DD/MM/RRRR'),'la ultima',to_date('10/03/2012','DD/MM/RRRR'),'Usuario Alta',to_date('10/03/2012','DD/MM/RRRR'),'Usuario Modificacion','A',1,'F');
Insert into CURSOS.T_INSCRIPCIONES (ID_INSCRIPCION,ID_ALUMNO,FECHA,DESCRIPCION,FEC_ALTA,USR_ALTA,FEC_MODIF,USR_MODIF,ESTADO,ID_CONDICION_CURSO,APROBO) values (62,82,to_date('10/03/2012','DD/MM/RRRR'),'Ahora',to_date('10/03/2012','DD/MM/RRRR'),'Usuario Alta',to_date('10/03/2012','DD/MM/RRRR'),'Usuario Modificacion','A',45,'F');
Insert into CURSOS.T_INSCRIPCIONES (ID_INSCRIPCION,ID_ALUMNO,FECHA,DESCRIPCION,FEC_ALTA,USR_ALTA,FEC_MODIF,USR_MODIF,ESTADO,ID_CONDICION_CURSO,APROBO) values (81,101,to_date('11/03/2012','DD/MM/RRRR'),'Test',to_date('11/03/2012','DD/MM/RRRR'),'Usuario Alta',to_date('11/03/2012','DD/MM/RRRR'),'Usuario Modificacion','A',83,'F');
Insert into CURSOS.T_INSCRIPCIONES (ID_INSCRIPCION,ID_ALUMNO,FECHA,DESCRIPCION,FEC_ALTA,USR_ALTA,FEC_MODIF,USR_MODIF,ESTADO,ID_CONDICION_CURSO,APROBO) values (127,121,to_date('20/03/2012','DD/MM/RRRR'),'jjh',to_date('20/03/2012','DD/MM/RRRR'),'Usuario Alta',to_date('20/03/2012','DD/MM/RRRR'),'Usuario Eliminacion','I',107,'F');
Insert into CURSOS.T_INSCRIPCIONES (ID_INSCRIPCION,ID_ALUMNO,FECHA,DESCRIPCION,FEC_ALTA,USR_ALTA,FEC_MODIF,USR_MODIF,ESTADO,ID_CONDICION_CURSO,APROBO) values (128,124,to_date('20/03/2012','DD/MM/RRRR'),'fdfarferew',to_date('20/03/2012','DD/MM/RRRR'),'Usuario Alta',to_date('20/03/2012','DD/MM/RRRR'),'Usuario Modificacion','A',83,'F');
Insert into CURSOS.T_INSCRIPCIONES (ID_INSCRIPCION,ID_ALUMNO,FECHA,DESCRIPCION,FEC_ALTA,USR_ALTA,FEC_MODIF,USR_MODIF,ESTADO,ID_CONDICION_CURSO,APROBO) values (121,121,to_date('19/03/2012','DD/MM/RRRR'),'Incripción',to_date('19/03/2012','DD/MM/RRRR'),'Usuario Alta',to_date('19/03/2012','DD/MM/RRRR'),'Usuario Modificacion','A',104,'F');
Insert into CURSOS.T_INSCRIPCIONES (ID_INSCRIPCION,ID_ALUMNO,FECHA,DESCRIPCION,FEC_ALTA,USR_ALTA,FEC_MODIF,USR_MODIF,ESTADO,ID_CONDICION_CURSO,APROBO) values (123,121,to_date('19/03/2012','DD/MM/RRRR'),'jhgjg',to_date('19/03/2012','DD/MM/RRRR'),'Usuario Alta',to_date('19/03/2012','DD/MM/RRRR'),'Usuario Modificacion','A',106,'F');
Insert into CURSOS.T_INSCRIPCIONES (ID_INSCRIPCION,ID_ALUMNO,FECHA,DESCRIPCION,FEC_ALTA,USR_ALTA,FEC_MODIF,USR_MODIF,ESTADO,ID_CONDICION_CURSO,APROBO) values (124,103,to_date('19/03/2012','DD/MM/RRRR'),'ji',to_date('19/03/2012','DD/MM/RRRR'),'Usuario Alta',to_date('19/03/2012','DD/MM/RRRR'),'Usuario Modificacion','A',104,'F');
Insert into CURSOS.T_INSCRIPCIONES (ID_INSCRIPCION,ID_ALUMNO,FECHA,DESCRIPCION,FEC_ALTA,USR_ALTA,FEC_MODIF,USR_MODIF,ESTADO,ID_CONDICION_CURSO,APROBO) values (125,101,to_date('19/03/2012','DD/MM/RRRR'),'dds',to_date('19/03/2012','DD/MM/RRRR'),'Usuario Alta',to_date('19/03/2012','DD/MM/RRRR'),'Usuario Modificacion','A',104,'F');
Insert into CURSOS.T_INSCRIPCIONES (ID_INSCRIPCION,ID_ALUMNO,FECHA,DESCRIPCION,FEC_ALTA,USR_ALTA,FEC_MODIF,USR_MODIF,ESTADO,ID_CONDICION_CURSO,APROBO) values (126,1,to_date('19/03/2012','DD/MM/RRRR'),'jjh',to_date('19/03/2012','DD/MM/RRRR'),'Usuario Alta',to_date('19/03/2012','DD/MM/RRRR'),'Usuario Modificacion','A',104,'F');
REM INSERTING into CURSOS.T_INSTITUCIONES
Insert into CURSOS.T_INSTITUCIONES (ID_INSTITUCION,N_INSTITUCION,INS_PROPIA,FEC_ALTA,USR_ALTA,FEC_MODIF,USR_MODIF,ESTADO,PROVINCIA,LOCALIDAD,BARRIO,CALLE,NRO,DEPTO,NRO_EXPEDIENTE,NRO_RESOLUCION,TELEFONO) values (242,'Dario','0',to_date('12/03/2012','DD/MM/RRRR'),'Usuario Alta',to_date('12/03/2012','DD/MM/RRRR'),'Usuario Eliminacion','I','asd','asd','asd',null,0,0,'asd','asdasd',null);
Insert into CURSOS.T_INSTITUCIONES (ID_INSTITUCION,N_INSTITUCION,INS_PROPIA,FEC_ALTA,USR_ALTA,FEC_MODIF,USR_MODIF,ESTADO,PROVINCIA,LOCALIDAD,BARRIO,CALLE,NRO,DEPTO,NRO_EXPEDIENTE,NRO_RESOLUCION,TELEFONO) values (243,'San Salvador 1','1',to_date('12/03/2012','DD/MM/RRRR'),'Usuario Alta',to_date('15/03/2012','DD/MM/RRRR'),'Usuario Modificacion','A','Cordoba','Cordoba','Poeta Lugones',null,1250,0,'123456','123456',null);
Insert into CURSOS.T_INSTITUCIONES (ID_INSTITUCION,N_INSTITUCION,INS_PROPIA,FEC_ALTA,USR_ALTA,FEC_MODIF,USR_MODIF,ESTADO,PROVINCIA,LOCALIDAD,BARRIO,CALLE,NRO,DEPTO,NRO_EXPEDIENTE,NRO_RESOLUCION,TELEFONO) values (221,'12345678901234567890123456789012345678901234567890','1',to_date('12/03/2012','DD/MM/RRRR'),'Usuario Alta',to_date('12/03/2012','DD/MM/RRRR'),'Usuario Eliminacion','I','12345678901234567890123456789012345678901234567890','12345678901234567890123456789012345678901234567890','12345678901234567890123456789012345678901234567890',null,222,0,'sdfgsdfgs','asdasd',null);
Insert into CURSOS.T_INSTITUCIONES (ID_INSTITUCION,N_INSTITUCION,INS_PROPIA,FEC_ALTA,USR_ALTA,FEC_MODIF,USR_MODIF,ESTADO,PROVINCIA,LOCALIDAD,BARRIO,CALLE,NRO,DEPTO,NRO_EXPEDIENTE,NRO_RESOLUCION,TELEFONO) values (26,'Cervantes','0',to_date('08/02/2012','DD/MM/RRRR'),'Test',to_date('27/02/2012','DD/MM/RRRR'),'Usuario Eliminacion','I',null,null,null,null,null,null,null,null,null);
Insert into CURSOS.T_INSTITUCIONES (ID_INSTITUCION,N_INSTITUCION,INS_PROPIA,FEC_ALTA,USR_ALTA,FEC_MODIF,USR_MODIF,ESTADO,PROVINCIA,LOCALIDAD,BARRIO,CALLE,NRO,DEPTO,NRO_EXPEDIENTE,NRO_RESOLUCION,TELEFONO) values (27,'Corazon de Maria','1',to_date('08/02/2012','DD/MM/RRRR'),'Test',to_date('06/03/2012','DD/MM/RRRR'),'Usuario Modificacion','A','Test','Test','Test',null,122,12,'Test','Test',null);
Insert into CURSOS.T_INSTITUCIONES (ID_INSTITUCION,N_INSTITUCION,INS_PROPIA,FEC_ALTA,USR_ALTA,FEC_MODIF,USR_MODIF,ESTADO,PROVINCIA,LOCALIDAD,BARRIO,CALLE,NRO,DEPTO,NRO_EXPEDIENTE,NRO_RESOLUCION,TELEFONO) values (164,'Sipsa','0',to_date('04/03/2012','DD/MM/RRRR'),'Usuario Alta',to_date('04/03/2012','DD/MM/RRRR'),'Usuario Modificacion','A',null,null,null,null,null,null,null,null,null);
Insert into CURSOS.T_INSTITUCIONES (ID_INSTITUCION,N_INSTITUCION,INS_PROPIA,FEC_ALTA,USR_ALTA,FEC_MODIF,USR_MODIF,ESTADO,PROVINCIA,LOCALIDAD,BARRIO,CALLE,NRO,DEPTO,NRO_EXPEDIENTE,NRO_RESOLUCION,TELEFONO) values (181,'sdfsdf','0',to_date('06/03/2012','DD/MM/RRRR'),'Usuario Alta',to_date('06/03/2012','DD/MM/RRRR'),'Usuario Eliminacion','I','Dario','Dario','Dario',null,0,0,'Dario','Dario',null);
Insert into CURSOS.T_INSTITUCIONES (ID_INSTITUCION,N_INSTITUCION,INS_PROPIA,FEC_ALTA,USR_ALTA,FEC_MODIF,USR_MODIF,ESTADO,PROVINCIA,LOCALIDAD,BARRIO,CALLE,NRO,DEPTO,NRO_EXPEDIENTE,NRO_RESOLUCION,TELEFONO) values (201,'Test','0',to_date('07/03/2012','DD/MM/RRRR'),'Usuario Alta',to_date('07/03/2012','DD/MM/RRRR'),'Usuario Eliminacion','I','Test','Test','Test',null,12,0,'Test','Test 2',null);
Insert into CURSOS.T_INSTITUCIONES (ID_INSTITUCION,N_INSTITUCION,INS_PROPIA,FEC_ALTA,USR_ALTA,FEC_MODIF,USR_MODIF,ESTADO,PROVINCIA,LOCALIDAD,BARRIO,CALLE,NRO,DEPTO,NRO_EXPEDIENTE,NRO_RESOLUCION,TELEFONO) values (261,'Juliana','1',to_date('15/03/2012','DD/MM/RRRR'),'Usuario Alta',to_date('15/03/2012','DD/MM/RRRR'),'Usuario Modificacion','A','Neuquén','Neuquén','Centro',null,23,2,'3','2',null);
Insert into CURSOS.T_INSTITUCIONES (ID_INSTITUCION,N_INSTITUCION,INS_PROPIA,FEC_ALTA,USR_ALTA,FEC_MODIF,USR_MODIF,ESTADO,PROVINCIA,LOCALIDAD,BARRIO,CALLE,NRO,DEPTO,NRO_EXPEDIENTE,NRO_RESOLUCION,TELEFONO) values (262,'fdgfdgdfgdfggggggggggggggggggggggggggggggggggggggggggggggggggggg','0',to_date('15/03/2012','DD/MM/RRRR'),'Usuario Alta',to_date('15/03/2012','DD/MM/RRRR'),'Usuario Modificacion','A','gfgfgfg','gfhf','gfhgfggggggggggggggggggggggggggggggggggggggggggggggggggggggggggggggggg',null,122,12,'gggg','ggg',null);
Insert into CURSOS.T_INSTITUCIONES (ID_INSTITUCION,N_INSTITUCION,INS_PROPIA,FEC_ALTA,USR_ALTA,FEC_MODIF,USR_MODIF,ESTADO,PROVINCIA,LOCALIDAD,BARRIO,CALLE,NRO,DEPTO,NRO_EXPEDIENTE,NRO_RESOLUCION,TELEFONO) values (263,'gfdgfdgffffffffffffffffffffffffffffffddddddddddddddddddtttttttee','0',to_date('15/03/2012','DD/MM/RRRR'),'Usuario Alta',to_date('15/03/2012','DD/MM/RRRR'),'Usuario Modificacion','A','fggfggfd','fds','fdg',null,855,96,'fgfd','fgfd',null);
Insert into CURSOS.T_INSTITUCIONES (ID_INSTITUCION,N_INSTITUCION,INS_PROPIA,FEC_ALTA,USR_ALTA,FEC_MODIF,USR_MODIF,ESTADO,PROVINCIA,LOCALIDAD,BARRIO,CALLE,NRO,DEPTO,NRO_EXPEDIENTE,NRO_RESOLUCION,TELEFONO) values (264,'gggggggggggggggggggfffffffffffffffffffffffffffffffffffffffffffff','0',to_date('15/03/2012','DD/MM/RRRR'),'Usuario Alta',to_date('15/03/2012','DD/MM/RRRR'),'Usuario Modificacion','A','fgdg','fgd','fgd',null,0,0,'gfdg','gfdg',null);
Insert into CURSOS.T_INSTITUCIONES (ID_INSTITUCION,N_INSTITUCION,INS_PROPIA,FEC_ALTA,USR_ALTA,FEC_MODIF,USR_MODIF,ESTADO,PROVINCIA,LOCALIDAD,BARRIO,CALLE,NRO,DEPTO,NRO_EXPEDIENTE,NRO_RESOLUCION,TELEFONO) values (265,'hguj','0',to_date('15/03/2012','DD/MM/RRRR'),'Usuario Alta',to_date('15/03/2012','DD/MM/RRRR'),'Usuario Modificacion','A','hg','jhg','hg',null,0,0,'hgj','jhgj',null);
Insert into CURSOS.T_INSTITUCIONES (ID_INSTITUCION,N_INSTITUCION,INS_PROPIA,FEC_ALTA,USR_ALTA,FEC_MODIF,USR_MODIF,ESTADO,PROVINCIA,LOCALIDAD,BARRIO,CALLE,NRO,DEPTO,NRO_EXPEDIENTE,NRO_RESOLUCION,TELEFONO) values (266,'hhhhhhhhhhhhhhhhhhhhhhhhhhhhhhhhhhhhhhhhhhhhhhhhhhhhhhhhhhhhhhhh','0',to_date('15/03/2012','DD/MM/RRRR'),'Usuario Alta',to_date('15/03/2012','DD/MM/RRRR'),'Usuario Modificacion','A','hjhg','hjg','hgj',null,0,0,'jgh','jgh',null);
Insert into CURSOS.T_INSTITUCIONES (ID_INSTITUCION,N_INSTITUCION,INS_PROPIA,FEC_ALTA,USR_ALTA,FEC_MODIF,USR_MODIF,ESTADO,PROVINCIA,LOCALIDAD,BARRIO,CALLE,NRO,DEPTO,NRO_EXPEDIENTE,NRO_RESOLUCION,TELEFONO) values (267,'hhhhhhhhhhggggggggggggggggggggggggggggggggggggggffffffffffffffff','0',to_date('15/03/2012','DD/MM/RRRR'),'Usuario Alta',to_date('15/03/2012','DD/MM/RRRR'),'Usuario Modificacion','A','jujytjtu','h','gfhgfggggggggggggggggggggggggggggggggggggggggggggggggggggggggggggggggg',null,0,0,'g','g',null);
Insert into CURSOS.T_INSTITUCIONES (ID_INSTITUCION,N_INSTITUCION,INS_PROPIA,FEC_ALTA,USR_ALTA,FEC_MODIF,USR_MODIF,ESTADO,PROVINCIA,LOCALIDAD,BARRIO,CALLE,NRO,DEPTO,NRO_EXPEDIENTE,NRO_RESOLUCION,TELEFONO) values (268,'hjhgffgyhgthrtyrtyrtyrtyrtyrtyrtytrytryrtyrtyrty%&/%&/%/%/&%/545','0',to_date('15/03/2012','DD/MM/RRRR'),'Usuario Alta',to_date('15/03/2012','DD/MM/RRRR'),'Usuario Modificacion','A','hgfhgfh','hgf','hgj',null,0,0,'hgj','h',null);
Insert into CURSOS.T_INSTITUCIONES (ID_INSTITUCION,N_INSTITUCION,INS_PROPIA,FEC_ALTA,USR_ALTA,FEC_MODIF,USR_MODIF,ESTADO,PROVINCIA,LOCALIDAD,BARRIO,CALLE,NRO,DEPTO,NRO_EXPEDIENTE,NRO_RESOLUCION,TELEFONO) values (269,'$$$$$$$$$$$$$$$$$$$$$$$$$$$$$$$$$$$$$$$$$$$$$$$$$$$$$$$$$$$$$$$$','0',to_date('15/03/2012','DD/MM/RRRR'),'Usuario Alta',to_date('19/03/2012','DD/MM/RRRR'),'dario','A','ñ','ñ','ñ',null,0,0,'ñ','ñ','22');
Insert into CURSOS.T_INSTITUCIONES (ID_INSTITUCION,N_INSTITUCION,INS_PROPIA,FEC_ALTA,USR_ALTA,FEC_MODIF,USR_MODIF,ESTADO,PROVINCIA,LOCALIDAD,BARRIO,CALLE,NRO,DEPTO,NRO_EXPEDIENTE,NRO_RESOLUCION,TELEFONO) values (270,'e','0',to_date('15/03/2012','DD/MM/RRRR'),'Usuario Alta',to_date('15/03/2012','DD/MM/RRRR'),'Usuario Modificacion','A','e','e','e',null,0,0,'e','efe',null);
Insert into CURSOS.T_INSTITUCIONES (ID_INSTITUCION,N_INSTITUCION,INS_PROPIA,FEC_ALTA,USR_ALTA,FEC_MODIF,USR_MODIF,ESTADO,PROVINCIA,LOCALIDAD,BARRIO,CALLE,NRO,DEPTO,NRO_EXPEDIENTE,NRO_RESOLUCION,TELEFONO) values (271,'fd','0',to_date('15/03/2012','DD/MM/RRRR'),'Usuario Alta',to_date('15/03/2012','DD/MM/RRRR'),'Usuario Modificacion','A','dfgfd','fed','dfd',null,0,0,'fdf','fdf',null);
Insert into CURSOS.T_INSTITUCIONES (ID_INSTITUCION,N_INSTITUCION,INS_PROPIA,FEC_ALTA,USR_ALTA,FEC_MODIF,USR_MODIF,ESTADO,PROVINCIA,LOCALIDAD,BARRIO,CALLE,NRO,DEPTO,NRO_EXPEDIENTE,NRO_RESOLUCION,TELEFONO) values (272,'gfbbbbbbbbbbbbb','0',to_date('15/03/2012','DD/MM/RRRR'),'Usuario Alta',to_date('15/03/2012','DD/MM/RRRR'),'Usuario Modificacion','A','gfd','fg','gfd',null,5216,2015,'fgd','gfdg15646',null);
Insert into CURSOS.T_INSTITUCIONES (ID_INSTITUCION,N_INSTITUCION,INS_PROPIA,FEC_ALTA,USR_ALTA,FEC_MODIF,USR_MODIF,ESTADO,PROVINCIA,LOCALIDAD,BARRIO,CALLE,NRO,DEPTO,NRO_EXPEDIENTE,NRO_RESOLUCION,TELEFONO) values (273,'gfd','0',to_date('15/03/2012','DD/MM/RRRR'),'Usuario Alta',to_date('15/03/2012','DD/MM/RRRR'),'Usuario Modificacion','A','gfd','fds','gfd',null,0,0,'gf','gfdg',null);
Insert into CURSOS.T_INSTITUCIONES (ID_INSTITUCION,N_INSTITUCION,INS_PROPIA,FEC_ALTA,USR_ALTA,FEC_MODIF,USR_MODIF,ESTADO,PROVINCIA,LOCALIDAD,BARRIO,CALLE,NRO,DEPTO,NRO_EXPEDIENTE,NRO_RESOLUCION,TELEFONO) values (274,'yuytu','0',to_date('15/03/2012','DD/MM/RRRR'),'Usuario Alta',to_date('15/03/2012','DD/MM/RRRR'),'Usuario Eliminacion','I','uyt','yut','uy',null,0,0,'yuy','45',null);
Insert into CURSOS.T_INSTITUCIONES (ID_INSTITUCION,N_INSTITUCION,INS_PROPIA,FEC_ALTA,USR_ALTA,FEC_MODIF,USR_MODIF,ESTADO,PROVINCIA,LOCALIDAD,BARRIO,CALLE,NRO,DEPTO,NRO_EXPEDIENTE,NRO_RESOLUCION,TELEFONO) values (282,'Cervantes 123456','1',to_date('22/03/2012','DD/MM/RRRR'),'dario_res',to_date('22/03/2012','DD/MM/RRRR'),'dario_res','A','1111','1111','1111',null,11,111,'1111','111111','111111');
REM INSERTING into CURSOS.T_MODALIDADES
Insert into CURSOS.T_MODALIDADES (ID_MODALIDAD,N_MODALIDAD,FEC_ALTA,USR_ALTA,FEC_MODIF,USR_MODIF,ESTADO,NRO_RESOLUCION) values (41,'dddddddd',to_date('15/03/2012','DD/MM/RRRR'),'Usuario no logueado',to_date('15/03/2012','DD/MM/RRRR'),'Usuario no logueado','A','ssss');
Insert into CURSOS.T_MODALIDADES (ID_MODALIDAD,N_MODALIDAD,FEC_ALTA,USR_ALTA,FEC_MODIF,USR_MODIF,ESTADO,NRO_RESOLUCION) values (42,'sss',to_date('15/03/2012','DD/MM/RRRR'),'Usuario no logueado',to_date('15/03/2012','DD/MM/RRRR'),'Usuario no logueado','A','sss');
Insert into CURSOS.T_MODALIDADES (ID_MODALIDAD,N_MODALIDAD,FEC_ALTA,USR_ALTA,FEC_MODIF,USR_MODIF,ESTADO,NRO_RESOLUCION) values (1,'Modalidad 1',to_date('20/02/2012','DD/MM/RRRR'),'Test	',to_date('20/02/2012','DD/MM/RRRR'),'Test','A',null);
Insert into CURSOS.T_MODALIDADES (ID_MODALIDAD,N_MODALIDAD,FEC_ALTA,USR_ALTA,FEC_MODIF,USR_MODIF,ESTADO,NRO_RESOLUCION) values (21,'Modalidad 2',to_date('29/02/2012','DD/MM/RRRR'),'Test',to_date('29/02/2012','DD/MM/RRRR'),'Test','A',null);
REM INSERTING into CURSOS.T_MOVIMIENTOS
Insert into CURSOS.T_MOVIMIENTOS (ID_MOVIMIENTO,ID_CAJA_CHICA,ID_TIPO_MOVIMIENTO,N_MOVIMIENTO,FECHA,MONTO,DESCRIPCION,FEC_ALTA,USR_ALTA,FEC_MODIF,USR_MODIF,ESTADO) values (22,7,3,'sssss',to_date('09/03/2012','DD/MM/RRRR'),15,'sdfsdf',to_date('09/03/2012','DD/MM/RRRR'),'Usuario Alta',to_date('09/03/2012','DD/MM/RRRR'),'Usuario Modificacion','A');
Insert into CURSOS.T_MOVIMIENTOS (ID_MOVIMIENTO,ID_CAJA_CHICA,ID_TIPO_MOVIMIENTO,N_MOVIMIENTO,FECHA,MONTO,DESCRIPCION,FEC_ALTA,USR_ALTA,FEC_MODIF,USR_MODIF,ESTADO) values (1,7,3,'ddddd',to_date('01/01/2001','DD/MM/RRRR'),24,'Test',to_date('04/03/2012','DD/MM/RRRR'),'Usuario Alta',to_date('04/03/2012','DD/MM/RRRR'),'Usuario Eliminacion','I');
Insert into CURSOS.T_MOVIMIENTOS (ID_MOVIMIENTO,ID_CAJA_CHICA,ID_TIPO_MOVIMIENTO,N_MOVIMIENTO,FECHA,MONTO,DESCRIPCION,FEC_ALTA,USR_ALTA,FEC_MODIF,USR_MODIF,ESTADO) values (3,7,3,'asdasdasd',to_date('08/03/2012','DD/MM/RRRR'),0,'asdasd',to_date('04/03/2012','DD/MM/RRRR'),'Usuario Alta',to_date('08/03/2012','DD/MM/RRRR'),'Usuario Eliminacion','I');
Insert into CURSOS.T_MOVIMIENTOS (ID_MOVIMIENTO,ID_CAJA_CHICA,ID_TIPO_MOVIMIENTO,N_MOVIMIENTO,FECHA,MONTO,DESCRIPCION,FEC_ALTA,USR_ALTA,FEC_MODIF,USR_MODIF,ESTADO) values (4,23,3,'dddd',to_date('01/01/2001','DD/MM/RRRR'),0,'asdasd',to_date('04/03/2012','DD/MM/RRRR'),'Usuario Alta',to_date('04/03/2012','DD/MM/RRRR'),'Usuario Modificacion','A');
Insert into CURSOS.T_MOVIMIENTOS (ID_MOVIMIENTO,ID_CAJA_CHICA,ID_TIPO_MOVIMIENTO,N_MOVIMIENTO,FECHA,MONTO,DESCRIPCION,FEC_ALTA,USR_ALTA,FEC_MODIF,USR_MODIF,ESTADO) values (21,7,3,'Pago de Cerveza',to_date('08/03/2012','DD/MM/RRRR'),10,'Test',to_date('08/03/2012','DD/MM/RRRR'),'Usuario Alta',to_date('08/03/2012','DD/MM/RRRR'),'Usuario Modificacion','A');
Insert into CURSOS.T_MOVIMIENTOS (ID_MOVIMIENTO,ID_CAJA_CHICA,ID_TIPO_MOVIMIENTO,N_MOVIMIENTO,FECHA,MONTO,DESCRIPCION,FEC_ALTA,USR_ALTA,FEC_MODIF,USR_MODIF,ESTADO) values (41,62,3,'re',to_date('21/03/2012','DD/MM/RRRR'),0,'dfds',to_date('21/03/2012','DD/MM/RRRR'),'Usuario Alta',to_date('21/03/2012','DD/MM/RRRR'),'Usuario Modificacion','A');
Insert into CURSOS.T_MOVIMIENTOS (ID_MOVIMIENTO,ID_CAJA_CHICA,ID_TIPO_MOVIMIENTO,N_MOVIMIENTO,FECHA,MONTO,DESCRIPCION,FEC_ALTA,USR_ALTA,FEC_MODIF,USR_MODIF,ESTADO) values (42,62,3,'dfsf',to_date('21/03/2012','DD/MM/RRRR'),0,'dfs',to_date('21/03/2012','DD/MM/RRRR'),'Usuario Alta',to_date('21/03/2012','DD/MM/RRRR'),'Usuario Modificacion','A');
Insert into CURSOS.T_MOVIMIENTOS (ID_MOVIMIENTO,ID_CAJA_CHICA,ID_TIPO_MOVIMIENTO,N_MOVIMIENTO,FECHA,MONTO,DESCRIPCION,FEC_ALTA,USR_ALTA,FEC_MODIF,USR_MODIF,ESTADO) values (43,62,3,'óipñ´´',to_date('21/03/2012','DD/MM/RRRR'),0,'ñl´lkñ´lñ',to_date('21/03/2012','DD/MM/RRRR'),'Usuario Alta',to_date('21/03/2012','DD/MM/RRRR'),'Usuario Modificacion','A');
Insert into CURSOS.T_MOVIMIENTOS (ID_MOVIMIENTO,ID_CAJA_CHICA,ID_TIPO_MOVIMIENTO,N_MOVIMIENTO,FECHA,MONTO,DESCRIPCION,FEC_ALTA,USR_ALTA,FEC_MODIF,USR_MODIF,ESTADO) values (44,62,3,'klhñkjkkkkkkkkkkkkkkkkkkkkkkkkkkkkkkkkkkkkkkkkkkkk',to_date('21/03/2012','DD/MM/RRRR'),0,'5875',to_date('21/03/2012','DD/MM/RRRR'),'Usuario Alta',to_date('21/03/2012','DD/MM/RRRR'),'Usuario Modificacion','A');
Insert into CURSOS.T_MOVIMIENTOS (ID_MOVIMIENTO,ID_CAJA_CHICA,ID_TIPO_MOVIMIENTO,N_MOVIMIENTO,FECHA,MONTO,DESCRIPCION,FEC_ALTA,USR_ALTA,FEC_MODIF,USR_MODIF,ESTADO) values (45,62,3,'55555555555555557878787878787878787878787866666666',to_date('21/03/2012','DD/MM/RRRR'),0,'2542544444',to_date('21/03/2012','DD/MM/RRRR'),'Usuario Alta',to_date('21/03/2012','DD/MM/RRRR'),'Usuario Modificacion','A');
Insert into CURSOS.T_MOVIMIENTOS (ID_MOVIMIENTO,ID_CAJA_CHICA,ID_TIPO_MOVIMIENTO,N_MOVIMIENTO,FECHA,MONTO,DESCRIPCION,FEC_ALTA,USR_ALTA,FEC_MODIF,USR_MODIF,ESTADO) values (46,62,3,'2',to_date('21/03/2012','DD/MM/RRRR'),2,'2',to_date('21/03/2012','DD/MM/RRRR'),'Usuario Alta',to_date('21/03/2012','DD/MM/RRRR'),'Usuario Modificacion','A');
Insert into CURSOS.T_MOVIMIENTOS (ID_MOVIMIENTO,ID_CAJA_CHICA,ID_TIPO_MOVIMIENTO,N_MOVIMIENTO,FECHA,MONTO,DESCRIPCION,FEC_ALTA,USR_ALTA,FEC_MODIF,USR_MODIF,ESTADO) values (47,62,3,'4',to_date('21/03/2012','DD/MM/RRRR'),4,'4',to_date('21/03/2012','DD/MM/RRRR'),'Usuario Alta',to_date('21/03/2012','DD/MM/RRRR'),'Usuario Modificacion','A');
Insert into CURSOS.T_MOVIMIENTOS (ID_MOVIMIENTO,ID_CAJA_CHICA,ID_TIPO_MOVIMIENTO,N_MOVIMIENTO,FECHA,MONTO,DESCRIPCION,FEC_ALTA,USR_ALTA,FEC_MODIF,USR_MODIF,ESTADO) values (48,62,3,'4',to_date('21/03/2012','DD/MM/RRRR'),4,'4',to_date('21/03/2012','DD/MM/RRRR'),'Usuario Alta',to_date('21/03/2012','DD/MM/RRRR'),'Usuario Modificacion','A');
Insert into CURSOS.T_MOVIMIENTOS (ID_MOVIMIENTO,ID_CAJA_CHICA,ID_TIPO_MOVIMIENTO,N_MOVIMIENTO,FECHA,MONTO,DESCRIPCION,FEC_ALTA,USR_ALTA,FEC_MODIF,USR_MODIF,ESTADO) values (49,62,3,'24525',to_date('21/03/2012','DD/MM/RRRR'),25,'452',to_date('21/03/2012','DD/MM/RRRR'),'Usuario Alta',to_date('21/03/2012','DD/MM/RRRR'),'Usuario Modificacion','A');
Insert into CURSOS.T_MOVIMIENTOS (ID_MOVIMIENTO,ID_CAJA_CHICA,ID_TIPO_MOVIMIENTO,N_MOVIMIENTO,FECHA,MONTO,DESCRIPCION,FEC_ALTA,USR_ALTA,FEC_MODIF,USR_MODIF,ESTADO) values (50,62,3,'52',to_date('21/03/2012','DD/MM/RRRR'),5,'5452',to_date('21/03/2012','DD/MM/RRRR'),'Usuario Alta',to_date('21/03/2012','DD/MM/RRRR'),'Usuario Modificacion','A');
Insert into CURSOS.T_MOVIMIENTOS (ID_MOVIMIENTO,ID_CAJA_CHICA,ID_TIPO_MOVIMIENTO,N_MOVIMIENTO,FECHA,MONTO,DESCRIPCION,FEC_ALTA,USR_ALTA,FEC_MODIF,USR_MODIF,ESTADO) values (51,62,3,'5242',to_date('21/03/2012','DD/MM/RRRR'),5,'52',to_date('21/03/2012','DD/MM/RRRR'),'Usuario Alta',to_date('21/03/2012','DD/MM/RRRR'),'Usuario Modificacion','A');
Insert into CURSOS.T_MOVIMIENTOS (ID_MOVIMIENTO,ID_CAJA_CHICA,ID_TIPO_MOVIMIENTO,N_MOVIMIENTO,FECHA,MONTO,DESCRIPCION,FEC_ALTA,USR_ALTA,FEC_MODIF,USR_MODIF,ESTADO) values (52,62,3,'5',to_date('21/03/2012','DD/MM/RRRR'),0,'545',to_date('21/03/2012','DD/MM/RRRR'),'Usuario Alta',to_date('21/03/2012','DD/MM/RRRR'),'Usuario Modificacion','A');
Insert into CURSOS.T_MOVIMIENTOS (ID_MOVIMIENTO,ID_CAJA_CHICA,ID_TIPO_MOVIMIENTO,N_MOVIMIENTO,FECHA,MONTO,DESCRIPCION,FEC_ALTA,USR_ALTA,FEC_MODIF,USR_MODIF,ESTADO) values (53,62,3,'y',to_date('21/03/2012','DD/MM/RRRR'),5,'5475',to_date('21/03/2012','DD/MM/RRRR'),'Usuario Alta',to_date('21/03/2012','DD/MM/RRRR'),'Usuario Modificacion','A');
REM INSERTING into CURSOS.T_NIVELES
Insert into CURSOS.T_NIVELES (ID_NIVEL,N_NIVEL,FEC_ALTA,USR_ALTA,FEC_MODIF,USR_MODIF,ESTADO) values (3,'Intermedio',to_date('20/02/2012','DD/MM/RRRR'),'Test',to_date('20/02/2012','DD/MM/RRRR'),'Test','A');
Insert into CURSOS.T_NIVELES (ID_NIVEL,N_NIVEL,FEC_ALTA,USR_ALTA,FEC_MODIF,USR_MODIF,ESTADO) values (21,'Avanzado',to_date('29/02/2012','DD/MM/RRRR'),'Test',to_date('29/02/2012','DD/MM/RRRR'),'Test','A');
REM INSERTING into CURSOS.T_NOVEDADES
REM INSERTING into CURSOS.T_PERSONAS
Insert into CURSOS.T_PERSONAS (ID_PERSONA,NOV_APELLIDO,NOV_NOMBRE,CUIL,FECHA_NACIMIENTO,ID_SEXO,NRO_DOCUMENTO,ID_TIPO_DOCUMENTO,ID_ESTADO_CIVIL,ESTADO) values (1,'Salas','Dario','2027360406',to_date('16/02/2012','DD/MM/RRRR'),'1','27360406','1','1','A');
Insert into CURSOS.T_PERSONAS (ID_PERSONA,NOV_APELLIDO,NOV_NOMBRE,CUIL,FECHA_NACIMIENTO,ID_SEXO,NRO_DOCUMENTO,ID_TIPO_DOCUMENTO,ID_ESTADO_CIVIL,ESTADO) values (2,'Ybañez','Luciano','33333333333',to_date('16/02/2012','DD/MM/RRRR'),'1','333333333','1','1','A');
Insert into CURSOS.T_PERSONAS (ID_PERSONA,NOV_APELLIDO,NOV_NOMBRE,CUIL,FECHA_NACIMIENTO,ID_SEXO,NRO_DOCUMENTO,ID_TIPO_DOCUMENTO,ID_ESTADO_CIVIL,ESTADO) values (21,'Test','Test','Test',to_date('04/03/2012','DD/MM/RRRR'),null,'222222',null,null,'A');
Insert into CURSOS.T_PERSONAS (ID_PERSONA,NOV_APELLIDO,NOV_NOMBRE,CUIL,FECHA_NACIMIENTO,ID_SEXO,NRO_DOCUMENTO,ID_TIPO_DOCUMENTO,ID_ESTADO_CIVIL,ESTADO) values (22,'asd','asd','asd',to_date('04/03/2012','DD/MM/RRRR'),null,'asd',null,null,'A');
Insert into CURSOS.T_PERSONAS (ID_PERSONA,NOV_APELLIDO,NOV_NOMBRE,CUIL,FECHA_NACIMIENTO,ID_SEXO,NRO_DOCUMENTO,ID_TIPO_DOCUMENTO,ID_ESTADO_CIVIL,ESTADO) values (23,'eeee','eee','eeeeee',to_date('04/03/2012','DD/MM/RRRR'),'1','eeee','1','1','A');
REM INSERTING into CURSOS.T_PERSONASJUR
Insert into CURSOS.T_PERSONASJUR (ID_PERSONAJUR,ID_SEDE,CUIT,RAZON_SOCIAL,ESTADO) values (1,1,'2000000','Arcor','A');
Insert into CURSOS.T_PERSONASJUR (ID_PERSONAJUR,ID_SEDE,CUIT,RAZON_SOCIAL,ESTADO) values (2,1,'2232222','Cynergy SA','A');
REM INSERTING into CURSOS.T_PRESENTISMO
Insert into CURSOS.T_PRESENTISMO (ID_PRESENTISMO,ID_INSCRIPCION,CLASES_ASISTIDAS,ESTADO,FEC_ALTA,FEC_MODIF,USR_ALTA,USR_MODIF) values (21,61,19,'A',to_date('10/03/2012','DD/MM/RRRR'),to_date('10/03/2012','DD/MM/RRRR'),'Usuario Alta','Usuario Modificacion');
Insert into CURSOS.T_PRESENTISMO (ID_PRESENTISMO,ID_INSCRIPCION,CLASES_ASISTIDAS,ESTADO,FEC_ALTA,FEC_MODIF,USR_ALTA,USR_MODIF) values (22,62,40,'A',to_date('10/03/2012','DD/MM/RRRR'),to_date('10/03/2012','DD/MM/RRRR'),'Usuario Alta','Usuario Modificacion');
Insert into CURSOS.T_PRESENTISMO (ID_PRESENTISMO,ID_INSCRIPCION,CLASES_ASISTIDAS,ESTADO,FEC_ALTA,FEC_MODIF,USR_ALTA,USR_MODIF) values (41,81,0,'A',to_date('11/03/2012','DD/MM/RRRR'),to_date('11/03/2012','DD/MM/RRRR'),'Usuario Alta','Usuario Modificacion');
Insert into CURSOS.T_PRESENTISMO (ID_PRESENTISMO,ID_INSCRIPCION,CLASES_ASISTIDAS,ESTADO,FEC_ALTA,FEC_MODIF,USR_ALTA,USR_MODIF) values (61,126,18,'A',to_date('19/03/2012','DD/MM/RRRR'),to_date('19/03/2012','DD/MM/RRRR'),'Usuario Alta','Usuario Modificacion');
Insert into CURSOS.T_PRESENTISMO (ID_PRESENTISMO,ID_INSCRIPCION,CLASES_ASISTIDAS,ESTADO,FEC_ALTA,FEC_MODIF,USR_ALTA,USR_MODIF) values (62,123,1,'A',to_date('19/03/2012','DD/MM/RRRR'),to_date('19/03/2012','DD/MM/RRRR'),'Usuario Alta','Usuario Modificacion');
REM INSERTING into CURSOS.T_PRESTAMOS
Insert into CURSOS.T_PRESTAMOS (ID_PRESTAMO,ID_INSTITUCION,ID_EQUIPO,FEC_INICIO,FEC_FIN,OBSERVACION,FEC_ALTA,USR_ALTA,FEC_MODIF,USR_MODIF,ESTADO) values (1,27,1,to_date('04/03/2012','DD/MM/RRRR'),to_date('04/03/2012','DD/MM/RRRR'),'Test',to_date('04/03/2012','DD/MM/RRRR'),'Usuario Alta',to_date('04/03/2012','DD/MM/RRRR'),'Usuario Modificacion','A');
Insert into CURSOS.T_PRESTAMOS (ID_PRESTAMO,ID_INSTITUCION,ID_EQUIPO,FEC_INICIO,FEC_FIN,OBSERVACION,FEC_ALTA,USR_ALTA,FEC_MODIF,USR_MODIF,ESTADO) values (21,27,21,to_date('19/03/2012','DD/MM/RRRR'),to_date('19/03/2012','DD/MM/RRRR'),'dddd',to_date('19/03/2012','DD/MM/RRRR'),'dario',to_date('19/03/2012','DD/MM/RRRR'),'dario','A');
REM INSERTING into CURSOS.T_PROGRAMAS
Insert into CURSOS.T_PROGRAMAS (ID_PROGRAMA,N_PROGRAMA,DESCRIPCION,FEC_ALTA,USR_ALTA,FEC_MODIF,USR_MODIF,ESTADO,NRO_RESOLUCION) values (61,'eeeeee',null,to_date('15/03/2012','DD/MM/RRRR'),'dario',to_date('15/03/2012','DD/MM/RRRR'),'dario','I','ssssss');
Insert into CURSOS.T_PROGRAMAS (ID_PROGRAMA,N_PROGRAMA,DESCRIPCION,FEC_ALTA,USR_ALTA,FEC_MODIF,USR_MODIF,ESTADO,NRO_RESOLUCION) values (1,'Programa 1','Programas Test',to_date('20/02/2012','DD/MM/RRRR'),'Test',to_date('20/02/2012','DD/MM/RRRR'),'Test','A',null);
Insert into CURSOS.T_PROGRAMAS (ID_PROGRAMA,N_PROGRAMA,DESCRIPCION,FEC_ALTA,USR_ALTA,FEC_MODIF,USR_MODIF,ESTADO,NRO_RESOLUCION) values (21,'Programa 2','Programas Test',to_date('29/02/2012','DD/MM/RRRR'),'Test',to_date('29/02/2012','DD/MM/RRRR'),'Test','A',null);
Insert into CURSOS.T_PROGRAMAS (ID_PROGRAMA,N_PROGRAMA,DESCRIPCION,FEC_ALTA,USR_ALTA,FEC_MODIF,USR_MODIF,ESTADO,NRO_RESOLUCION) values (41,'Programa 3','Programa Test',to_date('07/03/2012','DD/MM/RRRR'),'Test',to_date('07/03/2012','DD/MM/RRRR'),'Test','A',null);
Insert into CURSOS.T_PROGRAMAS (ID_PROGRAMA,N_PROGRAMA,DESCRIPCION,FEC_ALTA,USR_ALTA,FEC_MODIF,USR_MODIF,ESTADO,NRO_RESOLUCION) values (42,'Programa 4','Programa Test',to_date('07/03/2012','DD/MM/RRRR'),'Test',to_date('07/03/2012','DD/MM/RRRR'),'Test','A',null);
Insert into CURSOS.T_PROGRAMAS (ID_PROGRAMA,N_PROGRAMA,DESCRIPCION,FEC_ALTA,USR_ALTA,FEC_MODIF,USR_MODIF,ESTADO,NRO_RESOLUCION) values (43,'Programa 5','Programa Test',to_date('07/03/2012','DD/MM/RRRR'),'Test',to_date('07/03/2012','DD/MM/RRRR'),'Test','A',null);
REM INSERTING into CURSOS.T_PROGRAMAS_TEMARIO
REM INSERTING into CURSOS.T_ROL
Insert into CURSOS.T_ROL (ID_ROL,DESCRIPCION,FEC_ALTA,FEC_MODIF,USR_MODIF,USR_ALTA,ESTADO) values (1,'Supervisor',to_date('12/03/2012','DD/MM/RRRR'),to_date('12/03/2012','DD/MM/RRRR'),'asd','asd','A');
Insert into CURSOS.T_ROL (ID_ROL,DESCRIPCION,FEC_ALTA,FEC_MODIF,USR_MODIF,USR_ALTA,ESTADO) values (2,'ResponsableIFP',to_date('12/03/2012','DD/MM/RRRR'),to_date('12/03/2012','DD/MM/RRRR'),'asd','asd','A');
Insert into CURSOS.T_ROL (ID_ROL,DESCRIPCION,FEC_ALTA,FEC_MODIF,USR_MODIF,USR_ALTA,ESTADO) values (3,'Capacitador',to_date('12/03/2012','DD/MM/RRRR'),to_date('12/03/2012','DD/MM/RRRR'),'asd','ass','A');
REM INSERTING into CURSOS.T_SUPERVICIONES
Insert into CURSOS.T_SUPERVICIONES (ID_SUPERVISION,ID_SUPERVISOR,OBSERVACIONES,FEC_SUPERVISION,HS_SUPERVISION,FEC_ALTA,USR_ALTA,FEC_MODIF,USR_MODIF,ESTADO,ID_GRUPO,NRO_RESOLUCION) values (61,21,'ssss',to_date('19/03/2012','DD/MM/RRRR'),'17:15',to_date('19/03/2012','DD/MM/RRRR'),'dario',to_date('19/03/2012','DD/MM/RRRR'),'dario','A',81,'11111');
Insert into CURSOS.T_SUPERVICIONES (ID_SUPERVISION,ID_SUPERVISOR,OBSERVACIONES,FEC_SUPERVISION,HS_SUPERVISION,FEC_ALTA,USR_ALTA,FEC_MODIF,USR_MODIF,ESTADO,ID_GRUPO,NRO_RESOLUCION) values (41,21,'Test',to_date('12/03/2012','DD/MM/RRRR'),'13:15',to_date('12/03/2012','DD/MM/RRRR'),'Usuario Alta',to_date('12/03/2012','DD/MM/RRRR'),'dario','A',81,'111111');
Insert into CURSOS.T_SUPERVICIONES (ID_SUPERVISION,ID_SUPERVISOR,OBSERVACIONES,FEC_SUPERVISION,HS_SUPERVISION,FEC_ALTA,USR_ALTA,FEC_MODIF,USR_MODIF,ESTADO,ID_GRUPO,NRO_RESOLUCION) values (62,21,'dddd',to_date('20/03/2012','DD/MM/RRRR'),'7:13',to_date('20/03/2012','DD/MM/RRRR'),'dario',to_date('20/03/2012','DD/MM/RRRR'),'dario','A',81,'ddddd');
Insert into CURSOS.T_SUPERVICIONES (ID_SUPERVISION,ID_SUPERVISOR,OBSERVACIONES,FEC_SUPERVISION,HS_SUPERVISION,FEC_ALTA,USR_ALTA,FEC_MODIF,USR_MODIF,ESTADO,ID_GRUPO,NRO_RESOLUCION) values (81,21,'lñk',to_date('15/03/2012','DD/MM/RRRR'),'17:17',to_date('21/03/2012','DD/MM/RRRR'),'Usuario Alta',to_date('21/03/2012','DD/MM/RRRR'),'Usuario Modificacion','A',141,null);
Insert into CURSOS.T_SUPERVICIONES (ID_SUPERVISION,ID_SUPERVISOR,OBSERVACIONES,FEC_SUPERVISION,HS_SUPERVISION,FEC_ALTA,USR_ALTA,FEC_MODIF,USR_MODIF,ESTADO,ID_GRUPO,NRO_RESOLUCION) values (82,21,'jkjjhk',to_date('21/03/2012','DD/MM/RRRR'),'17:18',to_date('21/03/2012','DD/MM/RRRR'),'Usuario Alta',to_date('21/03/2012','DD/MM/RRRR'),'Usuario Modificacion','A',141,null);
Insert into CURSOS.T_SUPERVICIONES (ID_SUPERVISION,ID_SUPERVISOR,OBSERVACIONES,FEC_SUPERVISION,HS_SUPERVISION,FEC_ALTA,USR_ALTA,FEC_MODIF,USR_MODIF,ESTADO,ID_GRUPO,NRO_RESOLUCION) values (83,41,'5',to_date('21/03/2012','DD/MM/RRRR'),'17:19',to_date('21/03/2012','DD/MM/RRRR'),'Usuario Alta',to_date('21/03/2012','DD/MM/RRRR'),'Usuario Modificacion','A',142,null);
Insert into CURSOS.T_SUPERVICIONES (ID_SUPERVISION,ID_SUPERVISOR,OBSERVACIONES,FEC_SUPERVISION,HS_SUPERVISION,FEC_ALTA,USR_ALTA,FEC_MODIF,USR_MODIF,ESTADO,ID_GRUPO,NRO_RESOLUCION) values (84,41,'546',to_date('21/03/2012','DD/MM/RRRR'),'18:16',to_date('21/03/2012','DD/MM/RRRR'),'Usuario Alta',to_date('21/03/2012','DD/MM/RRRR'),'Usuario Modificacion','A',142,null);
Insert into CURSOS.T_SUPERVICIONES (ID_SUPERVISION,ID_SUPERVISOR,OBSERVACIONES,FEC_SUPERVISION,HS_SUPERVISION,FEC_ALTA,USR_ALTA,FEC_MODIF,USR_MODIF,ESTADO,ID_GRUPO,NRO_RESOLUCION) values (85,41,'6',to_date('21/03/2012','DD/MM/RRRR'),'4:14',to_date('21/03/2012','DD/MM/RRRR'),'Usuario Alta',to_date('21/03/2012','DD/MM/RRRR'),'Usuario Modificacion','A',141,null);
Insert into CURSOS.T_SUPERVICIONES (ID_SUPERVISION,ID_SUPERVISOR,OBSERVACIONES,FEC_SUPERVISION,HS_SUPERVISION,FEC_ALTA,USR_ALTA,FEC_MODIF,USR_MODIF,ESTADO,ID_GRUPO,NRO_RESOLUCION) values (86,21,'6',to_date('21/03/2012','DD/MM/RRRR'),'16:17',to_date('21/03/2012','DD/MM/RRRR'),'Usuario Alta',to_date('21/03/2012','DD/MM/RRRR'),'Usuario Modificacion','A',142,null);
Insert into CURSOS.T_SUPERVICIONES (ID_SUPERVISION,ID_SUPERVISOR,OBSERVACIONES,FEC_SUPERVISION,HS_SUPERVISION,FEC_ALTA,USR_ALTA,FEC_MODIF,USR_MODIF,ESTADO,ID_GRUPO,NRO_RESOLUCION) values (87,21,'cvx',to_date('21/03/2012','DD/MM/RRRR'),'18:16',to_date('21/03/2012','DD/MM/RRRR'),'Usuario Alta',to_date('21/03/2012','DD/MM/RRRR'),'Usuario Modificacion','A',141,null);
Insert into CURSOS.T_SUPERVICIONES (ID_SUPERVISION,ID_SUPERVISOR,OBSERVACIONES,FEC_SUPERVISION,HS_SUPERVISION,FEC_ALTA,USR_ALTA,FEC_MODIF,USR_MODIF,ESTADO,ID_GRUPO,NRO_RESOLUCION) values (88,21,'2',to_date('21/03/2012','DD/MM/RRRR'),'12:12',to_date('21/03/2012','DD/MM/RRRR'),'Usuario Alta',to_date('21/03/2012','DD/MM/RRRR'),'Usuario Modificacion','A',141,null);
Insert into CURSOS.T_SUPERVICIONES (ID_SUPERVISION,ID_SUPERVISOR,OBSERVACIONES,FEC_SUPERVISION,HS_SUPERVISION,FEC_ALTA,USR_ALTA,FEC_MODIF,USR_MODIF,ESTADO,ID_GRUPO,NRO_RESOLUCION) values (89,62,'jhgj',to_date('21/03/2012','DD/MM/RRRR'),'13:4',to_date('21/03/2012','DD/MM/RRRR'),'Usuario Alta',to_date('21/03/2012','DD/MM/RRRR'),'Usuario Modificacion','A',143,null);
Insert into CURSOS.T_SUPERVICIONES (ID_SUPERVISION,ID_SUPERVISOR,OBSERVACIONES,FEC_SUPERVISION,HS_SUPERVISION,FEC_ALTA,USR_ALTA,FEC_MODIF,USR_MODIF,ESTADO,ID_GRUPO,NRO_RESOLUCION) values (90,21,'hgfh',to_date('21/03/2012','DD/MM/RRRR'),'8:7',to_date('21/03/2012','DD/MM/RRRR'),'Usuario Alta',to_date('21/03/2012','DD/MM/RRRR'),'Usuario Modificacion','A',141,null);
REM INSERTING into CURSOS.T_SUPERVISORES
Insert into CURSOS.T_SUPERVISORES (ID_SUPERVISOR,FEC_ALTA,USR_ALTA,FEC_MODIF,USR_MODIF,ESTADO,PROVINCIA,LOCALIDAD,BARRIO,CALLE,NRO,CUIL_CUIT,RAZON_SOCIAL,NRO_RESOLUCION) values (63,to_date('21/03/2012','DD/MM/RRRR'),'Usuario Alta',to_date('21/03/2012','DD/MM/RRRR'),'Usuario Modificacion','A','ytryrt','trryrt','tytr','tryr',0,'try','tyrty','try');
Insert into CURSOS.T_SUPERVISORES (ID_SUPERVISOR,FEC_ALTA,USR_ALTA,FEC_MODIF,USR_MODIF,ESTADO,PROVINCIA,LOCALIDAD,BARRIO,CALLE,NRO,CUIL_CUIT,RAZON_SOCIAL,NRO_RESOLUCION) values (64,to_date('21/03/2012','DD/MM/RRRR'),'Usuario Alta',to_date('21/03/2012','DD/MM/RRRR'),'Usuario Modificacion','A','try','tyr','ty','tr',5,'tttttttttttttt','tytr','ty');
Insert into CURSOS.T_SUPERVISORES (ID_SUPERVISOR,FEC_ALTA,USR_ALTA,FEC_MODIF,USR_MODIF,ESTADO,PROVINCIA,LOCALIDAD,BARRIO,CALLE,NRO,CUIL_CUIT,RAZON_SOCIAL,NRO_RESOLUCION) values (65,to_date('21/03/2012','DD/MM/RRRR'),'Usuario Alta',to_date('22/03/2012','DD/MM/RRRR'),'Usuario Modificacion','A',null,null,null,null,12,'lolo','jklkj','jkl');
Insert into CURSOS.T_SUPERVISORES (ID_SUPERVISOR,FEC_ALTA,USR_ALTA,FEC_MODIF,USR_MODIF,ESTADO,PROVINCIA,LOCALIDAD,BARRIO,CALLE,NRO,CUIL_CUIT,RAZON_SOCIAL,NRO_RESOLUCION) values (66,to_date('21/03/2012','DD/MM/RRRR'),'Usuario Alta',to_date('22/03/2012','DD/MM/RRRR'),'Usuario Eliminacion','I',',',',',',',',',587,',',',','d');
Insert into CURSOS.T_SUPERVISORES (ID_SUPERVISOR,FEC_ALTA,USR_ALTA,FEC_MODIF,USR_MODIF,ESTADO,PROVINCIA,LOCALIDAD,BARRIO,CALLE,NRO,CUIL_CUIT,RAZON_SOCIAL,NRO_RESOLUCION) values (67,to_date('21/03/2012','DD/MM/RRRR'),'Usuario Alta',to_date('21/03/2012','DD/MM/RRRR'),'Usuario Modificacion','A','ytryrt','yut','op','Paz',56,'y','y','4');
Insert into CURSOS.T_SUPERVISORES (ID_SUPERVISOR,FEC_ALTA,USR_ALTA,FEC_MODIF,USR_MODIF,ESTADO,PROVINCIA,LOCALIDAD,BARRIO,CALLE,NRO,CUIL_CUIT,RAZON_SOCIAL,NRO_RESOLUCION) values (68,to_date('21/03/2012','DD/MM/RRRR'),'Usuario Alta',to_date('21/03/2012','DD/MM/RRRR'),'Usuario Modificacion','A','`+','ç+o','+o','`+',5,'+ò','+o','`p');
Insert into CURSOS.T_SUPERVISORES (ID_SUPERVISOR,FEC_ALTA,USR_ALTA,FEC_MODIF,USR_MODIF,ESTADO,PROVINCIA,LOCALIDAD,BARRIO,CALLE,NRO,CUIL_CUIT,RAZON_SOCIAL,NRO_RESOLUCION) values (69,to_date('21/03/2012','DD/MM/RRRR'),'Usuario Alta',to_date('21/03/2012','DD/MM/RRRR'),'Usuario Modificacion','A','ç`p','ç`p','ç`p','`ç',4,'`pç','`pç','oi');
Insert into CURSOS.T_SUPERVISORES (ID_SUPERVISOR,FEC_ALTA,USR_ALTA,FEC_MODIF,USR_MODIF,ESTADO,PROVINCIA,LOCALIDAD,BARRIO,CALLE,NRO,CUIL_CUIT,RAZON_SOCIAL,NRO_RESOLUCION) values (2,to_date('29/02/2012','DD/MM/RRRR'),'Usuario Alta',to_date('12/03/2012','DD/MM/RRRR'),'Usuario Eliminacion','I','test','d','a','q',12,'273600000','Test','asd');
Insert into CURSOS.T_SUPERVISORES (ID_SUPERVISOR,FEC_ALTA,USR_ALTA,FEC_MODIF,USR_MODIF,ESTADO,PROVINCIA,LOCALIDAD,BARRIO,CALLE,NRO,CUIL_CUIT,RAZON_SOCIAL,NRO_RESOLUCION) values (21,to_date('12/03/2012','DD/MM/RRRR'),'Usuario Alta',to_date('12/03/2012','DD/MM/RRRR'),'Usuario Modificacion','A','asdasd','asdasd','asdasd','asdasd',12,'20273604066','Dario Salas','asdasd');
Insert into CURSOS.T_SUPERVISORES (ID_SUPERVISOR,FEC_ALTA,USR_ALTA,FEC_MODIF,USR_MODIF,ESTADO,PROVINCIA,LOCALIDAD,BARRIO,CALLE,NRO,CUIL_CUIT,RAZON_SOCIAL,NRO_RESOLUCION) values (22,to_date('29/02/2012','DD/MM/RRRR'),'Usuario Alta',to_date('19/03/2012','DD/MM/RRRR'),'dario','I',null,null,null,null,null,null,null,'111111');
Insert into CURSOS.T_SUPERVISORES (ID_SUPERVISOR,FEC_ALTA,USR_ALTA,FEC_MODIF,USR_MODIF,ESTADO,PROVINCIA,LOCALIDAD,BARRIO,CALLE,NRO,CUIL_CUIT,RAZON_SOCIAL,NRO_RESOLUCION) values (41,to_date('19/03/2012','DD/MM/RRRR'),'dario',to_date('19/03/2012','DD/MM/RRRR'),'dario','A',null,null,null,null,0,'333','33333','3333');
Insert into CURSOS.T_SUPERVISORES (ID_SUPERVISOR,FEC_ALTA,USR_ALTA,FEC_MODIF,USR_MODIF,ESTADO,PROVINCIA,LOCALIDAD,BARRIO,CALLE,NRO,CUIL_CUIT,RAZON_SOCIAL,NRO_RESOLUCION) values (70,to_date('22/03/2012','DD/MM/RRRR'),'Usuario Alta',to_date('22/03/2012','DD/MM/RRRR'),'Usuario Modificacion','A','fgfdgfffffffffffffffffffffffffffffffffffffffffffffffffffffffffffff','gfffffffffffff','fffffffffffffffffffffffffffffffffffffffffffffffffffffffffffffffffffffffffffff','ffffffffffffffffffffff',5,'gfdgdfg','gfdgfdg','fgfgfgffd');
Insert into CURSOS.T_SUPERVISORES (ID_SUPERVISOR,FEC_ALTA,USR_ALTA,FEC_MODIF,USR_MODIF,ESTADO,PROVINCIA,LOCALIDAD,BARRIO,CALLE,NRO,CUIL_CUIT,RAZON_SOCIAL,NRO_RESOLUCION) values (61,to_date('21/03/2012','DD/MM/RRRR'),'Usuario Alta',to_date('22/03/2012','DD/MM/RRRR'),'Usuario Modificacion','A','ggggggggggggggggggggggggggggggggggggg','ffffffffffffffffffffffffffffffffffffffffffffffffffffffffffffffffffffffffffffff','ffffffffffffffffffffffffffffffffffffffffffffffffffffffffffffffffffffffffffff','fffffffffffffffffffffffffffffffffffffffffffffffffffffffffffffffffffffffffffffffffff',524,'fggffddddddddddddfffffffffffffffffffffff','fffffffffffffffffffffffffffffffffffffffffffffffffffffffffffffffffffffffffffffffff','2hll');
Insert into CURSOS.T_SUPERVISORES (ID_SUPERVISOR,FEC_ALTA,USR_ALTA,FEC_MODIF,USR_MODIF,ESTADO,PROVINCIA,LOCALIDAD,BARRIO,CALLE,NRO,CUIL_CUIT,RAZON_SOCIAL,NRO_RESOLUCION) values (62,to_date('21/03/2012','DD/MM/RRRR'),'Usuario Alta',to_date('21/03/2012','DD/MM/RRRR'),'Usuario Modificacion','A','ppppppppppppppppppppppppppppppppppppp','oooooooooooooooooooooooooooooooooo','oñññññññññññññññññññññññññññññññññññññ','ñññññññññññññññññññññññññññññññññññññ',56,'55555555555555555555555555555555555','ppppppppppppppppppppppppppppppppppppppp','2');
REM INSERTING into CURSOS.T_TEMARIO
REM INSERTING into CURSOS.T_TIPOS_DNI
Insert into CURSOS.T_TIPOS_DNI (ID_TIPO_DNI,N_TIPO_DNI,FEC_ALTA,USR_ALTA,FEC_MODIF,USR_MODIF,ESTADO) values (1,'Dni',to_date('09/03/2012','DD/MM/RRRR'),'Desde BD',to_date('09/03/2012','DD/MM/RRRR'),'Desde BD','A');
Insert into CURSOS.T_TIPOS_DNI (ID_TIPO_DNI,N_TIPO_DNI,FEC_ALTA,USR_ALTA,FEC_MODIF,USR_MODIF,ESTADO) values (2,'Libreta',to_date('09/03/2012','DD/MM/RRRR'),'Desde BD',to_date('09/03/2012','DD/MM/RRRR'),'Desde BD','A');
REM INSERTING into CURSOS.T_TIPOS_DOCENTE
Insert into CURSOS.T_TIPOS_DOCENTE (ID_TIPO_DOCENTE,N_TIPO_DOCENTE,FEC_ALTA,USR_ALTA,FEC_MODIF,USR_MODIF,ESTADO) values (1,'Privado',to_date('08/03/2012','DD/MM/RRRR'),'Desde Bd',to_date('08/03/2012','DD/MM/RRRR'),'Desde Bd','A');
Insert into CURSOS.T_TIPOS_DOCENTE (ID_TIPO_DOCENTE,N_TIPO_DOCENTE,FEC_ALTA,USR_ALTA,FEC_MODIF,USR_MODIF,ESTADO) values (2,'Publico',to_date('08/03/2012','DD/MM/RRRR'),'Desde Bd',to_date('08/03/2012','DD/MM/RRRR'),'Desde Bd','A');
Insert into CURSOS.T_TIPOS_DOCENTE (ID_TIPO_DOCENTE,N_TIPO_DOCENTE,FEC_ALTA,USR_ALTA,FEC_MODIF,USR_MODIF,ESTADO) values (3,'Publico - Privado',to_date('08/03/2012','DD/MM/RRRR'),'Desde Bd',to_date('08/03/2012','DD/MM/RRRR'),'Desde Bd','A');
REM INSERTING into CURSOS.T_TIPOS_ESTADO_CIVIL
Insert into CURSOS.T_TIPOS_ESTADO_CIVIL (ID_TIPO_ESTADO_CIVIL,N_TIPO_ESTADO_CIVIL,FEC_ALTA,USR_ALTA,FEC_MODIF,USR_MODIF,ESTADO) values (1,'Soltero',to_date('09/03/2012','DD/MM/RRRR'),'Desde BD',to_date('09/03/2012','DD/MM/RRRR'),'Desde BD','A');
Insert into CURSOS.T_TIPOS_ESTADO_CIVIL (ID_TIPO_ESTADO_CIVIL,N_TIPO_ESTADO_CIVIL,FEC_ALTA,USR_ALTA,FEC_MODIF,USR_MODIF,ESTADO) values (2,'Casado',to_date('09/03/2012','DD/MM/RRRR'),'Desde BD',to_date('09/03/2012','DD/MM/RRRR'),'Desde BD','A');
Insert into CURSOS.T_TIPOS_ESTADO_CIVIL (ID_TIPO_ESTADO_CIVIL,N_TIPO_ESTADO_CIVIL,FEC_ALTA,USR_ALTA,FEC_MODIF,USR_MODIF,ESTADO) values (21,'Viudo',to_date('18/03/2012','DD/MM/RRRR'),'Desde Bd',to_date('18/03/2012','DD/MM/RRRR'),'Desde Bd','A');
Insert into CURSOS.T_TIPOS_ESTADO_CIVIL (ID_TIPO_ESTADO_CIVIL,N_TIPO_ESTADO_CIVIL,FEC_ALTA,USR_ALTA,FEC_MODIF,USR_MODIF,ESTADO) values (22,'Divorciado',to_date('18/03/2012','DD/MM/RRRR'),'Desde Bd',to_date('18/03/2012','DD/MM/RRRR'),'Desde Bd','A');
REM INSERTING into CURSOS.T_TIPOS_MOVIMIENTOS
Insert into CURSOS.T_TIPOS_MOVIMIENTOS (ID_TIPO_MOVIMIENTO,N_TIPO_MOVIMIENTO,FEC_ALTA,USR_ALTA,FEC_MODIF,USR_MODIF,ESTADO) values (3,'Test',to_date('04/03/2012','DD/MM/RRRR'),'Test',to_date('04/03/2012','DD/MM/RRRR'),'Test','A');
REM INSERTING into CURSOS.T_TIPOS_SEXO
Insert into CURSOS.T_TIPOS_SEXO (ID_TIPO_SEXO,N_TIPO_SEXO,FEC_ALTA,USR_ALTA,FEC_MODIF,USR_MODIF,ESTADO) values (1,'Masculino',to_date('09/03/2012','DD/MM/RRRR'),'Desde BD',to_date('09/03/2012','DD/MM/RRRR'),'Desde BD','A');
Insert into CURSOS.T_TIPOS_SEXO (ID_TIPO_SEXO,N_TIPO_SEXO,FEC_ALTA,USR_ALTA,FEC_MODIF,USR_MODIF,ESTADO) values (2,'Femenino',to_date('09/03/2012','DD/MM/RRRR'),'Desde BD',to_date('09/03/2012','DD/MM/RRRR'),'Desde BD','A');
REM INSERTING into CURSOS.T_USUARIO
Insert into CURSOS.T_USUARIO (ID_USUARIO,NOMBRE,PASSWORD,FEC_ALTA,FEC_MODIF,USR_ALTA,USR_MODIF,ESTADO,ID_ROL,USURIO_RESPONSABLE) values (42,'dario_res','a123456',to_date('21/03/2012','DD/MM/RRRR'),to_date('21/03/2012','DD/MM/RRRR'),'dario','dario','A',2,null);
Insert into CURSOS.T_USUARIO (ID_USUARIO,NOMBRE,PASSWORD,FEC_ALTA,FEC_MODIF,USR_ALTA,USR_MODIF,ESTADO,ID_ROL,USURIO_RESPONSABLE) values (22,'antonieta','a123456',to_date('12/03/2012','DD/MM/RRRR'),to_date('12/03/2012','DD/MM/RRRR'),'Usuario Alta','Usuario Modificacion','A',3,null);
Insert into CURSOS.T_USUARIO (ID_USUARIO,NOMBRE,PASSWORD,FEC_ALTA,FEC_MODIF,USR_ALTA,USR_MODIF,ESTADO,ID_ROL,USURIO_RESPONSABLE) values (1,'administrador','a123456',to_date('11/03/2012','DD/MM/RRRR'),to_date('11/03/2012','DD/MM/RRRR'),'Juan','Pedro','A',1,null);
Insert into CURSOS.T_USUARIO (ID_USUARIO,NOMBRE,PASSWORD,FEC_ALTA,FEC_MODIF,USR_ALTA,USR_MODIF,ESTADO,ID_ROL,USURIO_RESPONSABLE) values (2,'dario','a123456',to_date('11/03/2012','DD/MM/RRRR'),to_date('12/03/2012','DD/MM/RRRR'),'chango','Usuario Modificacion','A',1,null);
Insert into CURSOS.T_USUARIO (ID_USUARIO,NOMBRE,PASSWORD,FEC_ALTA,FEC_MODIF,USR_ALTA,USR_MODIF,ESTADO,ID_ROL,USURIO_RESPONSABLE) values (41,'Responsable','a123456',to_date('21/03/2012','DD/MM/RRRR'),to_date('21/03/2012','DD/MM/RRRR'),'Super Chango','dario','I',2,null);
Insert into CURSOS.T_USUARIO (ID_USUARIO,NOMBRE,PASSWORD,FEC_ALTA,FEC_MODIF,USR_ALTA,USR_MODIF,ESTADO,ID_ROL,USURIO_RESPONSABLE) values (43,'test','a123456',to_date('22/03/2012','DD/MM/RRRR'),to_date('22/03/2012','DD/MM/RRRR'),'dario_res','dario_res','A',3,'dario_res');
--------------------------------------------------------
--  DDL for Index T_TIPOS_DNI_PK
--------------------------------------------------------

  CREATE UNIQUE INDEX "CURSOS"."T_TIPOS_DNI_PK" ON "CURSOS"."T_TIPOS_DNI" ("ID_TIPO_DNI") 
  PCTFREE 10 INITRANS 2 MAXTRANS 255 COMPUTE STATISTICS 
  STORAGE(INITIAL 65536 NEXT 1048576 MINEXTENTS 1 MAXEXTENTS 2147483645
  PCTINCREASE 0 FREELISTS 1 FREELIST GROUPS 1 BUFFER_POOL DEFAULT)
  TABLESPACE "USERS" ;
--------------------------------------------------------
--  DDL for Index T_ROL_PK
--------------------------------------------------------

  CREATE UNIQUE INDEX "CURSOS"."T_ROL_PK" ON "CURSOS"."T_ROL" ("ID_ROL") 
  PCTFREE 10 INITRANS 2 MAXTRANS 255 COMPUTE STATISTICS 
  STORAGE(INITIAL 65536 NEXT 1048576 MINEXTENTS 1 MAXEXTENTS 2147483645
  PCTINCREASE 0 FREELISTS 1 FREELIST GROUPS 1 BUFFER_POOL DEFAULT)
  TABLESPACE "USERS" ;
--------------------------------------------------------
--  DDL for Index T_PRESENTISMO_PK
--------------------------------------------------------

  CREATE UNIQUE INDEX "CURSOS"."T_PRESENTISMO_PK" ON "CURSOS"."T_PRESENTISMO" ("ID_PRESENTISMO") 
  PCTFREE 10 INITRANS 2 MAXTRANS 255 COMPUTE STATISTICS 
  STORAGE(INITIAL 65536 NEXT 1048576 MINEXTENTS 1 MAXEXTENTS 2147483645
  PCTINCREASE 0 FREELISTS 1 FREELIST GROUPS 1 BUFFER_POOL DEFAULT)
  TABLESPACE "USERS" ;
--------------------------------------------------------
--  DDL for Index T_DOCENTES_HORARIO_PK
--------------------------------------------------------

  CREATE UNIQUE INDEX "CURSOS"."T_DOCENTES_HORARIO_PK" ON "CURSOS"."T_DOCENTES_HORARIO" ("ID_DOCENTE_HORARIO") 
  PCTFREE 10 INITRANS 2 MAXTRANS 255 COMPUTE STATISTICS 
  STORAGE(INITIAL 65536 NEXT 1048576 MINEXTENTS 1 MAXEXTENTS 2147483645
  PCTINCREASE 0 FREELISTS 1 FREELIST GROUPS 1 BUFFER_POOL DEFAULT)
  TABLESPACE "USERS" ;
--------------------------------------------------------
--  DDL for Index T_CONDICIONES_CURSO_PK
--------------------------------------------------------

  CREATE UNIQUE INDEX "CURSOS"."T_CONDICIONES_CURSO_PK" ON "CURSOS"."T_CONDICIONES_CURSO" ("ID_CONDICION_CURSO") 
  PCTFREE 10 INITRANS 2 MAXTRANS 255 COMPUTE STATISTICS 
  STORAGE(INITIAL 65536 NEXT 1048576 MINEXTENTS 1 MAXEXTENTS 2147483645
  PCTINCREASE 0 FREELISTS 1 FREELIST GROUPS 1 BUFFER_POOL DEFAULT)
  TABLESPACE "USERS" ;
--------------------------------------------------------
--  DDL for Index T_ESTADOS_EQUIPO_PK
--------------------------------------------------------

  CREATE UNIQUE INDEX "CURSOS"."T_ESTADOS_EQUIPO_PK" ON "CURSOS"."T_ESTADOS_EQUIPO" ("ID_ESTADO_EQUIPO") 
  PCTFREE 10 INITRANS 2 MAXTRANS 255 COMPUTE STATISTICS 
  STORAGE(INITIAL 65536 NEXT 1048576 MINEXTENTS 1 MAXEXTENTS 2147483645
  PCTINCREASE 0 FREELISTS 1 FREELIST GROUPS 1 BUFFER_POOL DEFAULT)
  TABLESPACE "USERS" ;
--------------------------------------------------------
--  DDL for Index T_DOCENTES_GRUPO_PK
--------------------------------------------------------

  CREATE UNIQUE INDEX "CURSOS"."T_DOCENTES_GRUPO_PK" ON "CURSOS"."T_DOCENTES_GRUPO" ("ID_DOCENTES_GRUPO") 
  PCTFREE 10 INITRANS 2 MAXTRANS 255 COMPUTE STATISTICS 
  STORAGE(INITIAL 65536 NEXT 1048576 MINEXTENTS 1 MAXEXTENTS 2147483645
  PCTINCREASE 0 FREELISTS 1 FREELIST GROUPS 1 BUFFER_POOL DEFAULT)
  TABLESPACE "USERS" ;
--------------------------------------------------------
--  DDL for Index T_SUPERVICIONES_PK
--------------------------------------------------------

  CREATE UNIQUE INDEX "CURSOS"."T_SUPERVICIONES_PK" ON "CURSOS"."T_SUPERVICIONES" ("ID_SUPERVISION") 
  PCTFREE 10 INITRANS 2 MAXTRANS 255 COMPUTE STATISTICS 
  STORAGE(INITIAL 65536 NEXT 1048576 MINEXTENTS 1 MAXEXTENTS 2147483645
  PCTINCREASE 0 FREELISTS 1 FREELIST GROUPS 1 BUFFER_POOL DEFAULT)
  TABLESPACE "USERS" ;
--------------------------------------------------------
--  DDL for Index T_TIPOS_ESTADO_CIVIL_PK
--------------------------------------------------------

  CREATE UNIQUE INDEX "CURSOS"."T_TIPOS_ESTADO_CIVIL_PK" ON "CURSOS"."T_TIPOS_ESTADO_CIVIL" ("ID_TIPO_ESTADO_CIVIL") 
  PCTFREE 10 INITRANS 2 MAXTRANS 255 COMPUTE STATISTICS 
  STORAGE(INITIAL 65536 NEXT 1048576 MINEXTENTS 1 MAXEXTENTS 2147483645
  PCTINCREASE 0 FREELISTS 1 FREELIST GROUPS 1 BUFFER_POOL DEFAULT)
  TABLESPACE "USERS" ;
--------------------------------------------------------
--  DDL for Index T_GRUPOS_HORARIO_PK
--------------------------------------------------------

  CREATE UNIQUE INDEX "CURSOS"."T_GRUPOS_HORARIO_PK" ON "CURSOS"."T_GRUPOS_HORARIO" ("ID_HORARIO_GRUPO") 
  PCTFREE 10 INITRANS 2 MAXTRANS 255 COMPUTE STATISTICS 
  STORAGE(INITIAL 65536 NEXT 1048576 MINEXTENTS 1 MAXEXTENTS 2147483645
  PCTINCREASE 0 FREELISTS 1 FREELIST GROUPS 1 BUFFER_POOL DEFAULT)
  TABLESPACE "USERS" ;
--------------------------------------------------------
--  DDL for Index T_DETALLES_FACTURA_PK
--------------------------------------------------------

  CREATE UNIQUE INDEX "CURSOS"."T_DETALLES_FACTURA_PK" ON "CURSOS"."T_DETALLES_FACTURA" ("ID_DETALLE_FACTURA") 
  PCTFREE 10 INITRANS 2 MAXTRANS 255 COMPUTE STATISTICS 
  STORAGE(INITIAL 65536 NEXT 1048576 MINEXTENTS 1 MAXEXTENTS 2147483645
  PCTINCREASE 0 FREELISTS 1 FREELIST GROUPS 1 BUFFER_POOL DEFAULT)
  TABLESPACE "USERS" ;
--------------------------------------------------------
--  DDL for Index T_PROGRAMAS_TEMARIO_PK
--------------------------------------------------------

  CREATE UNIQUE INDEX "CURSOS"."T_PROGRAMAS_TEMARIO_PK" ON "CURSOS"."T_PROGRAMAS_TEMARIO" ("ID_PROGRAMA_TEMARIO") 
  PCTFREE 10 INITRANS 2 MAXTRANS 255 COMPUTE STATISTICS 
  STORAGE(INITIAL 65536 NEXT 1048576 MINEXTENTS 1 MAXEXTENTS 2147483645
  PCTINCREASE 0 FREELISTS 1 FREELIST GROUPS 1 BUFFER_POOL DEFAULT)
  TABLESPACE "USERS" ;
--------------------------------------------------------
--  DDL for Index T_DOMICILIO_PK
--------------------------------------------------------

  CREATE UNIQUE INDEX "CURSOS"."T_DOMICILIO_PK" ON "CURSOS"."T_DOMICILIO" ("ID_DOMICILIO") 
  PCTFREE 10 INITRANS 2 MAXTRANS 255 COMPUTE STATISTICS 
  STORAGE(INITIAL 65536 NEXT 1048576 MINEXTENTS 1 MAXEXTENTS 2147483645
  PCTINCREASE 0 FREELISTS 1 FREELIST GROUPS 1 BUFFER_POOL DEFAULT)
  TABLESPACE "USERS" ;
--------------------------------------------------------
--  DDL for Index T_PERSONASJUR_PK
--------------------------------------------------------

  CREATE UNIQUE INDEX "CURSOS"."T_PERSONASJUR_PK" ON "CURSOS"."T_PERSONASJUR" ("ID_PERSONAJUR") 
  PCTFREE 10 INITRANS 2 MAXTRANS 255 COMPUTE STATISTICS 
  STORAGE(INITIAL 65536 NEXT 1048576 MINEXTENTS 1 MAXEXTENTS 2147483645
  PCTINCREASE 0 FREELISTS 1 FREELIST GROUPS 1 BUFFER_POOL DEFAULT)
  TABLESPACE "USERS" ;
--------------------------------------------------------
--  DDL for Index T_CURSO_PK
--------------------------------------------------------

  CREATE UNIQUE INDEX "CURSOS"."T_CURSO_PK" ON "CURSOS"."T_CURSOS" ("ID_CURSO") 
  PCTFREE 10 INITRANS 2 MAXTRANS 255 COMPUTE STATISTICS 
  STORAGE(INITIAL 65536 NEXT 1048576 MINEXTENTS 1 MAXEXTENTS 2147483645
  PCTINCREASE 0 FREELISTS 1 FREELIST GROUPS 1 BUFFER_POOL DEFAULT)
  TABLESPACE "USERS" ;
--------------------------------------------------------
--  DDL for Index T_ESTABLECIMINETOS_PK
--------------------------------------------------------

  CREATE UNIQUE INDEX "CURSOS"."T_ESTABLECIMINETOS_PK" ON "CURSOS"."T_ESTABLECIMINETOS" ("ID_ESTABLECIMIENTO") 
  PCTFREE 10 INITRANS 2 MAXTRANS 255 COMPUTE STATISTICS 
  STORAGE(INITIAL 65536 NEXT 1048576 MINEXTENTS 1 MAXEXTENTS 2147483645
  PCTINCREASE 0 FREELISTS 1 FREELIST GROUPS 1 BUFFER_POOL DEFAULT)
  TABLESPACE "USERS" ;
--------------------------------------------------------
--  DDL for Index T_USUARIO_PK
--------------------------------------------------------

  CREATE UNIQUE INDEX "CURSOS"."T_USUARIO_PK" ON "CURSOS"."T_USUARIO" ("ID_USUARIO") 
  PCTFREE 10 INITRANS 2 MAXTRANS 255 COMPUTE STATISTICS 
  STORAGE(INITIAL 65536 NEXT 1048576 MINEXTENTS 1 MAXEXTENTS 2147483645
  PCTINCREASE 0 FREELISTS 1 FREELIST GROUPS 1 BUFFER_POOL DEFAULT)
  TABLESPACE "USERS" ;
--------------------------------------------------------
--  DDL for Index T_EQUIPOS_PK
--------------------------------------------------------

  CREATE UNIQUE INDEX "CURSOS"."T_EQUIPOS_PK" ON "CURSOS"."T_EQUIPOS" ("ID_EQUIPO") 
  PCTFREE 10 INITRANS 2 MAXTRANS 255 COMPUTE STATISTICS 
  STORAGE(INITIAL 65536 NEXT 1048576 MINEXTENTS 1 MAXEXTENTS 2147483645
  PCTINCREASE 0 FREELISTS 1 FREELIST GROUPS 1 BUFFER_POOL DEFAULT)
  TABLESPACE "USERS" ;
--------------------------------------------------------
--  DDL for Index T_MOVIMIENTOS_PK
--------------------------------------------------------

  CREATE UNIQUE INDEX "CURSOS"."T_MOVIMIENTOS_PK" ON "CURSOS"."T_MOVIMIENTOS" ("ID_MOVIMIENTO") 
  PCTFREE 10 INITRANS 2 MAXTRANS 255 COMPUTE STATISTICS 
  STORAGE(INITIAL 65536 NEXT 1048576 MINEXTENTS 1 MAXEXTENTS 2147483645
  PCTINCREASE 0 FREELISTS 1 FREELIST GROUPS 1 BUFFER_POOL DEFAULT)
  TABLESPACE "USERS" ;
--------------------------------------------------------
--  DDL for Index T_CAJA_CHICA_PK
--------------------------------------------------------

  CREATE UNIQUE INDEX "CURSOS"."T_CAJA_CHICA_PK" ON "CURSOS"."T_CAJA_CHICA" ("ID_CAJA_CHICA") 
  PCTFREE 10 INITRANS 2 MAXTRANS 255 COMPUTE STATISTICS 
  STORAGE(INITIAL 65536 NEXT 1048576 MINEXTENTS 1 MAXEXTENTS 2147483645
  PCTINCREASE 0 FREELISTS 1 FREELIST GROUPS 1 BUFFER_POOL DEFAULT)
  TABLESPACE "USERS" ;
--------------------------------------------------------
--  DDL for Index T_PRESTAMOS_PK
--------------------------------------------------------

  CREATE UNIQUE INDEX "CURSOS"."T_PRESTAMOS_PK" ON "CURSOS"."T_PRESTAMOS" ("ID_PRESTAMO") 
  PCTFREE 10 INITRANS 2 MAXTRANS 255 COMPUTE STATISTICS 
  STORAGE(INITIAL 65536 NEXT 1048576 MINEXTENTS 1 MAXEXTENTS 2147483645
  PCTINCREASE 0 FREELISTS 1 FREELIST GROUPS 1 BUFFER_POOL DEFAULT)
  TABLESPACE "USERS" ;
--------------------------------------------------------
--  DDL for Index T_FACTURAS_PK
--------------------------------------------------------

  CREATE UNIQUE INDEX "CURSOS"."T_FACTURAS_PK" ON "CURSOS"."T_FACTURAS" ("ID_FACTURA") 
  PCTFREE 10 INITRANS 2 MAXTRANS 255 COMPUTE STATISTICS 
  STORAGE(INITIAL 65536 NEXT 1048576 MINEXTENTS 1 MAXEXTENTS 2147483645
  PCTINCREASE 0 FREELISTS 1 FREELIST GROUPS 1 BUFFER_POOL DEFAULT)
  TABLESPACE "USERS" ;
--------------------------------------------------------
--  DDL for Index T_CERTIFICACIONES_PK
--------------------------------------------------------

  CREATE UNIQUE INDEX "CURSOS"."T_CERTIFICACIONES_PK" ON "CURSOS"."T_CERTIFICACIONES" ("ID_CERTIFICADO") 
  PCTFREE 10 INITRANS 2 MAXTRANS 255 COMPUTE STATISTICS 
  STORAGE(INITIAL 65536 NEXT 1048576 MINEXTENTS 1 MAXEXTENTS 2147483645
  PCTINCREASE 0 FREELISTS 1 FREELIST GROUPS 1 BUFFER_POOL DEFAULT)
  TABLESPACE "USERS" ;
--------------------------------------------------------
--  DDL for Index T_TIPOS_DOCENTE_PK
--------------------------------------------------------

  CREATE UNIQUE INDEX "CURSOS"."T_TIPOS_DOCENTE_PK" ON "CURSOS"."T_TIPOS_DOCENTE" ("ID_TIPO_DOCENTE") 
  PCTFREE 10 INITRANS 2 MAXTRANS 255 COMPUTE STATISTICS 
  STORAGE(INITIAL 65536 NEXT 1048576 MINEXTENTS 1 MAXEXTENTS 2147483645
  PCTINCREASE 0 FREELISTS 1 FREELIST GROUPS 1 BUFFER_POOL DEFAULT)
  TABLESPACE "USERS" ;
--------------------------------------------------------
--  DDL for Index T_NIVELES_PK
--------------------------------------------------------

  CREATE UNIQUE INDEX "CURSOS"."T_NIVELES_PK" ON "CURSOS"."T_NIVELES" ("ID_NIVEL") 
  PCTFREE 10 INITRANS 2 MAXTRANS 255 COMPUTE STATISTICS 
  STORAGE(INITIAL 65536 NEXT 1048576 MINEXTENTS 1 MAXEXTENTS 2147483645
  PCTINCREASE 0 FREELISTS 1 FREELIST GROUPS 1 BUFFER_POOL DEFAULT)
  TABLESPACE "USERS" ;
--------------------------------------------------------
--  DDL for Index T_PROGRAMAS_TEMARIO_UK1
--------------------------------------------------------

  CREATE UNIQUE INDEX "CURSOS"."T_PROGRAMAS_TEMARIO_UK1" ON "CURSOS"."T_PROGRAMAS_TEMARIO" ("ID_PROGRAMA", "ID_TEMARIO") 
  PCTFREE 10 INITRANS 2 MAXTRANS 255 COMPUTE STATISTICS 
  STORAGE(INITIAL 65536 NEXT 1048576 MINEXTENTS 1 MAXEXTENTS 2147483645
  PCTINCREASE 0 FREELISTS 1 FREELIST GROUPS 1 BUFFER_POOL DEFAULT)
  TABLESPACE "USERS" ;
--------------------------------------------------------
--  DDL for Index T_CERTIFICACIONES_UK1
--------------------------------------------------------

  CREATE UNIQUE INDEX "CURSOS"."T_CERTIFICACIONES_UK1" ON "CURSOS"."T_CERTIFICACIONES" ("ID_INSCRIPCION") 
  PCTFREE 10 INITRANS 2 MAXTRANS 255 COMPUTE STATISTICS 
  STORAGE(INITIAL 65536 NEXT 1048576 MINEXTENTS 1 MAXEXTENTS 2147483645
  PCTINCREASE 0 FREELISTS 1 FREELIST GROUPS 1 BUFFER_POOL DEFAULT)
  TABLESPACE "USERS" ;
--------------------------------------------------------
--  DDL for Index T_TIPOS_SEXO_PK
--------------------------------------------------------

  CREATE UNIQUE INDEX "CURSOS"."T_TIPOS_SEXO_PK" ON "CURSOS"."T_TIPOS_SEXO" ("ID_TIPO_SEXO") 
  PCTFREE 10 INITRANS 2 MAXTRANS 255 COMPUTE STATISTICS 
  STORAGE(INITIAL 65536 NEXT 1048576 MINEXTENTS 1 MAXEXTENTS 2147483645
  PCTINCREASE 0 FREELISTS 1 FREELIST GROUPS 1 BUFFER_POOL DEFAULT)
  TABLESPACE "USERS" ;
--------------------------------------------------------
--  DDL for Index PK_GRUPOS
--------------------------------------------------------

  CREATE UNIQUE INDEX "CURSOS"."PK_GRUPOS" ON "CURSOS"."T_GRUPOS" ("ID_GRUPO") 
  PCTFREE 10 INITRANS 2 MAXTRANS 255 COMPUTE STATISTICS 
  STORAGE(INITIAL 65536 NEXT 1048576 MINEXTENTS 1 MAXEXTENTS 2147483645
  PCTINCREASE 0 FREELISTS 1 FREELIST GROUPS 1 BUFFER_POOL DEFAULT)
  TABLESPACE "USERS" ;
--------------------------------------------------------
--  DDL for Index T_EXAMENES_PK
--------------------------------------------------------

  CREATE UNIQUE INDEX "CURSOS"."T_EXAMENES_PK" ON "CURSOS"."T_EXAMENES" ("ID_EXAMEN") 
  PCTFREE 10 INITRANS 2 MAXTRANS 255 COMPUTE STATISTICS 
  STORAGE(INITIAL 65536 NEXT 1048576 MINEXTENTS 1 MAXEXTENTS 2147483645
  PCTINCREASE 0 FREELISTS 1 FREELIST GROUPS 1 BUFFER_POOL DEFAULT)
  TABLESPACE "USERS" ;
--------------------------------------------------------
--  DDL for Index T_ESTADOS_CAJA_CHICA_PK
--------------------------------------------------------

  CREATE UNIQUE INDEX "CURSOS"."T_ESTADOS_CAJA_CHICA_PK" ON "CURSOS"."T_ESTADOS_CAJA_CHICA" ("ID_ESTADO_CAJA_CHICA") 
  PCTFREE 10 INITRANS 2 MAXTRANS 255 COMPUTE STATISTICS 
  STORAGE(INITIAL 65536 NEXT 1048576 MINEXTENTS 1 MAXEXTENTS 2147483645
  PCTINCREASE 0 FREELISTS 1 FREELIST GROUPS 1 BUFFER_POOL DEFAULT)
  TABLESPACE "USERS" ;
--------------------------------------------------------
--  DDL for Index T_PERSONAS_PK
--------------------------------------------------------

  CREATE UNIQUE INDEX "CURSOS"."T_PERSONAS_PK" ON "CURSOS"."T_PERSONAS" ("ID_PERSONA") 
  PCTFREE 10 INITRANS 2 MAXTRANS 255 COMPUTE STATISTICS 
  STORAGE(INITIAL 65536 NEXT 1048576 MINEXTENTS 1 MAXEXTENTS 2147483645
  PCTINCREASE 0 FREELISTS 1 FREELIST GROUPS 1 BUFFER_POOL DEFAULT)
  TABLESPACE "USERS" ;
--------------------------------------------------------
--  DDL for Index PK_INSTITUCIONES
--------------------------------------------------------

  CREATE UNIQUE INDEX "CURSOS"."PK_INSTITUCIONES" ON "CURSOS"."T_INSTITUCIONES" ("ID_INSTITUCION") 
  PCTFREE 10 INITRANS 2 MAXTRANS 255 COMPUTE STATISTICS 
  STORAGE(INITIAL 65536 NEXT 1048576 MINEXTENTS 1 MAXEXTENTS 2147483645
  PCTINCREASE 0 FREELISTS 1 FREELIST GROUPS 1 BUFFER_POOL DEFAULT)
  TABLESPACE "USERS" ;
--------------------------------------------------------
--  DDL for Index T_USUARIO_UK1
--------------------------------------------------------

  CREATE UNIQUE INDEX "CURSOS"."T_USUARIO_UK1" ON "CURSOS"."T_USUARIO" ("NOMBRE") 
  PCTFREE 10 INITRANS 2 MAXTRANS 255 COMPUTE STATISTICS 
  STORAGE(INITIAL 65536 NEXT 1048576 MINEXTENTS 1 MAXEXTENTS 2147483645
  PCTINCREASE 0 FREELISTS 1 FREELIST GROUPS 1 BUFFER_POOL DEFAULT)
  TABLESPACE "USERS" ;
--------------------------------------------------------
--  DDL for Index TABLE1_PK
--------------------------------------------------------

  CREATE UNIQUE INDEX "CURSOS"."TABLE1_PK" ON "CURSOS"."T_TIPOS_MOVIMIENTOS" ("ID_TIPO_MOVIMIENTO") 
  PCTFREE 10 INITRANS 2 MAXTRANS 255 COMPUTE STATISTICS 
  STORAGE(INITIAL 65536 NEXT 1048576 MINEXTENTS 1 MAXEXTENTS 2147483645
  PCTINCREASE 0 FREELISTS 1 FREELIST GROUPS 1 BUFFER_POOL DEFAULT)
  TABLESPACE "USERS" ;
--------------------------------------------------------
--  DDL for Index T_TEMARIO_PK
--------------------------------------------------------

  CREATE UNIQUE INDEX "CURSOS"."T_TEMARIO_PK" ON "CURSOS"."T_TEMARIO" ("ID_TEMARIO") 
  PCTFREE 10 INITRANS 2 MAXTRANS 255 COMPUTE STATISTICS 
  STORAGE(INITIAL 65536 NEXT 1048576 MINEXTENTS 1 MAXEXTENTS 2147483645
  PCTINCREASE 0 FREELISTS 1 FREELIST GROUPS 1 BUFFER_POOL DEFAULT)
  TABLESPACE "USERS" ;
--------------------------------------------------------
--  DDL for Index T_CARGOS_PK
--------------------------------------------------------

  CREATE UNIQUE INDEX "CURSOS"."T_CARGOS_PK" ON "CURSOS"."T_CARGOS" ("ID_CARGO") 
  PCTFREE 10 INITRANS 2 MAXTRANS 255 COMPUTE STATISTICS 
  STORAGE(INITIAL 65536 NEXT 1048576 MINEXTENTS 1 MAXEXTENTS 2147483645
  PCTINCREASE 0 FREELISTS 1 FREELIST GROUPS 1 BUFFER_POOL DEFAULT)
  TABLESPACE "USERS" ;
--------------------------------------------------------
--  DDL for Index T_ALUMONOS_GRUPO_PK
--------------------------------------------------------

  CREATE UNIQUE INDEX "CURSOS"."T_ALUMONOS_GRUPO_PK" ON "CURSOS"."T_ALUMONOS_GRUPO" ("ID_GRUPO_ALUMNO") 
  PCTFREE 10 INITRANS 2 MAXTRANS 255 COMPUTE STATISTICS 
  STORAGE(INITIAL 65536 NEXT 1048576 MINEXTENTS 1 MAXEXTENTS 2147483645
  PCTINCREASE 0 FREELISTS 1 FREELIST GROUPS 1 BUFFER_POOL DEFAULT)
  TABLESPACE "USERS" ;
--------------------------------------------------------
--  DDL for Index T_ESTADOS_CURSO_PK
--------------------------------------------------------

  CREATE UNIQUE INDEX "CURSOS"."T_ESTADOS_CURSO_PK" ON "CURSOS"."T_ESTADOS_CURSO" ("ID_ESTADO_CURSO") 
  PCTFREE 10 INITRANS 2 MAXTRANS 255 COMPUTE STATISTICS 
  STORAGE(INITIAL 65536 NEXT 1048576 MINEXTENTS 1 MAXEXTENTS 2147483645
  PCTINCREASE 0 FREELISTS 1 FREELIST GROUPS 1 BUFFER_POOL DEFAULT)
  TABLESPACE "USERS" ;
--------------------------------------------------------
--  DDL for Index T_INSCRIPCIONES_UK1
--------------------------------------------------------

  CREATE UNIQUE INDEX "CURSOS"."T_INSCRIPCIONES_UK1" ON "CURSOS"."T_INSCRIPCIONES" ("ID_ALUMNO", "ID_CONDICION_CURSO") 
  PCTFREE 10 INITRANS 2 MAXTRANS 255 COMPUTE STATISTICS 
  STORAGE(INITIAL 65536 NEXT 1048576 MINEXTENTS 1 MAXEXTENTS 2147483645
  PCTINCREASE 0 FREELISTS 1 FREELIST GROUPS 1 BUFFER_POOL DEFAULT)
  TABLESPACE "USERS" ;
--------------------------------------------------------
--  DDL for Index T_DOCENTES_PK
--------------------------------------------------------

  CREATE UNIQUE INDEX "CURSOS"."T_DOCENTES_PK" ON "CURSOS"."T_DOCENTES" ("ID_DOCENTE") 
  PCTFREE 10 INITRANS 2 MAXTRANS 255 COMPUTE STATISTICS 
  STORAGE(INITIAL 65536 NEXT 1048576 MINEXTENTS 1 MAXEXTENTS 2147483645
  PCTINCREASE 0 FREELISTS 1 FREELIST GROUPS 1 BUFFER_POOL DEFAULT)
  TABLESPACE "USERS" ;
--------------------------------------------------------
--  DDL for Index T_AREAS_TIPOS_CURSO_PK
--------------------------------------------------------

  CREATE UNIQUE INDEX "CURSOS"."T_AREAS_TIPOS_CURSO_PK" ON "CURSOS"."T_AREAS_TIPOS_CURSO" ("ID_AREA_TIPO_CURSO") 
  PCTFREE 10 INITRANS 2 MAXTRANS 255 COMPUTE STATISTICS 
  STORAGE(INITIAL 65536 NEXT 1048576 MINEXTENTS 1 MAXEXTENTS 2147483645
  PCTINCREASE 0 FREELISTS 1 FREELIST GROUPS 1 BUFFER_POOL DEFAULT)
  TABLESPACE "USERS" ;
--------------------------------------------------------
--  DDL for Index T_INSCRIPCIONES_PK
--------------------------------------------------------

  CREATE UNIQUE INDEX "CURSOS"."T_INSCRIPCIONES_PK" ON "CURSOS"."T_INSCRIPCIONES" ("ID_INSCRIPCION") 
  PCTFREE 10 INITRANS 2 MAXTRANS 255 COMPUTE STATISTICS 
  STORAGE(INITIAL 65536 NEXT 1048576 MINEXTENTS 1 MAXEXTENTS 2147483645
  PCTINCREASE 0 FREELISTS 1 FREELIST GROUPS 1 BUFFER_POOL DEFAULT)
  TABLESPACE "USERS" ;
--------------------------------------------------------
--  DDL for Index T_PROGRAMAS_PK
--------------------------------------------------------

  CREATE UNIQUE INDEX "CURSOS"."T_PROGRAMAS_PK" ON "CURSOS"."T_PROGRAMAS" ("ID_PROGRAMA") 
  PCTFREE 10 INITRANS 2 MAXTRANS 255 COMPUTE STATISTICS 
  STORAGE(INITIAL 65536 NEXT 1048576 MINEXTENTS 1 MAXEXTENTS 2147483645
  PCTINCREASE 0 FREELISTS 1 FREELIST GROUPS 1 BUFFER_POOL DEFAULT)
  TABLESPACE "USERS" ;
--------------------------------------------------------
--  DDL for Index T_MODALIDADES_PK
--------------------------------------------------------

  CREATE UNIQUE INDEX "CURSOS"."T_MODALIDADES_PK" ON "CURSOS"."T_MODALIDADES" ("ID_MODALIDAD") 
  PCTFREE 10 INITRANS 2 MAXTRANS 255 COMPUTE STATISTICS 
  STORAGE(INITIAL 65536 NEXT 1048576 MINEXTENTS 1 MAXEXTENTS 2147483645
  PCTINCREASE 0 FREELISTS 1 FREELIST GROUPS 1 BUFFER_POOL DEFAULT)
  TABLESPACE "USERS" ;
--------------------------------------------------------
--  DDL for Index T_ALUMNOS_HORARIO_PK
--------------------------------------------------------

  CREATE UNIQUE INDEX "CURSOS"."T_ALUMNOS_HORARIO_PK" ON "CURSOS"."T_ALUMNOS_HORARIO" ("ID_ALUMNO_HORARIO") 
  PCTFREE 10 INITRANS 2 MAXTRANS 255 COMPUTE STATISTICS 
  STORAGE(INITIAL 65536 NEXT 1048576 MINEXTENTS 1 MAXEXTENTS 2147483645
  PCTINCREASE 0 FREELISTS 1 FREELIST GROUPS 1 BUFFER_POOL DEFAULT)
  TABLESPACE "USERS" ;
--------------------------------------------------------
--  DDL for Index T_NOVEDADES_PK
--------------------------------------------------------

  CREATE UNIQUE INDEX "CURSOS"."T_NOVEDADES_PK" ON "CURSOS"."T_NOVEDADES" ("ID_NOVEDAD") 
  PCTFREE 10 INITRANS 2 MAXTRANS 255 COMPUTE STATISTICS 
  STORAGE(INITIAL 65536 NEXT 1048576 MINEXTENTS 1 MAXEXTENTS 2147483645
  PCTINCREASE 0 FREELISTS 1 FREELIST GROUPS 1 BUFFER_POOL DEFAULT)
  TABLESPACE "USERS" ;
--------------------------------------------------------
--  DDL for Index T_SUPERVISORES_PK
--------------------------------------------------------

  CREATE UNIQUE INDEX "CURSOS"."T_SUPERVISORES_PK" ON "CURSOS"."T_SUPERVISORES" ("ID_SUPERVISOR") 
  PCTFREE 10 INITRANS 2 MAXTRANS 255 COMPUTE STATISTICS 
  STORAGE(INITIAL 65536 NEXT 1048576 MINEXTENTS 1 MAXEXTENTS 2147483645
  PCTINCREASE 0 FREELISTS 1 FREELIST GROUPS 1 BUFFER_POOL DEFAULT)
  TABLESPACE "USERS" ;
--------------------------------------------------------
--  DDL for Index T_HORARIOS_PK
--------------------------------------------------------

  CREATE UNIQUE INDEX "CURSOS"."T_HORARIOS_PK" ON "CURSOS"."T_HORARIOS" ("ID_HORARIO") 
  PCTFREE 10 INITRANS 2 MAXTRANS 255 COMPUTE STATISTICS 
  STORAGE(INITIAL 65536 NEXT 1048576 MINEXTENTS 1 MAXEXTENTS 2147483645
  PCTINCREASE 0 FREELISTS 1 FREELIST GROUPS 1 BUFFER_POOL DEFAULT)
  TABLESPACE "USERS" ;
--------------------------------------------------------
--  DDL for Index PK_ALUMNOS
--------------------------------------------------------

  CREATE UNIQUE INDEX "CURSOS"."PK_ALUMNOS" ON "CURSOS"."T_ALUMNOS" ("ID_ALUMNO") 
  PCTFREE 10 INITRANS 2 MAXTRANS 255 COMPUTE STATISTICS 
  STORAGE(INITIAL 65536 NEXT 1048576 MINEXTENTS 1 MAXEXTENTS 2147483645
  PCTINCREASE 0 FREELISTS 1 FREELIST GROUPS 1 BUFFER_POOL DEFAULT)
  TABLESPACE "USERS" ;
--------------------------------------------------------
--  DDL for Index UQ_INSTITUCIONES_INST_NOMBRE
--------------------------------------------------------

  CREATE UNIQUE INDEX "CURSOS"."UQ_INSTITUCIONES_INST_NOMBRE" ON "CURSOS"."T_INSTITUCIONES" ("N_INSTITUCION") 
  PCTFREE 10 INITRANS 2 MAXTRANS 255 COMPUTE STATISTICS 
  STORAGE(INITIAL 65536 NEXT 1048576 MINEXTENTS 1 MAXEXTENTS 2147483645
  PCTINCREASE 0 FREELISTS 1 FREELIST GROUPS 1 BUFFER_POOL DEFAULT)
  TABLESPACE "USERS" ;
--------------------------------------------------------
--  DDL for Index T_ALUMNOS_UK1
--------------------------------------------------------

  CREATE UNIQUE INDEX "CURSOS"."T_ALUMNOS_UK1" ON "CURSOS"."T_ALUMNOS" ("NRO_DOCUMENTO", "CUIL") 
  PCTFREE 10 INITRANS 2 MAXTRANS 255 COMPUTE STATISTICS 
  STORAGE(INITIAL 65536 NEXT 1048576 MINEXTENTS 1 MAXEXTENTS 2147483645
  PCTINCREASE 0 FREELISTS 1 FREELIST GROUPS 1 BUFFER_POOL DEFAULT)
  TABLESPACE "USERS" ;
--------------------------------------------------------
--  DDL for Index T_EXAMENES_UK1
--------------------------------------------------------

  CREATE UNIQUE INDEX "CURSOS"."T_EXAMENES_UK1" ON "CURSOS"."T_EXAMENES" ("NRO_EXAMEN", "ID_INSCRIPCION") 
  PCTFREE 10 INITRANS 2 MAXTRANS 255 COMPUTE STATISTICS 
  STORAGE(INITIAL 65536 NEXT 1048576 MINEXTENTS 1 MAXEXTENTS 2147483645
  PCTINCREASE 0 FREELISTS 1 FREELIST GROUPS 1 BUFFER_POOL DEFAULT)
  TABLESPACE "USERS" ;
--------------------------------------------------------
--  Constraints for Table T_USUARIO
--------------------------------------------------------

  ALTER TABLE "CURSOS"."T_USUARIO" MODIFY ("ID_USUARIO" NOT NULL ENABLE);
 
  ALTER TABLE "CURSOS"."T_USUARIO" MODIFY ("NOMBRE" NOT NULL ENABLE);
 
  ALTER TABLE "CURSOS"."T_USUARIO" MODIFY ("PASSWORD" NOT NULL ENABLE);
 
  ALTER TABLE "CURSOS"."T_USUARIO" MODIFY ("FEC_ALTA" NOT NULL ENABLE);
 
  ALTER TABLE "CURSOS"."T_USUARIO" MODIFY ("FEC_MODIF" NOT NULL ENABLE);
 
  ALTER TABLE "CURSOS"."T_USUARIO" MODIFY ("USR_ALTA" NOT NULL ENABLE);
 
  ALTER TABLE "CURSOS"."T_USUARIO" MODIFY ("USR_MODIF" NOT NULL ENABLE);
 
  ALTER TABLE "CURSOS"."T_USUARIO" MODIFY ("ESTADO" NOT NULL ENABLE);
 
  ALTER TABLE "CURSOS"."T_USUARIO" MODIFY ("ID_ROL" NOT NULL ENABLE);
 
  ALTER TABLE "CURSOS"."T_USUARIO" ADD CONSTRAINT "T_USUARIO_PK" PRIMARY KEY ("ID_USUARIO")
  USING INDEX PCTFREE 10 INITRANS 2 MAXTRANS 255 COMPUTE STATISTICS 
  STORAGE(INITIAL 65536 NEXT 1048576 MINEXTENTS 1 MAXEXTENTS 2147483645
  PCTINCREASE 0 FREELISTS 1 FREELIST GROUPS 1 BUFFER_POOL DEFAULT)
  TABLESPACE "USERS"  ENABLE;
 
  ALTER TABLE "CURSOS"."T_USUARIO" ADD CONSTRAINT "T_USUARIO_UK1" UNIQUE ("NOMBRE")
  USING INDEX PCTFREE 10 INITRANS 2 MAXTRANS 255 COMPUTE STATISTICS 
  STORAGE(INITIAL 65536 NEXT 1048576 MINEXTENTS 1 MAXEXTENTS 2147483645
  PCTINCREASE 0 FREELISTS 1 FREELIST GROUPS 1 BUFFER_POOL DEFAULT)
  TABLESPACE "USERS"  ENABLE;
--------------------------------------------------------
--  Constraints for Table T_INSCRIPCIONES
--------------------------------------------------------

  ALTER TABLE "CURSOS"."T_INSCRIPCIONES" MODIFY ("APROBO" NOT NULL ENABLE);
 
  ALTER TABLE "CURSOS"."T_INSCRIPCIONES" MODIFY ("ID_INSCRIPCION" NOT NULL ENABLE);
 
  ALTER TABLE "CURSOS"."T_INSCRIPCIONES" MODIFY ("ID_ALUMNO" NOT NULL ENABLE);
 
  ALTER TABLE "CURSOS"."T_INSCRIPCIONES" MODIFY ("FECHA" NOT NULL ENABLE);
 
  ALTER TABLE "CURSOS"."T_INSCRIPCIONES" MODIFY ("DESCRIPCION" NOT NULL ENABLE);
 
  ALTER TABLE "CURSOS"."T_INSCRIPCIONES" MODIFY ("FEC_ALTA" NOT NULL ENABLE);
 
  ALTER TABLE "CURSOS"."T_INSCRIPCIONES" MODIFY ("USR_ALTA" NOT NULL ENABLE);
 
  ALTER TABLE "CURSOS"."T_INSCRIPCIONES" MODIFY ("FEC_MODIF" NOT NULL ENABLE);
 
  ALTER TABLE "CURSOS"."T_INSCRIPCIONES" MODIFY ("USR_MODIF" NOT NULL ENABLE);
 
  ALTER TABLE "CURSOS"."T_INSCRIPCIONES" MODIFY ("ESTADO" NOT NULL ENABLE);
 
  ALTER TABLE "CURSOS"."T_INSCRIPCIONES" MODIFY ("ID_CONDICION_CURSO" NOT NULL ENABLE);
 
  ALTER TABLE "CURSOS"."T_INSCRIPCIONES" ADD CONSTRAINT "T_INSCRIPCIONES_PK" PRIMARY KEY ("ID_INSCRIPCION")
  USING INDEX PCTFREE 10 INITRANS 2 MAXTRANS 255 COMPUTE STATISTICS 
  STORAGE(INITIAL 65536 NEXT 1048576 MINEXTENTS 1 MAXEXTENTS 2147483645
  PCTINCREASE 0 FREELISTS 1 FREELIST GROUPS 1 BUFFER_POOL DEFAULT)
  TABLESPACE "USERS"  ENABLE;
 
  ALTER TABLE "CURSOS"."T_INSCRIPCIONES" ADD CONSTRAINT "T_INSCRIPCIONES_UK1" UNIQUE ("ID_ALUMNO", "ID_CONDICION_CURSO")
  USING INDEX PCTFREE 10 INITRANS 2 MAXTRANS 255 COMPUTE STATISTICS 
  STORAGE(INITIAL 65536 NEXT 1048576 MINEXTENTS 1 MAXEXTENTS 2147483645
  PCTINCREASE 0 FREELISTS 1 FREELIST GROUPS 1 BUFFER_POOL DEFAULT)
  TABLESPACE "USERS"  ENABLE;
--------------------------------------------------------
--  Constraints for Table T_NOVEDADES
--------------------------------------------------------

  ALTER TABLE "CURSOS"."T_NOVEDADES" MODIFY ("ID_NOVEDAD" NOT NULL ENABLE);
 
  ALTER TABLE "CURSOS"."T_NOVEDADES" MODIFY ("ID_GRUPO" NOT NULL ENABLE);
 
  ALTER TABLE "CURSOS"."T_NOVEDADES" MODIFY ("DESCRIPCION" NOT NULL ENABLE);
 
  ALTER TABLE "CURSOS"."T_NOVEDADES" MODIFY ("FEC_ALTA" NOT NULL ENABLE);
 
  ALTER TABLE "CURSOS"."T_NOVEDADES" MODIFY ("USR_ALTA" NOT NULL ENABLE);
 
  ALTER TABLE "CURSOS"."T_NOVEDADES" MODIFY ("FEC_MODIF" NOT NULL ENABLE);
 
  ALTER TABLE "CURSOS"."T_NOVEDADES" MODIFY ("USR_MODIF" NOT NULL ENABLE);
 
  ALTER TABLE "CURSOS"."T_NOVEDADES" MODIFY ("ESTADO" NOT NULL ENABLE);
 
  ALTER TABLE "CURSOS"."T_NOVEDADES" ADD CONSTRAINT "T_NOVEDADES_PK" PRIMARY KEY ("ID_NOVEDAD")
  USING INDEX PCTFREE 10 INITRANS 2 MAXTRANS 255 COMPUTE STATISTICS 
  STORAGE(INITIAL 65536 NEXT 1048576 MINEXTENTS 1 MAXEXTENTS 2147483645
  PCTINCREASE 0 FREELISTS 1 FREELIST GROUPS 1 BUFFER_POOL DEFAULT)
  TABLESPACE "USERS"  ENABLE;
--------------------------------------------------------
--  Constraints for Table T_DOMICILIO
--------------------------------------------------------

  ALTER TABLE "CURSOS"."T_DOMICILIO" MODIFY ("ID_DOMICILIO" NOT NULL ENABLE);
 
  ALTER TABLE "CURSOS"."T_DOMICILIO" ADD CONSTRAINT "T_DOMICILIO_PK" PRIMARY KEY ("ID_DOMICILIO")
  USING INDEX PCTFREE 10 INITRANS 2 MAXTRANS 255 COMPUTE STATISTICS 
  STORAGE(INITIAL 65536 NEXT 1048576 MINEXTENTS 1 MAXEXTENTS 2147483645
  PCTINCREASE 0 FREELISTS 1 FREELIST GROUPS 1 BUFFER_POOL DEFAULT)
  TABLESPACE "USERS"  ENABLE;
--------------------------------------------------------
--  Constraints for Table T_FACTURAS
--------------------------------------------------------

  ALTER TABLE "CURSOS"."T_FACTURAS" MODIFY ("ID_FACTURA" NOT NULL ENABLE);
 
  ALTER TABLE "CURSOS"."T_FACTURAS" MODIFY ("NRO_FACTURA" NOT NULL ENABLE);
 
  ALTER TABLE "CURSOS"."T_FACTURAS" MODIFY ("MONTO_TOTAL" NOT NULL ENABLE);
 
  ALTER TABLE "CURSOS"."T_FACTURAS" MODIFY ("CONCEPTO" NOT NULL ENABLE);
 
  ALTER TABLE "CURSOS"."T_FACTURAS" MODIFY ("FEC_ALTA" NOT NULL ENABLE);
 
  ALTER TABLE "CURSOS"."T_FACTURAS" MODIFY ("USR_ALTA" NOT NULL ENABLE);
 
  ALTER TABLE "CURSOS"."T_FACTURAS" MODIFY ("FEC_MODIF" NOT NULL ENABLE);
 
  ALTER TABLE "CURSOS"."T_FACTURAS" MODIFY ("USR_MODIF" NOT NULL ENABLE);
 
  ALTER TABLE "CURSOS"."T_FACTURAS" MODIFY ("ESTADO" NOT NULL ENABLE);
 
  ALTER TABLE "CURSOS"."T_FACTURAS" MODIFY ("ID_CONDICION_CURSO" NOT NULL ENABLE);
 
  ALTER TABLE "CURSOS"."T_FACTURAS" ADD CONSTRAINT "T_FACTURAS_PK" PRIMARY KEY ("ID_FACTURA")
  USING INDEX PCTFREE 10 INITRANS 2 MAXTRANS 255 COMPUTE STATISTICS 
  STORAGE(INITIAL 65536 NEXT 1048576 MINEXTENTS 1 MAXEXTENTS 2147483645
  PCTINCREASE 0 FREELISTS 1 FREELIST GROUPS 1 BUFFER_POOL DEFAULT)
  TABLESPACE "USERS"  ENABLE;
--------------------------------------------------------
--  Constraints for Table T_NIVELES
--------------------------------------------------------

  ALTER TABLE "CURSOS"."T_NIVELES" MODIFY ("ID_NIVEL" NOT NULL ENABLE);
 
  ALTER TABLE "CURSOS"."T_NIVELES" MODIFY ("N_NIVEL" NOT NULL ENABLE);
 
  ALTER TABLE "CURSOS"."T_NIVELES" MODIFY ("FEC_ALTA" NOT NULL ENABLE);
 
  ALTER TABLE "CURSOS"."T_NIVELES" MODIFY ("USR_ALTA" NOT NULL ENABLE);
 
  ALTER TABLE "CURSOS"."T_NIVELES" MODIFY ("FEC_MODIF" NOT NULL ENABLE);
 
  ALTER TABLE "CURSOS"."T_NIVELES" MODIFY ("USR_MODIF" NOT NULL ENABLE);
 
  ALTER TABLE "CURSOS"."T_NIVELES" MODIFY ("ESTADO" NOT NULL ENABLE);
 
  ALTER TABLE "CURSOS"."T_NIVELES" ADD CONSTRAINT "T_NIVELES_PK" PRIMARY KEY ("ID_NIVEL")
  USING INDEX PCTFREE 10 INITRANS 2 MAXTRANS 255 COMPUTE STATISTICS 
  STORAGE(INITIAL 65536 NEXT 1048576 MINEXTENTS 1 MAXEXTENTS 2147483645
  PCTINCREASE 0 FREELISTS 1 FREELIST GROUPS 1 BUFFER_POOL DEFAULT)
  TABLESPACE "USERS"  ENABLE;
--------------------------------------------------------
--  Constraints for Table T_GRUPOS
--------------------------------------------------------

  ALTER TABLE "CURSOS"."T_GRUPOS" ADD CONSTRAINT "PK_GRUPOS" PRIMARY KEY ("ID_GRUPO")
  USING INDEX PCTFREE 10 INITRANS 2 MAXTRANS 255 COMPUTE STATISTICS 
  STORAGE(INITIAL 65536 NEXT 1048576 MINEXTENTS 1 MAXEXTENTS 2147483645
  PCTINCREASE 0 FREELISTS 1 FREELIST GROUPS 1 BUFFER_POOL DEFAULT)
  TABLESPACE "USERS"  ENABLE;
 
  ALTER TABLE "CURSOS"."T_GRUPOS" MODIFY ("ID_GRUPO" NOT NULL ENABLE);
 
  ALTER TABLE "CURSOS"."T_GRUPOS" MODIFY ("FEC_ALTA" NOT NULL ENABLE);
 
  ALTER TABLE "CURSOS"."T_GRUPOS" MODIFY ("USR_ALTA" NOT NULL ENABLE);
 
  ALTER TABLE "CURSOS"."T_GRUPOS" MODIFY ("USR_MODIF" NOT NULL ENABLE);
 
  ALTER TABLE "CURSOS"."T_GRUPOS" MODIFY ("ESTADO" NOT NULL ENABLE);
 
  ALTER TABLE "CURSOS"."T_GRUPOS" MODIFY ("ID_CONDICION_CURSO" NOT NULL ENABLE);
 
  ALTER TABLE "CURSOS"."T_GRUPOS" MODIFY ("ID_ESTABLECIMIENTO" NOT NULL ENABLE);
 
  ALTER TABLE "CURSOS"."T_GRUPOS" MODIFY ("N_GRUPO" NOT NULL ENABLE);
--------------------------------------------------------
--  Constraints for Table T_TEMARIO
--------------------------------------------------------

  ALTER TABLE "CURSOS"."T_TEMARIO" MODIFY ("ID_TEMARIO" NOT NULL ENABLE);
 
  ALTER TABLE "CURSOS"."T_TEMARIO" MODIFY ("N_TEMARIO" NOT NULL ENABLE);
 
  ALTER TABLE "CURSOS"."T_TEMARIO" MODIFY ("DESCRIPCION" NOT NULL ENABLE);
 
  ALTER TABLE "CURSOS"."T_TEMARIO" MODIFY ("FEC_ALTA" NOT NULL ENABLE);
 
  ALTER TABLE "CURSOS"."T_TEMARIO" MODIFY ("USR_ALTA" NOT NULL ENABLE);
 
  ALTER TABLE "CURSOS"."T_TEMARIO" MODIFY ("FEC_MODIF" NOT NULL ENABLE);
 
  ALTER TABLE "CURSOS"."T_TEMARIO" MODIFY ("USR_MODIF" NOT NULL ENABLE);
 
  ALTER TABLE "CURSOS"."T_TEMARIO" MODIFY ("ESTADO" NOT NULL ENABLE);
 
  ALTER TABLE "CURSOS"."T_TEMARIO" ADD CONSTRAINT "T_TEMARIO_PK" PRIMARY KEY ("ID_TEMARIO")
  USING INDEX PCTFREE 10 INITRANS 2 MAXTRANS 255 COMPUTE STATISTICS 
  STORAGE(INITIAL 65536 NEXT 1048576 MINEXTENTS 1 MAXEXTENTS 2147483645
  PCTINCREASE 0 FREELISTS 1 FREELIST GROUPS 1 BUFFER_POOL DEFAULT)
  TABLESPACE "USERS"  ENABLE;
--------------------------------------------------------
--  Constraints for Table T_CAJA_CHICA
--------------------------------------------------------

  ALTER TABLE "CURSOS"."T_CAJA_CHICA" MODIFY ("ID_CAJA_CHICA" NOT NULL ENABLE);
 
  ALTER TABLE "CURSOS"."T_CAJA_CHICA" MODIFY ("ID_ESTADO_CAJA_CHICA" NOT NULL ENABLE);
 
  ALTER TABLE "CURSOS"."T_CAJA_CHICA" MODIFY ("ID_INSTITUCION" NOT NULL ENABLE);
 
  ALTER TABLE "CURSOS"."T_CAJA_CHICA" MODIFY ("MONTO" NOT NULL ENABLE);
 
  ALTER TABLE "CURSOS"."T_CAJA_CHICA" MODIFY ("FEC_ALTA" NOT NULL ENABLE);
 
  ALTER TABLE "CURSOS"."T_CAJA_CHICA" MODIFY ("USR_ALTA" NOT NULL ENABLE);
 
  ALTER TABLE "CURSOS"."T_CAJA_CHICA" MODIFY ("FEC_MODIF" NOT NULL ENABLE);
 
  ALTER TABLE "CURSOS"."T_CAJA_CHICA" MODIFY ("USR_MODIF" NOT NULL ENABLE);
 
  ALTER TABLE "CURSOS"."T_CAJA_CHICA" MODIFY ("ESTADO" NOT NULL ENABLE);
 
  ALTER TABLE "CURSOS"."T_CAJA_CHICA" ADD CONSTRAINT "T_CAJA_CHICA_PK" PRIMARY KEY ("ID_CAJA_CHICA")
  USING INDEX PCTFREE 10 INITRANS 2 MAXTRANS 255 COMPUTE STATISTICS 
  STORAGE(INITIAL 65536 NEXT 1048576 MINEXTENTS 1 MAXEXTENTS 2147483645
  PCTINCREASE 0 FREELISTS 1 FREELIST GROUPS 1 BUFFER_POOL DEFAULT)
  TABLESPACE "USERS"  ENABLE;
--------------------------------------------------------
--  Constraints for Table T_TIPOS_SEXO
--------------------------------------------------------

  ALTER TABLE "CURSOS"."T_TIPOS_SEXO" MODIFY ("ID_TIPO_SEXO" NOT NULL ENABLE);
 
  ALTER TABLE "CURSOS"."T_TIPOS_SEXO" MODIFY ("N_TIPO_SEXO" NOT NULL ENABLE);
 
  ALTER TABLE "CURSOS"."T_TIPOS_SEXO" MODIFY ("FEC_ALTA" NOT NULL ENABLE);
 
  ALTER TABLE "CURSOS"."T_TIPOS_SEXO" MODIFY ("USR_ALTA" NOT NULL ENABLE);
 
  ALTER TABLE "CURSOS"."T_TIPOS_SEXO" MODIFY ("FEC_MODIF" NOT NULL ENABLE);
 
  ALTER TABLE "CURSOS"."T_TIPOS_SEXO" MODIFY ("ESTADO" NOT NULL ENABLE);
 
  ALTER TABLE "CURSOS"."T_TIPOS_SEXO" ADD CONSTRAINT "T_TIPOS_SEXO_PK" PRIMARY KEY ("ID_TIPO_SEXO")
  USING INDEX PCTFREE 10 INITRANS 2 MAXTRANS 255 COMPUTE STATISTICS 
  STORAGE(INITIAL 65536 NEXT 1048576 MINEXTENTS 1 MAXEXTENTS 2147483645
  PCTINCREASE 0 FREELISTS 1 FREELIST GROUPS 1 BUFFER_POOL DEFAULT)
  TABLESPACE "USERS"  ENABLE;
--------------------------------------------------------
--  Constraints for Table T_PROGRAMAS
--------------------------------------------------------

  ALTER TABLE "CURSOS"."T_PROGRAMAS" MODIFY ("ID_PROGRAMA" NOT NULL ENABLE);
 
  ALTER TABLE "CURSOS"."T_PROGRAMAS" MODIFY ("N_PROGRAMA" NOT NULL ENABLE);
 
  ALTER TABLE "CURSOS"."T_PROGRAMAS" MODIFY ("FEC_ALTA" NOT NULL ENABLE);
 
  ALTER TABLE "CURSOS"."T_PROGRAMAS" MODIFY ("USR_ALTA" NOT NULL ENABLE);
 
  ALTER TABLE "CURSOS"."T_PROGRAMAS" MODIFY ("FEC_MODIF" NOT NULL ENABLE);
 
  ALTER TABLE "CURSOS"."T_PROGRAMAS" MODIFY ("USR_MODIF" NOT NULL ENABLE);
 
  ALTER TABLE "CURSOS"."T_PROGRAMAS" MODIFY ("ESTADO" NOT NULL ENABLE);
 
  ALTER TABLE "CURSOS"."T_PROGRAMAS" ADD CONSTRAINT "T_PROGRAMAS_PK" PRIMARY KEY ("ID_PROGRAMA")
  USING INDEX PCTFREE 10 INITRANS 2 MAXTRANS 255 COMPUTE STATISTICS 
  STORAGE(INITIAL 65536 NEXT 1048576 MINEXTENTS 1 MAXEXTENTS 2147483645
  PCTINCREASE 0 FREELISTS 1 FREELIST GROUPS 1 BUFFER_POOL DEFAULT)
  TABLESPACE "USERS"  ENABLE;
--------------------------------------------------------
--  Constraints for Table T_INSTITUCIONES
--------------------------------------------------------

  ALTER TABLE "CURSOS"."T_INSTITUCIONES" ADD CONSTRAINT "PK_INSTITUCIONES" PRIMARY KEY ("ID_INSTITUCION")
  USING INDEX PCTFREE 10 INITRANS 2 MAXTRANS 255 COMPUTE STATISTICS 
  STORAGE(INITIAL 65536 NEXT 1048576 MINEXTENTS 1 MAXEXTENTS 2147483645
  PCTINCREASE 0 FREELISTS 1 FREELIST GROUPS 1 BUFFER_POOL DEFAULT)
  TABLESPACE "USERS"  ENABLE;
 
  ALTER TABLE "CURSOS"."T_INSTITUCIONES" MODIFY ("ID_INSTITUCION" NOT NULL ENABLE);
 
  ALTER TABLE "CURSOS"."T_INSTITUCIONES" MODIFY ("INS_PROPIA" NOT NULL ENABLE);
 
  ALTER TABLE "CURSOS"."T_INSTITUCIONES" MODIFY ("FEC_ALTA" NOT NULL ENABLE);
 
  ALTER TABLE "CURSOS"."T_INSTITUCIONES" MODIFY ("USR_ALTA" NOT NULL ENABLE);
 
  ALTER TABLE "CURSOS"."T_INSTITUCIONES" MODIFY ("FEC_MODIF" NOT NULL ENABLE);
 
  ALTER TABLE "CURSOS"."T_INSTITUCIONES" MODIFY ("USR_MODIF" NOT NULL ENABLE);
 
  ALTER TABLE "CURSOS"."T_INSTITUCIONES" MODIFY ("N_INSTITUCION" NOT NULL ENABLE);
--------------------------------------------------------
--  Constraints for Table T_DOCENTES_HORARIO
--------------------------------------------------------

  ALTER TABLE "CURSOS"."T_DOCENTES_HORARIO" MODIFY ("ID_DOCENTE_HORARIO" NOT NULL ENABLE);
 
  ALTER TABLE "CURSOS"."T_DOCENTES_HORARIO" MODIFY ("ID_DOCENTE" NOT NULL ENABLE);
 
  ALTER TABLE "CURSOS"."T_DOCENTES_HORARIO" MODIFY ("USR_ALTA" NOT NULL ENABLE);
 
  ALTER TABLE "CURSOS"."T_DOCENTES_HORARIO" MODIFY ("FEC_MODIF" NOT NULL ENABLE);
 
  ALTER TABLE "CURSOS"."T_DOCENTES_HORARIO" MODIFY ("USR_MODIF" NOT NULL ENABLE);
 
  ALTER TABLE "CURSOS"."T_DOCENTES_HORARIO" MODIFY ("ESTADO" NOT NULL ENABLE);
 
  ALTER TABLE "CURSOS"."T_DOCENTES_HORARIO" MODIFY ("ID_HORARIO" NOT NULL ENABLE);
 
  ALTER TABLE "CURSOS"."T_DOCENTES_HORARIO" MODIFY ("FEC_ALTA" NOT NULL ENABLE);
 
  ALTER TABLE "CURSOS"."T_DOCENTES_HORARIO" ADD CONSTRAINT "T_DOCENTES_HORARIO_PK" PRIMARY KEY ("ID_DOCENTE_HORARIO")
  USING INDEX PCTFREE 10 INITRANS 2 MAXTRANS 255 COMPUTE STATISTICS 
  STORAGE(INITIAL 65536 NEXT 1048576 MINEXTENTS 1 MAXEXTENTS 2147483645
  PCTINCREASE 0 FREELISTS 1 FREELIST GROUPS 1 BUFFER_POOL DEFAULT)
  TABLESPACE "USERS"  ENABLE;
--------------------------------------------------------
--  Constraints for Table T_AREAS_TIPOS_CURSO
--------------------------------------------------------

  ALTER TABLE "CURSOS"."T_AREAS_TIPOS_CURSO" MODIFY ("ID_AREA_TIPO_CURSO" NOT NULL ENABLE);
 
  ALTER TABLE "CURSOS"."T_AREAS_TIPOS_CURSO" MODIFY ("N_AREA_TIPO_CURSO" NOT NULL ENABLE);
 
  ALTER TABLE "CURSOS"."T_AREAS_TIPOS_CURSO" MODIFY ("FEC_ALTA" NOT NULL ENABLE);
 
  ALTER TABLE "CURSOS"."T_AREAS_TIPOS_CURSO" MODIFY ("FEC_MODIF" NOT NULL ENABLE);
 
  ALTER TABLE "CURSOS"."T_AREAS_TIPOS_CURSO" MODIFY ("USR_ALTA" NOT NULL ENABLE);
 
  ALTER TABLE "CURSOS"."T_AREAS_TIPOS_CURSO" MODIFY ("USR_MODIF" NOT NULL ENABLE);
 
  ALTER TABLE "CURSOS"."T_AREAS_TIPOS_CURSO" MODIFY ("ESTADO" NOT NULL ENABLE);
 
  ALTER TABLE "CURSOS"."T_AREAS_TIPOS_CURSO" ADD CONSTRAINT "T_AREAS_TIPOS_CURSO_PK" PRIMARY KEY ("ID_AREA_TIPO_CURSO")
  USING INDEX PCTFREE 10 INITRANS 2 MAXTRANS 255 COMPUTE STATISTICS 
  STORAGE(INITIAL 65536 NEXT 1048576 MINEXTENTS 1 MAXEXTENTS 2147483645
  PCTINCREASE 0 FREELISTS 1 FREELIST GROUPS 1 BUFFER_POOL DEFAULT)
  TABLESPACE "USERS"  ENABLE;
--------------------------------------------------------
--  Constraints for Table T_ROL
--------------------------------------------------------

  ALTER TABLE "CURSOS"."T_ROL" MODIFY ("ID_ROL" NOT NULL ENABLE);
 
  ALTER TABLE "CURSOS"."T_ROL" MODIFY ("DESCRIPCION" NOT NULL ENABLE);
 
  ALTER TABLE "CURSOS"."T_ROL" MODIFY ("FEC_ALTA" NOT NULL ENABLE);
 
  ALTER TABLE "CURSOS"."T_ROL" MODIFY ("FEC_MODIF" NOT NULL ENABLE);
 
  ALTER TABLE "CURSOS"."T_ROL" MODIFY ("USR_MODIF" NOT NULL ENABLE);
 
  ALTER TABLE "CURSOS"."T_ROL" MODIFY ("USR_ALTA" NOT NULL ENABLE);
 
  ALTER TABLE "CURSOS"."T_ROL" MODIFY ("ESTADO" NOT NULL ENABLE);
 
  ALTER TABLE "CURSOS"."T_ROL" ADD CONSTRAINT "T_ROL_PK" PRIMARY KEY ("ID_ROL")
  USING INDEX PCTFREE 10 INITRANS 2 MAXTRANS 255 COMPUTE STATISTICS 
  STORAGE(INITIAL 65536 NEXT 1048576 MINEXTENTS 1 MAXEXTENTS 2147483645
  PCTINCREASE 0 FREELISTS 1 FREELIST GROUPS 1 BUFFER_POOL DEFAULT)
  TABLESPACE "USERS"  ENABLE;
--------------------------------------------------------
--  Constraints for Table T_PRESENTISMO
--------------------------------------------------------

  ALTER TABLE "CURSOS"."T_PRESENTISMO" MODIFY ("ID_PRESENTISMO" NOT NULL ENABLE);
 
  ALTER TABLE "CURSOS"."T_PRESENTISMO" MODIFY ("ID_INSCRIPCION" NOT NULL ENABLE);
 
  ALTER TABLE "CURSOS"."T_PRESENTISMO" MODIFY ("CLASES_ASISTIDAS" NOT NULL ENABLE);
 
  ALTER TABLE "CURSOS"."T_PRESENTISMO" MODIFY ("ESTADO" NOT NULL ENABLE);
 
  ALTER TABLE "CURSOS"."T_PRESENTISMO" MODIFY ("FEC_ALTA" NOT NULL ENABLE);
 
  ALTER TABLE "CURSOS"."T_PRESENTISMO" MODIFY ("FEC_MODIF" NOT NULL ENABLE);
 
  ALTER TABLE "CURSOS"."T_PRESENTISMO" MODIFY ("USR_ALTA" NOT NULL ENABLE);
 
  ALTER TABLE "CURSOS"."T_PRESENTISMO" MODIFY ("USR_MODIF" NOT NULL ENABLE);
 
  ALTER TABLE "CURSOS"."T_PRESENTISMO" ADD CONSTRAINT "T_PRESENTISMO_PK" PRIMARY KEY ("ID_PRESENTISMO")
  USING INDEX PCTFREE 10 INITRANS 2 MAXTRANS 255 COMPUTE STATISTICS 
  STORAGE(INITIAL 65536 NEXT 1048576 MINEXTENTS 1 MAXEXTENTS 2147483645
  PCTINCREASE 0 FREELISTS 1 FREELIST GROUPS 1 BUFFER_POOL DEFAULT)
  TABLESPACE "USERS"  ENABLE;
--------------------------------------------------------
--  Constraints for Table T_ALUMNOS
--------------------------------------------------------

  ALTER TABLE "CURSOS"."T_ALUMNOS" ADD CONSTRAINT "PK_ALUMNOS" PRIMARY KEY ("ID_ALUMNO")
  USING INDEX PCTFREE 10 INITRANS 2 MAXTRANS 255 COMPUTE STATISTICS 
  STORAGE(INITIAL 65536 NEXT 1048576 MINEXTENTS 1 MAXEXTENTS 2147483645
  PCTINCREASE 0 FREELISTS 1 FREELIST GROUPS 1 BUFFER_POOL DEFAULT)
  TABLESPACE "USERS"  ENABLE;
 
  ALTER TABLE "CURSOS"."T_ALUMNOS" MODIFY ("ID_ALUMNO" NOT NULL ENABLE);
 
  ALTER TABLE "CURSOS"."T_ALUMNOS" MODIFY ("FEC_ALTA" NOT NULL ENABLE);
 
  ALTER TABLE "CURSOS"."T_ALUMNOS" MODIFY ("USR_ALTA" NOT NULL ENABLE);
 
  ALTER TABLE "CURSOS"."T_ALUMNOS" MODIFY ("FEC_MODIF" NOT NULL ENABLE);
 
  ALTER TABLE "CURSOS"."T_ALUMNOS" MODIFY ("USR_MODIF" NOT NULL ENABLE);
 
  ALTER TABLE "CURSOS"."T_ALUMNOS" ADD CONSTRAINT "T_ALUMNOS_UK1" UNIQUE ("NRO_DOCUMENTO", "CUIL")
  USING INDEX PCTFREE 10 INITRANS 2 MAXTRANS 255 COMPUTE STATISTICS 
  STORAGE(INITIAL 65536 NEXT 1048576 MINEXTENTS 1 MAXEXTENTS 2147483645
  PCTINCREASE 0 FREELISTS 1 FREELIST GROUPS 1 BUFFER_POOL DEFAULT)
  TABLESPACE "USERS"  ENABLE;
--------------------------------------------------------
--  Constraints for Table T_TIPOS_DNI
--------------------------------------------------------

  ALTER TABLE "CURSOS"."T_TIPOS_DNI" MODIFY ("ID_TIPO_DNI" NOT NULL ENABLE);
 
  ALTER TABLE "CURSOS"."T_TIPOS_DNI" MODIFY ("N_TIPO_DNI" NOT NULL ENABLE);
 
  ALTER TABLE "CURSOS"."T_TIPOS_DNI" MODIFY ("FEC_ALTA" NOT NULL ENABLE);
 
  ALTER TABLE "CURSOS"."T_TIPOS_DNI" MODIFY ("USR_ALTA" NOT NULL ENABLE);
 
  ALTER TABLE "CURSOS"."T_TIPOS_DNI" MODIFY ("FEC_MODIF" NOT NULL ENABLE);
 
  ALTER TABLE "CURSOS"."T_TIPOS_DNI" MODIFY ("USR_MODIF" NOT NULL ENABLE);
 
  ALTER TABLE "CURSOS"."T_TIPOS_DNI" ADD CONSTRAINT "T_TIPOS_DNI_PK" PRIMARY KEY ("ID_TIPO_DNI")
  USING INDEX PCTFREE 10 INITRANS 2 MAXTRANS 255 COMPUTE STATISTICS 
  STORAGE(INITIAL 65536 NEXT 1048576 MINEXTENTS 1 MAXEXTENTS 2147483645
  PCTINCREASE 0 FREELISTS 1 FREELIST GROUPS 1 BUFFER_POOL DEFAULT)
  TABLESPACE "USERS"  ENABLE;
--------------------------------------------------------
--  Constraints for Table T_HORARIOS
--------------------------------------------------------

  ALTER TABLE "CURSOS"."T_HORARIOS" MODIFY ("FEC_MODIF" NOT NULL ENABLE);
 
  ALTER TABLE "CURSOS"."T_HORARIOS" MODIFY ("USR_MODIF" NOT NULL ENABLE);
 
  ALTER TABLE "CURSOS"."T_HORARIOS" MODIFY ("ESTADO" NOT NULL ENABLE);
 
  ALTER TABLE "CURSOS"."T_HORARIOS" MODIFY ("ID_HORARIO" NOT NULL ENABLE);
 
  ALTER TABLE "CURSOS"."T_HORARIOS" MODIFY ("HR_INICIO" NOT NULL ENABLE);
 
  ALTER TABLE "CURSOS"."T_HORARIOS" MODIFY ("HR_FIN" NOT NULL ENABLE);
 
  ALTER TABLE "CURSOS"."T_HORARIOS" MODIFY ("HR_DIASEMANA" NOT NULL ENABLE);
 
  ALTER TABLE "CURSOS"."T_HORARIOS" MODIFY ("HR_AÑO" NOT NULL ENABLE);
 
  ALTER TABLE "CURSOS"."T_HORARIOS" MODIFY ("HR_MES" NOT NULL ENABLE);
 
  ALTER TABLE "CURSOS"."T_HORARIOS" MODIFY ("FEC_ALTA" NOT NULL ENABLE);
 
  ALTER TABLE "CURSOS"."T_HORARIOS" MODIFY ("USR_ALTA" NOT NULL ENABLE);
 
  ALTER TABLE "CURSOS"."T_HORARIOS" ADD CONSTRAINT "T_HORARIOS_PK" PRIMARY KEY ("ID_HORARIO")
  USING INDEX PCTFREE 10 INITRANS 2 MAXTRANS 255 COMPUTE STATISTICS 
  STORAGE(INITIAL 65536 NEXT 1048576 MINEXTENTS 1 MAXEXTENTS 2147483645
  PCTINCREASE 0 FREELISTS 1 FREELIST GROUPS 1 BUFFER_POOL DEFAULT)
  TABLESPACE "USERS"  ENABLE;
--------------------------------------------------------
--  Constraints for Table T_CERTIFICACIONES
--------------------------------------------------------

  ALTER TABLE "CURSOS"."T_CERTIFICACIONES" MODIFY ("ID_CERTIFICADO" NOT NULL ENABLE);
 
  ALTER TABLE "CURSOS"."T_CERTIFICACIONES" MODIFY ("ID_INSCRIPCION" NOT NULL ENABLE);
 
  ALTER TABLE "CURSOS"."T_CERTIFICACIONES" MODIFY ("FEC_ALTA" NOT NULL ENABLE);
 
  ALTER TABLE "CURSOS"."T_CERTIFICACIONES" MODIFY ("USR_ALTA" NOT NULL ENABLE);
 
  ALTER TABLE "CURSOS"."T_CERTIFICACIONES" MODIFY ("FEC_MODIF" NOT NULL ENABLE);
 
  ALTER TABLE "CURSOS"."T_CERTIFICACIONES" MODIFY ("USR_MODIF" NOT NULL ENABLE);
 
  ALTER TABLE "CURSOS"."T_CERTIFICACIONES" MODIFY ("ESTADO" NOT NULL ENABLE);
 
  ALTER TABLE "CURSOS"."T_CERTIFICACIONES" ADD CONSTRAINT "T_CERTIFICACIONES_PK" PRIMARY KEY ("ID_CERTIFICADO")
  USING INDEX PCTFREE 10 INITRANS 2 MAXTRANS 255 COMPUTE STATISTICS 
  STORAGE(INITIAL 65536 NEXT 1048576 MINEXTENTS 1 MAXEXTENTS 2147483645
  PCTINCREASE 0 FREELISTS 1 FREELIST GROUPS 1 BUFFER_POOL DEFAULT)
  TABLESPACE "USERS"  ENABLE;
 
  ALTER TABLE "CURSOS"."T_CERTIFICACIONES" ADD CONSTRAINT "T_CERTIFICACIONES_UK1" UNIQUE ("ID_INSCRIPCION")
  USING INDEX PCTFREE 10 INITRANS 2 MAXTRANS 255 COMPUTE STATISTICS 
  STORAGE(INITIAL 65536 NEXT 1048576 MINEXTENTS 1 MAXEXTENTS 2147483645
  PCTINCREASE 0 FREELISTS 1 FREELIST GROUPS 1 BUFFER_POOL DEFAULT)
  TABLESPACE "USERS"  ENABLE;
--------------------------------------------------------
--  Constraints for Table T_EQUIPOS
--------------------------------------------------------

  ALTER TABLE "CURSOS"."T_EQUIPOS" MODIFY ("ID_EQUIPO" NOT NULL ENABLE);
 
  ALTER TABLE "CURSOS"."T_EQUIPOS" MODIFY ("ID_ESTADO_EQUIPO" NOT NULL ENABLE);
 
  ALTER TABLE "CURSOS"."T_EQUIPOS" MODIFY ("N_EQUIPOS" NOT NULL ENABLE);
 
  ALTER TABLE "CURSOS"."T_EQUIPOS" MODIFY ("FEC_ALTA" NOT NULL ENABLE);
 
  ALTER TABLE "CURSOS"."T_EQUIPOS" MODIFY ("USR_ALTA" NOT NULL ENABLE);
 
  ALTER TABLE "CURSOS"."T_EQUIPOS" MODIFY ("FEC_MODIF" NOT NULL ENABLE);
 
  ALTER TABLE "CURSOS"."T_EQUIPOS" MODIFY ("USR_MODIF" NOT NULL ENABLE);
 
  ALTER TABLE "CURSOS"."T_EQUIPOS" MODIFY ("ESTADO" NOT NULL ENABLE);
 
  ALTER TABLE "CURSOS"."T_EQUIPOS" ADD CONSTRAINT "T_EQUIPOS_PK" PRIMARY KEY ("ID_EQUIPO")
  USING INDEX PCTFREE 10 INITRANS 2 MAXTRANS 255 COMPUTE STATISTICS 
  STORAGE(INITIAL 65536 NEXT 1048576 MINEXTENTS 1 MAXEXTENTS 2147483645
  PCTINCREASE 0 FREELISTS 1 FREELIST GROUPS 1 BUFFER_POOL DEFAULT)
  TABLESPACE "USERS"  ENABLE;
--------------------------------------------------------
--  Constraints for Table T_DETALLES_FACTURA
--------------------------------------------------------

  ALTER TABLE "CURSOS"."T_DETALLES_FACTURA" MODIFY ("ID_DETALLE_FACTURA" NOT NULL ENABLE);
 
  ALTER TABLE "CURSOS"."T_DETALLES_FACTURA" MODIFY ("ID_FACTURA" NOT NULL ENABLE);
 
  ALTER TABLE "CURSOS"."T_DETALLES_FACTURA" MODIFY ("ITEM" NOT NULL ENABLE);
 
  ALTER TABLE "CURSOS"."T_DETALLES_FACTURA" MODIFY ("MONTO" NOT NULL ENABLE);
 
  ALTER TABLE "CURSOS"."T_DETALLES_FACTURA" MODIFY ("DESCRIPCION" NOT NULL ENABLE);
 
  ALTER TABLE "CURSOS"."T_DETALLES_FACTURA" MODIFY ("FEC_ALTA" NOT NULL ENABLE);
 
  ALTER TABLE "CURSOS"."T_DETALLES_FACTURA" MODIFY ("USR_ALTA" NOT NULL ENABLE);
 
  ALTER TABLE "CURSOS"."T_DETALLES_FACTURA" MODIFY ("FEC_MODIF" NOT NULL ENABLE);
 
  ALTER TABLE "CURSOS"."T_DETALLES_FACTURA" MODIFY ("USR_MODIF" NOT NULL ENABLE);
 
  ALTER TABLE "CURSOS"."T_DETALLES_FACTURA" MODIFY ("ESTADO" NOT NULL ENABLE);
 
  ALTER TABLE "CURSOS"."T_DETALLES_FACTURA" ADD CONSTRAINT "T_DETALLES_FACTURA_PK" PRIMARY KEY ("ID_DETALLE_FACTURA")
  USING INDEX PCTFREE 10 INITRANS 2 MAXTRANS 255 COMPUTE STATISTICS 
  STORAGE(INITIAL 65536 NEXT 1048576 MINEXTENTS 1 MAXEXTENTS 2147483645
  PCTINCREASE 0 FREELISTS 1 FREELIST GROUPS 1 BUFFER_POOL DEFAULT)
  TABLESPACE "USERS"  ENABLE;
--------------------------------------------------------
--  Constraints for Table T_DOCENTES_GRUPO
--------------------------------------------------------

  ALTER TABLE "CURSOS"."T_DOCENTES_GRUPO" MODIFY ("ID_DOCENTES_GRUPO" NOT NULL ENABLE);
 
  ALTER TABLE "CURSOS"."T_DOCENTES_GRUPO" MODIFY ("ID_DOCENTE" NOT NULL ENABLE);
 
  ALTER TABLE "CURSOS"."T_DOCENTES_GRUPO" MODIFY ("ID_GRUPO" NOT NULL ENABLE);
 
  ALTER TABLE "CURSOS"."T_DOCENTES_GRUPO" MODIFY ("ID_CONDICION_CURSO" NOT NULL ENABLE);
 
  ALTER TABLE "CURSOS"."T_DOCENTES_GRUPO" MODIFY ("FEC_ALTA" NOT NULL ENABLE);
 
  ALTER TABLE "CURSOS"."T_DOCENTES_GRUPO" MODIFY ("USR_ALTA" NOT NULL ENABLE);
 
  ALTER TABLE "CURSOS"."T_DOCENTES_GRUPO" MODIFY ("FEC_MODIF" NOT NULL ENABLE);
 
  ALTER TABLE "CURSOS"."T_DOCENTES_GRUPO" MODIFY ("USR_MODIF" NOT NULL ENABLE);
 
  ALTER TABLE "CURSOS"."T_DOCENTES_GRUPO" MODIFY ("ESTADO" NOT NULL ENABLE);
 
  ALTER TABLE "CURSOS"."T_DOCENTES_GRUPO" ADD CONSTRAINT "T_DOCENTES_GRUPO_PK" PRIMARY KEY ("ID_DOCENTES_GRUPO")
  USING INDEX PCTFREE 10 INITRANS 2 MAXTRANS 255 COMPUTE STATISTICS 
  STORAGE(INITIAL 65536 NEXT 1048576 MINEXTENTS 1 MAXEXTENTS 2147483645
  PCTINCREASE 0 FREELISTS 1 FREELIST GROUPS 1 BUFFER_POOL DEFAULT)
  TABLESPACE "USERS"  ENABLE;
--------------------------------------------------------
--  Constraints for Table T_ESTABLECIMINETOS
--------------------------------------------------------

  ALTER TABLE "CURSOS"."T_ESTABLECIMINETOS" MODIFY ("ID_ESTABLECIMIENTO" NOT NULL ENABLE);
 
  ALTER TABLE "CURSOS"."T_ESTABLECIMINETOS" MODIFY ("ID_INSTITUCION" NOT NULL ENABLE);
 
  ALTER TABLE "CURSOS"."T_ESTABLECIMINETOS" MODIFY ("N_ESTABLECIMIENTO" NOT NULL ENABLE);
 
  ALTER TABLE "CURSOS"."T_ESTABLECIMINETOS" MODIFY ("FEC_ALTA" NOT NULL ENABLE);
 
  ALTER TABLE "CURSOS"."T_ESTABLECIMINETOS" MODIFY ("USR_ALTA" NOT NULL ENABLE);
 
  ALTER TABLE "CURSOS"."T_ESTABLECIMINETOS" MODIFY ("FEC_MODIF" NOT NULL ENABLE);
 
  ALTER TABLE "CURSOS"."T_ESTABLECIMINETOS" MODIFY ("USR_MODIF" NOT NULL ENABLE);
 
  ALTER TABLE "CURSOS"."T_ESTABLECIMINETOS" MODIFY ("ESTADO" NOT NULL ENABLE);
 
  ALTER TABLE "CURSOS"."T_ESTABLECIMINETOS" ADD CONSTRAINT "T_ESTABLECIMINETOS_PK" PRIMARY KEY ("ID_ESTABLECIMIENTO")
  USING INDEX PCTFREE 10 INITRANS 2 MAXTRANS 255 COMPUTE STATISTICS 
  STORAGE(INITIAL 65536 NEXT 1048576 MINEXTENTS 1 MAXEXTENTS 2147483645
  PCTINCREASE 0 FREELISTS 1 FREELIST GROUPS 1 BUFFER_POOL DEFAULT)
  TABLESPACE "USERS"  ENABLE;
--------------------------------------------------------
--  Constraints for Table T_TIPOS_ESTADO_CIVIL
--------------------------------------------------------

  ALTER TABLE "CURSOS"."T_TIPOS_ESTADO_CIVIL" MODIFY ("ID_TIPO_ESTADO_CIVIL" NOT NULL ENABLE);
 
  ALTER TABLE "CURSOS"."T_TIPOS_ESTADO_CIVIL" MODIFY ("N_TIPO_ESTADO_CIVIL" NOT NULL ENABLE);
 
  ALTER TABLE "CURSOS"."T_TIPOS_ESTADO_CIVIL" MODIFY ("FEC_ALTA" NOT NULL ENABLE);
 
  ALTER TABLE "CURSOS"."T_TIPOS_ESTADO_CIVIL" MODIFY ("USR_ALTA" NOT NULL ENABLE);
 
  ALTER TABLE "CURSOS"."T_TIPOS_ESTADO_CIVIL" MODIFY ("FEC_MODIF" NOT NULL ENABLE);
 
  ALTER TABLE "CURSOS"."T_TIPOS_ESTADO_CIVIL" MODIFY ("USR_MODIF" NOT NULL ENABLE);
 
  ALTER TABLE "CURSOS"."T_TIPOS_ESTADO_CIVIL" ADD CONSTRAINT "T_TIPOS_ESTADO_CIVIL_PK" PRIMARY KEY ("ID_TIPO_ESTADO_CIVIL")
  USING INDEX PCTFREE 10 INITRANS 2 MAXTRANS 255 COMPUTE STATISTICS 
  STORAGE(INITIAL 65536 NEXT 1048576 MINEXTENTS 1 MAXEXTENTS 2147483645
  PCTINCREASE 0 FREELISTS 1 FREELIST GROUPS 1 BUFFER_POOL DEFAULT)
  TABLESPACE "USERS"  ENABLE;
--------------------------------------------------------
--  Constraints for Table T_GRUPOS_HORARIO
--------------------------------------------------------

  ALTER TABLE "CURSOS"."T_GRUPOS_HORARIO" MODIFY ("ID_GRUPO" NOT NULL ENABLE);
 
  ALTER TABLE "CURSOS"."T_GRUPOS_HORARIO" MODIFY ("ID_HORARIO" NOT NULL ENABLE);
 
  ALTER TABLE "CURSOS"."T_GRUPOS_HORARIO" MODIFY ("FEC_ALTA" NOT NULL ENABLE);
 
  ALTER TABLE "CURSOS"."T_GRUPOS_HORARIO" MODIFY ("USR_ALTA" NOT NULL ENABLE);
 
  ALTER TABLE "CURSOS"."T_GRUPOS_HORARIO" MODIFY ("FEC_BAJA" NOT NULL ENABLE);
 
  ALTER TABLE "CURSOS"."T_GRUPOS_HORARIO" MODIFY ("USR_BAJA" NOT NULL ENABLE);
 
  ALTER TABLE "CURSOS"."T_GRUPOS_HORARIO" MODIFY ("ESTADO" NOT NULL ENABLE);
 
  ALTER TABLE "CURSOS"."T_GRUPOS_HORARIO" MODIFY ("ID_HORARIO_GRUPO" NOT NULL ENABLE);
 
  ALTER TABLE "CURSOS"."T_GRUPOS_HORARIO" ADD CONSTRAINT "T_GRUPOS_HORARIO_PK" PRIMARY KEY ("ID_HORARIO_GRUPO")
  USING INDEX PCTFREE 10 INITRANS 2 MAXTRANS 255 COMPUTE STATISTICS 
  STORAGE(INITIAL 65536 NEXT 1048576 MINEXTENTS 1 MAXEXTENTS 2147483645
  PCTINCREASE 0 FREELISTS 1 FREELIST GROUPS 1 BUFFER_POOL DEFAULT)
  TABLESPACE "USERS"  ENABLE;
--------------------------------------------------------
--  Constraints for Table T_PERSONAS
--------------------------------------------------------

  ALTER TABLE "CURSOS"."T_PERSONAS" MODIFY ("ESTADO" NOT NULL ENABLE);
 
  ALTER TABLE "CURSOS"."T_PERSONAS" MODIFY ("ID_PERSONA" NOT NULL ENABLE);
 
  ALTER TABLE "CURSOS"."T_PERSONAS" MODIFY ("NOV_APELLIDO" NOT NULL ENABLE);
 
  ALTER TABLE "CURSOS"."T_PERSONAS" MODIFY ("NOV_NOMBRE" NOT NULL ENABLE);
 
  ALTER TABLE "CURSOS"."T_PERSONAS" ADD CONSTRAINT "T_PERSONAS_PK" PRIMARY KEY ("ID_PERSONA")
  USING INDEX PCTFREE 10 INITRANS 2 MAXTRANS 255 COMPUTE STATISTICS 
  STORAGE(INITIAL 65536 NEXT 1048576 MINEXTENTS 1 MAXEXTENTS 2147483645
  PCTINCREASE 0 FREELISTS 1 FREELIST GROUPS 1 BUFFER_POOL DEFAULT)
  TABLESPACE "USERS"  ENABLE;
--------------------------------------------------------
--  Constraints for Table T_TIPOS_MOVIMIENTOS
--------------------------------------------------------

  ALTER TABLE "CURSOS"."T_TIPOS_MOVIMIENTOS" ADD CONSTRAINT "ID_TIPOS_MOVIMIENTOS_PK" PRIMARY KEY ("ID_TIPO_MOVIMIENTO")
  USING INDEX PCTFREE 10 INITRANS 2 MAXTRANS 255 COMPUTE STATISTICS 
  STORAGE(INITIAL 65536 NEXT 1048576 MINEXTENTS 1 MAXEXTENTS 2147483645
  PCTINCREASE 0 FREELISTS 1 FREELIST GROUPS 1 BUFFER_POOL DEFAULT)
  TABLESPACE "USERS"  ENABLE;
 
  ALTER TABLE "CURSOS"."T_TIPOS_MOVIMIENTOS" MODIFY ("ID_TIPO_MOVIMIENTO" NOT NULL ENABLE);
 
  ALTER TABLE "CURSOS"."T_TIPOS_MOVIMIENTOS" MODIFY ("N_TIPO_MOVIMIENTO" NOT NULL ENABLE);
 
  ALTER TABLE "CURSOS"."T_TIPOS_MOVIMIENTOS" MODIFY ("FEC_ALTA" NOT NULL ENABLE);
 
  ALTER TABLE "CURSOS"."T_TIPOS_MOVIMIENTOS" MODIFY ("USR_ALTA" NOT NULL ENABLE);
 
  ALTER TABLE "CURSOS"."T_TIPOS_MOVIMIENTOS" MODIFY ("FEC_MODIF" NOT NULL ENABLE);
 
  ALTER TABLE "CURSOS"."T_TIPOS_MOVIMIENTOS" MODIFY ("USR_MODIF" NOT NULL ENABLE);
 
  ALTER TABLE "CURSOS"."T_TIPOS_MOVIMIENTOS" MODIFY ("ESTADO" NOT NULL ENABLE);
--------------------------------------------------------
--  Constraints for Table T_ALUMNOS_HORARIO
--------------------------------------------------------

  ALTER TABLE "CURSOS"."T_ALUMNOS_HORARIO" MODIFY ("ID_ALUMNO_HORARIO" NOT NULL ENABLE);
 
  ALTER TABLE "CURSOS"."T_ALUMNOS_HORARIO" ADD CONSTRAINT "T_ALUMNOS_HORARIO_PK" PRIMARY KEY ("ID_ALUMNO_HORARIO")
  USING INDEX PCTFREE 10 INITRANS 2 MAXTRANS 255 COMPUTE STATISTICS 
  STORAGE(INITIAL 65536 NEXT 1048576 MINEXTENTS 1 MAXEXTENTS 2147483645
  PCTINCREASE 0 FREELISTS 1 FREELIST GROUPS 1 BUFFER_POOL DEFAULT)
  TABLESPACE "USERS"  ENABLE;
--------------------------------------------------------
--  Constraints for Table T_SUPERVISORES
--------------------------------------------------------

  ALTER TABLE "CURSOS"."T_SUPERVISORES" MODIFY ("ID_SUPERVISOR" NOT NULL ENABLE);
 
  ALTER TABLE "CURSOS"."T_SUPERVISORES" MODIFY ("FEC_ALTA" NOT NULL ENABLE);
 
  ALTER TABLE "CURSOS"."T_SUPERVISORES" MODIFY ("USR_ALTA" NOT NULL ENABLE);
 
  ALTER TABLE "CURSOS"."T_SUPERVISORES" MODIFY ("FEC_MODIF" NOT NULL ENABLE);
 
  ALTER TABLE "CURSOS"."T_SUPERVISORES" MODIFY ("USR_MODIF" NOT NULL ENABLE);
 
  ALTER TABLE "CURSOS"."T_SUPERVISORES" MODIFY ("ESTADO" NOT NULL ENABLE);
 
  ALTER TABLE "CURSOS"."T_SUPERVISORES" ADD CONSTRAINT "T_SUPERVISORES_PK" PRIMARY KEY ("ID_SUPERVISOR")
  USING INDEX PCTFREE 10 INITRANS 2 MAXTRANS 255 COMPUTE STATISTICS 
  STORAGE(INITIAL 65536 NEXT 1048576 MINEXTENTS 1 MAXEXTENTS 2147483645
  PCTINCREASE 0 FREELISTS 1 FREELIST GROUPS 1 BUFFER_POOL DEFAULT)
  TABLESPACE "USERS"  ENABLE;
--------------------------------------------------------
--  Constraints for Table T_CONDICIONES_CURSO
--------------------------------------------------------

  ALTER TABLE "CURSOS"."T_CONDICIONES_CURSO" MODIFY ("ID_CONDICION_CURSO" NOT NULL ENABLE);
 
  ALTER TABLE "CURSOS"."T_CONDICIONES_CURSO" MODIFY ("ID_INSTITUCION" NOT NULL ENABLE);
 
  ALTER TABLE "CURSOS"."T_CONDICIONES_CURSO" MODIFY ("ID_ESTADO_CURSO" NOT NULL ENABLE);
 
  ALTER TABLE "CURSOS"."T_CONDICIONES_CURSO" MODIFY ("ID_CURSO" NOT NULL ENABLE);
 
  ALTER TABLE "CURSOS"."T_CONDICIONES_CURSO" MODIFY ("ID_NIVEL" NOT NULL ENABLE);
 
  ALTER TABLE "CURSOS"."T_CONDICIONES_CURSO" MODIFY ("ID_MODALIDAD" NOT NULL ENABLE);
 
  ALTER TABLE "CURSOS"."T_CONDICIONES_CURSO" MODIFY ("PROMEDIOREQUERIDO" NOT NULL ENABLE);
 
  ALTER TABLE "CURSOS"."T_CONDICIONES_CURSO" MODIFY ("CANTIDADEXAMENES" NOT NULL ENABLE);
 
  ALTER TABLE "CURSOS"."T_CONDICIONES_CURSO" MODIFY ("CANTIDADCLASES" NOT NULL ENABLE);
 
  ALTER TABLE "CURSOS"."T_CONDICIONES_CURSO" MODIFY ("PRESENTISMO" NOT NULL ENABLE);
 
  ALTER TABLE "CURSOS"."T_CONDICIONES_CURSO" MODIFY ("CARGAHORARIA" NOT NULL ENABLE);
 
  ALTER TABLE "CURSOS"."T_CONDICIONES_CURSO" MODIFY ("CUPO" NOT NULL ENABLE);
 
  ALTER TABLE "CURSOS"."T_CONDICIONES_CURSO" MODIFY ("PRESUPUESTO" NOT NULL ENABLE);
 
  ALTER TABLE "CURSOS"."T_CONDICIONES_CURSO" MODIFY ("FEC_ALTA" NOT NULL ENABLE);
 
  ALTER TABLE "CURSOS"."T_CONDICIONES_CURSO" MODIFY ("USR_ALTA" NOT NULL ENABLE);
 
  ALTER TABLE "CURSOS"."T_CONDICIONES_CURSO" MODIFY ("FEC_MODIF" NOT NULL ENABLE);
 
  ALTER TABLE "CURSOS"."T_CONDICIONES_CURSO" MODIFY ("USR_MODIF" NOT NULL ENABLE);
 
  ALTER TABLE "CURSOS"."T_CONDICIONES_CURSO" MODIFY ("ESTADO" NOT NULL ENABLE);
 
  ALTER TABLE "CURSOS"."T_CONDICIONES_CURSO" MODIFY ("ID_PROGRAMA" NOT NULL ENABLE);
 
  ALTER TABLE "CURSOS"."T_CONDICIONES_CURSO" ADD CONSTRAINT "T_CONDICIONES_CURSO_PK" PRIMARY KEY ("ID_CONDICION_CURSO")
  USING INDEX PCTFREE 10 INITRANS 2 MAXTRANS 255 COMPUTE STATISTICS 
  STORAGE(INITIAL 65536 NEXT 1048576 MINEXTENTS 1 MAXEXTENTS 2147483645
  PCTINCREASE 0 FREELISTS 1 FREELIST GROUPS 1 BUFFER_POOL DEFAULT)
  TABLESPACE "USERS"  ENABLE;
--------------------------------------------------------
--  Constraints for Table T_MODALIDADES
--------------------------------------------------------

  ALTER TABLE "CURSOS"."T_MODALIDADES" MODIFY ("ID_MODALIDAD" NOT NULL ENABLE);
 
  ALTER TABLE "CURSOS"."T_MODALIDADES" MODIFY ("N_MODALIDAD" NOT NULL ENABLE);
 
  ALTER TABLE "CURSOS"."T_MODALIDADES" MODIFY ("FEC_ALTA" NOT NULL ENABLE);
 
  ALTER TABLE "CURSOS"."T_MODALIDADES" MODIFY ("USR_ALTA" NOT NULL ENABLE);
 
  ALTER TABLE "CURSOS"."T_MODALIDADES" MODIFY ("FEC_MODIF" NOT NULL ENABLE);
 
  ALTER TABLE "CURSOS"."T_MODALIDADES" MODIFY ("USR_MODIF" NOT NULL ENABLE);
 
  ALTER TABLE "CURSOS"."T_MODALIDADES" MODIFY ("ESTADO" NOT NULL ENABLE);
 
  ALTER TABLE "CURSOS"."T_MODALIDADES" ADD CONSTRAINT "T_MODALIDADES_PK" PRIMARY KEY ("ID_MODALIDAD")
  USING INDEX PCTFREE 10 INITRANS 2 MAXTRANS 255 COMPUTE STATISTICS 
  STORAGE(INITIAL 65536 NEXT 1048576 MINEXTENTS 1 MAXEXTENTS 2147483645
  PCTINCREASE 0 FREELISTS 1 FREELIST GROUPS 1 BUFFER_POOL DEFAULT)
  TABLESPACE "USERS"  ENABLE;
--------------------------------------------------------
--  Constraints for Table T_TIPOS_DOCENTE
--------------------------------------------------------

  ALTER TABLE "CURSOS"."T_TIPOS_DOCENTE" MODIFY ("ID_TIPO_DOCENTE" NOT NULL ENABLE);
 
  ALTER TABLE "CURSOS"."T_TIPOS_DOCENTE" MODIFY ("N_TIPO_DOCENTE" NOT NULL ENABLE);
 
  ALTER TABLE "CURSOS"."T_TIPOS_DOCENTE" MODIFY ("FEC_ALTA" NOT NULL ENABLE);
 
  ALTER TABLE "CURSOS"."T_TIPOS_DOCENTE" MODIFY ("USR_ALTA" NOT NULL ENABLE);
 
  ALTER TABLE "CURSOS"."T_TIPOS_DOCENTE" MODIFY ("FEC_MODIF" NOT NULL ENABLE);
 
  ALTER TABLE "CURSOS"."T_TIPOS_DOCENTE" MODIFY ("USR_MODIF" NOT NULL ENABLE);
 
  ALTER TABLE "CURSOS"."T_TIPOS_DOCENTE" ADD CONSTRAINT "T_TIPOS_DOCENTE_PK" PRIMARY KEY ("ID_TIPO_DOCENTE")
  USING INDEX PCTFREE 10 INITRANS 2 MAXTRANS 255 COMPUTE STATISTICS 
  STORAGE(INITIAL 65536 NEXT 1048576 MINEXTENTS 1 MAXEXTENTS 2147483645
  PCTINCREASE 0 FREELISTS 1 FREELIST GROUPS 1 BUFFER_POOL DEFAULT)
  TABLESPACE "USERS"  ENABLE;
--------------------------------------------------------
--  Constraints for Table T_SUPERVICIONES
--------------------------------------------------------

  ALTER TABLE "CURSOS"."T_SUPERVICIONES" MODIFY ("ID_SUPERVISION" NOT NULL ENABLE);
 
  ALTER TABLE "CURSOS"."T_SUPERVICIONES" MODIFY ("ID_SUPERVISOR" NOT NULL ENABLE);
 
  ALTER TABLE "CURSOS"."T_SUPERVICIONES" MODIFY ("OBSERVACIONES" NOT NULL ENABLE);
 
  ALTER TABLE "CURSOS"."T_SUPERVICIONES" MODIFY ("FEC_SUPERVISION" NOT NULL ENABLE);
 
  ALTER TABLE "CURSOS"."T_SUPERVICIONES" MODIFY ("HS_SUPERVISION" NOT NULL ENABLE);
 
  ALTER TABLE "CURSOS"."T_SUPERVICIONES" MODIFY ("FEC_ALTA" NOT NULL ENABLE);
 
  ALTER TABLE "CURSOS"."T_SUPERVICIONES" MODIFY ("USR_ALTA" NOT NULL ENABLE);
 
  ALTER TABLE "CURSOS"."T_SUPERVICIONES" MODIFY ("FEC_MODIF" NOT NULL ENABLE);
 
  ALTER TABLE "CURSOS"."T_SUPERVICIONES" MODIFY ("USR_MODIF" NOT NULL ENABLE);
 
  ALTER TABLE "CURSOS"."T_SUPERVICIONES" MODIFY ("ESTADO" NOT NULL ENABLE);
 
  ALTER TABLE "CURSOS"."T_SUPERVICIONES" MODIFY ("ID_GRUPO" NOT NULL ENABLE);
 
  ALTER TABLE "CURSOS"."T_SUPERVICIONES" ADD CONSTRAINT "T_SUPERVICIONES_PK" PRIMARY KEY ("ID_SUPERVISION")
  USING INDEX PCTFREE 10 INITRANS 2 MAXTRANS 255 COMPUTE STATISTICS 
  STORAGE(INITIAL 65536 NEXT 1048576 MINEXTENTS 1 MAXEXTENTS 2147483645
  PCTINCREASE 0 FREELISTS 1 FREELIST GROUPS 1 BUFFER_POOL DEFAULT)
  TABLESPACE "USERS"  ENABLE;
--------------------------------------------------------
--  Constraints for Table T_MOVIMIENTOS
--------------------------------------------------------

  ALTER TABLE "CURSOS"."T_MOVIMIENTOS" MODIFY ("ID_MOVIMIENTO" NOT NULL ENABLE);
 
  ALTER TABLE "CURSOS"."T_MOVIMIENTOS" MODIFY ("ID_CAJA_CHICA" NOT NULL ENABLE);
 
  ALTER TABLE "CURSOS"."T_MOVIMIENTOS" MODIFY ("ID_TIPO_MOVIMIENTO" NOT NULL ENABLE);
 
  ALTER TABLE "CURSOS"."T_MOVIMIENTOS" MODIFY ("N_MOVIMIENTO" NOT NULL ENABLE);
 
  ALTER TABLE "CURSOS"."T_MOVIMIENTOS" MODIFY ("FECHA" NOT NULL ENABLE);
 
  ALTER TABLE "CURSOS"."T_MOVIMIENTOS" MODIFY ("MONTO" NOT NULL ENABLE);
 
  ALTER TABLE "CURSOS"."T_MOVIMIENTOS" MODIFY ("DESCRIPCION" NOT NULL ENABLE);
 
  ALTER TABLE "CURSOS"."T_MOVIMIENTOS" MODIFY ("FEC_ALTA" NOT NULL ENABLE);
 
  ALTER TABLE "CURSOS"."T_MOVIMIENTOS" MODIFY ("USR_ALTA" NOT NULL ENABLE);
 
  ALTER TABLE "CURSOS"."T_MOVIMIENTOS" MODIFY ("FEC_MODIF" NOT NULL ENABLE);
 
  ALTER TABLE "CURSOS"."T_MOVIMIENTOS" MODIFY ("USR_MODIF" NOT NULL ENABLE);
 
  ALTER TABLE "CURSOS"."T_MOVIMIENTOS" MODIFY ("ESTADO" NOT NULL ENABLE);
 
  ALTER TABLE "CURSOS"."T_MOVIMIENTOS" ADD CONSTRAINT "T_MOVIMIENTOS_PK" PRIMARY KEY ("ID_MOVIMIENTO")
  USING INDEX PCTFREE 10 INITRANS 2 MAXTRANS 255 COMPUTE STATISTICS 
  STORAGE(INITIAL 65536 NEXT 1048576 MINEXTENTS 1 MAXEXTENTS 2147483645
  PCTINCREASE 0 FREELISTS 1 FREELIST GROUPS 1 BUFFER_POOL DEFAULT)
  TABLESPACE "USERS"  ENABLE;
--------------------------------------------------------
--  Constraints for Table T_PERSONASJUR
--------------------------------------------------------

  ALTER TABLE "CURSOS"."T_PERSONASJUR" MODIFY ("ID_PERSONAJUR" NOT NULL ENABLE);
 
  ALTER TABLE "CURSOS"."T_PERSONASJUR" MODIFY ("ID_SEDE" NOT NULL ENABLE);
 
  ALTER TABLE "CURSOS"."T_PERSONASJUR" MODIFY ("CUIT" NOT NULL ENABLE);
 
  ALTER TABLE "CURSOS"."T_PERSONASJUR" MODIFY ("RAZON_SOCIAL" NOT NULL ENABLE);
 
  ALTER TABLE "CURSOS"."T_PERSONASJUR" MODIFY ("ESTADO" NOT NULL ENABLE);
 
  ALTER TABLE "CURSOS"."T_PERSONASJUR" ADD CONSTRAINT "T_PERSONASJUR_PK" PRIMARY KEY ("ID_PERSONAJUR")
  USING INDEX PCTFREE 10 INITRANS 2 MAXTRANS 255 COMPUTE STATISTICS 
  STORAGE(INITIAL 65536 NEXT 1048576 MINEXTENTS 1 MAXEXTENTS 2147483645
  PCTINCREASE 0 FREELISTS 1 FREELIST GROUPS 1 BUFFER_POOL DEFAULT)
  TABLESPACE "USERS"  ENABLE;
--------------------------------------------------------
--  Constraints for Table T_ESTADOS_CURSO
--------------------------------------------------------

  ALTER TABLE "CURSOS"."T_ESTADOS_CURSO" MODIFY ("ID_ESTADO_CURSO" NOT NULL ENABLE);
 
  ALTER TABLE "CURSOS"."T_ESTADOS_CURSO" MODIFY ("N_ESTADO_CURSO" NOT NULL ENABLE);
 
  ALTER TABLE "CURSOS"."T_ESTADOS_CURSO" MODIFY ("FEC_ALTA" NOT NULL ENABLE);
 
  ALTER TABLE "CURSOS"."T_ESTADOS_CURSO" MODIFY ("USR_ALTA" NOT NULL ENABLE);
 
  ALTER TABLE "CURSOS"."T_ESTADOS_CURSO" MODIFY ("FEC_MODIF" NOT NULL ENABLE);
 
  ALTER TABLE "CURSOS"."T_ESTADOS_CURSO" MODIFY ("USR_MODIF" NOT NULL ENABLE);
 
  ALTER TABLE "CURSOS"."T_ESTADOS_CURSO" MODIFY ("ESTADO" NOT NULL ENABLE);
 
  ALTER TABLE "CURSOS"."T_ESTADOS_CURSO" ADD CONSTRAINT "T_ESTADOS_CURSO_PK" PRIMARY KEY ("ID_ESTADO_CURSO")
  USING INDEX PCTFREE 10 INITRANS 2 MAXTRANS 255 COMPUTE STATISTICS 
  STORAGE(INITIAL 65536 NEXT 1048576 MINEXTENTS 1 MAXEXTENTS 2147483645
  PCTINCREASE 0 FREELISTS 1 FREELIST GROUPS 1 BUFFER_POOL DEFAULT)
  TABLESPACE "USERS"  ENABLE;
--------------------------------------------------------
--  Constraints for Table T_PROGRAMAS_TEMARIO
--------------------------------------------------------

  ALTER TABLE "CURSOS"."T_PROGRAMAS_TEMARIO" MODIFY ("ID_PROGRAMA_TEMARIO" NOT NULL ENABLE);
 
  ALTER TABLE "CURSOS"."T_PROGRAMAS_TEMARIO" MODIFY ("ID_PROGRAMA" NOT NULL ENABLE);
 
  ALTER TABLE "CURSOS"."T_PROGRAMAS_TEMARIO" MODIFY ("ID_TEMARIO" NOT NULL ENABLE);
 
  ALTER TABLE "CURSOS"."T_PROGRAMAS_TEMARIO" MODIFY ("FEC_ALTA" NOT NULL ENABLE);
 
  ALTER TABLE "CURSOS"."T_PROGRAMAS_TEMARIO" MODIFY ("USR_ALTA" NOT NULL ENABLE);
 
  ALTER TABLE "CURSOS"."T_PROGRAMAS_TEMARIO" MODIFY ("FEC_MODIF" NOT NULL ENABLE);
 
  ALTER TABLE "CURSOS"."T_PROGRAMAS_TEMARIO" MODIFY ("USR_MODIF" NOT NULL ENABLE);
 
  ALTER TABLE "CURSOS"."T_PROGRAMAS_TEMARIO" ADD CONSTRAINT "T_PROGRAMAS_TEMARIO_PK" PRIMARY KEY ("ID_PROGRAMA_TEMARIO")
  USING INDEX PCTFREE 10 INITRANS 2 MAXTRANS 255 COMPUTE STATISTICS 
  STORAGE(INITIAL 65536 NEXT 1048576 MINEXTENTS 1 MAXEXTENTS 2147483645
  PCTINCREASE 0 FREELISTS 1 FREELIST GROUPS 1 BUFFER_POOL DEFAULT)
  TABLESPACE "USERS"  ENABLE;
 
  ALTER TABLE "CURSOS"."T_PROGRAMAS_TEMARIO" ADD CONSTRAINT "T_PROGRAMAS_TEMARIO_UK1" UNIQUE ("ID_PROGRAMA", "ID_TEMARIO")
  USING INDEX PCTFREE 10 INITRANS 2 MAXTRANS 255 COMPUTE STATISTICS 
  STORAGE(INITIAL 65536 NEXT 1048576 MINEXTENTS 1 MAXEXTENTS 2147483645
  PCTINCREASE 0 FREELISTS 1 FREELIST GROUPS 1 BUFFER_POOL DEFAULT)
  TABLESPACE "USERS"  ENABLE;
--------------------------------------------------------
--  Constraints for Table T_DOCENTES
--------------------------------------------------------

  ALTER TABLE "CURSOS"."T_DOCENTES" MODIFY ("ID_DOCENTE" NOT NULL ENABLE);
 
  ALTER TABLE "CURSOS"."T_DOCENTES" MODIFY ("ID_CARGO" NOT NULL ENABLE);
 
  ALTER TABLE "CURSOS"."T_DOCENTES" MODIFY ("N_MODALIDAD" NOT NULL ENABLE);
 
  ALTER TABLE "CURSOS"."T_DOCENTES" MODIFY ("FEC_ALTA" NOT NULL ENABLE);
 
  ALTER TABLE "CURSOS"."T_DOCENTES" MODIFY ("USR_ALTA" NOT NULL ENABLE);
 
  ALTER TABLE "CURSOS"."T_DOCENTES" MODIFY ("FEC_MODIF" NOT NULL ENABLE);
 
  ALTER TABLE "CURSOS"."T_DOCENTES" MODIFY ("USR_MODIF" NOT NULL ENABLE);
 
  ALTER TABLE "CURSOS"."T_DOCENTES" MODIFY ("ESTADO" NOT NULL ENABLE);
 
  ALTER TABLE "CURSOS"."T_DOCENTES" MODIFY ("ID_TIPO_DOCENTE" NOT NULL ENABLE);
 
  ALTER TABLE "CURSOS"."T_DOCENTES" ADD CONSTRAINT "T_DOCENTES_PK" PRIMARY KEY ("ID_DOCENTE")
  USING INDEX PCTFREE 10 INITRANS 2 MAXTRANS 255 COMPUTE STATISTICS 
  STORAGE(INITIAL 65536 NEXT 1048576 MINEXTENTS 1 MAXEXTENTS 2147483645
  PCTINCREASE 0 FREELISTS 1 FREELIST GROUPS 1 BUFFER_POOL DEFAULT)
  TABLESPACE "USERS"  ENABLE;
--------------------------------------------------------
--  Constraints for Table T_ALUMONOS_GRUPO
--------------------------------------------------------

  ALTER TABLE "CURSOS"."T_ALUMONOS_GRUPO" MODIFY ("ID_GRUPO_ALUMNO" NOT NULL ENABLE);
 
  ALTER TABLE "CURSOS"."T_ALUMONOS_GRUPO" MODIFY ("ID_GRUPO" NOT NULL ENABLE);
 
  ALTER TABLE "CURSOS"."T_ALUMONOS_GRUPO" MODIFY ("ID_ALUMNO" NOT NULL ENABLE);
 
  ALTER TABLE "CURSOS"."T_ALUMONOS_GRUPO" MODIFY ("FEC_ALTA" NOT NULL ENABLE);
 
  ALTER TABLE "CURSOS"."T_ALUMONOS_GRUPO" MODIFY ("USR_ALTA" NOT NULL ENABLE);
 
  ALTER TABLE "CURSOS"."T_ALUMONOS_GRUPO" MODIFY ("FEC_MODIF" NOT NULL ENABLE);
 
  ALTER TABLE "CURSOS"."T_ALUMONOS_GRUPO" MODIFY ("USR_MODIF" NOT NULL ENABLE);
 
  ALTER TABLE "CURSOS"."T_ALUMONOS_GRUPO" MODIFY ("ESTADO" NOT NULL ENABLE);
 
  ALTER TABLE "CURSOS"."T_ALUMONOS_GRUPO" MODIFY ("ID_CONDICION_CURSO" NOT NULL ENABLE);
 
  ALTER TABLE "CURSOS"."T_ALUMONOS_GRUPO" ADD CONSTRAINT "T_ALUMONOS_GRUPO_PK" PRIMARY KEY ("ID_GRUPO_ALUMNO")
  USING INDEX PCTFREE 10 INITRANS 2 MAXTRANS 255 COMPUTE STATISTICS 
  STORAGE(INITIAL 65536 NEXT 1048576 MINEXTENTS 1 MAXEXTENTS 2147483645
  PCTINCREASE 0 FREELISTS 1 FREELIST GROUPS 1 BUFFER_POOL DEFAULT)
  TABLESPACE "USERS"  ENABLE;
--------------------------------------------------------
--  Constraints for Table T_ESTADOS_EQUIPO
--------------------------------------------------------

  ALTER TABLE "CURSOS"."T_ESTADOS_EQUIPO" MODIFY ("ID_ESTADO_EQUIPO" NOT NULL ENABLE);
 
  ALTER TABLE "CURSOS"."T_ESTADOS_EQUIPO" MODIFY ("N_ESTADO_EQUIPO" NOT NULL ENABLE);
 
  ALTER TABLE "CURSOS"."T_ESTADOS_EQUIPO" MODIFY ("FEC_ALTA" NOT NULL ENABLE);
 
  ALTER TABLE "CURSOS"."T_ESTADOS_EQUIPO" MODIFY ("USR_ALTA" NOT NULL ENABLE);
 
  ALTER TABLE "CURSOS"."T_ESTADOS_EQUIPO" MODIFY ("FEC_MODIF" NOT NULL ENABLE);
 
  ALTER TABLE "CURSOS"."T_ESTADOS_EQUIPO" MODIFY ("USR_MODIF" NOT NULL ENABLE);
 
  ALTER TABLE "CURSOS"."T_ESTADOS_EQUIPO" MODIFY ("ESTADO" NOT NULL ENABLE);
 
  ALTER TABLE "CURSOS"."T_ESTADOS_EQUIPO" ADD CONSTRAINT "T_ESTADOS_EQUIPO_PK" PRIMARY KEY ("ID_ESTADO_EQUIPO")
  USING INDEX PCTFREE 10 INITRANS 2 MAXTRANS 255 COMPUTE STATISTICS 
  STORAGE(INITIAL 65536 NEXT 1048576 MINEXTENTS 1 MAXEXTENTS 2147483645
  PCTINCREASE 0 FREELISTS 1 FREELIST GROUPS 1 BUFFER_POOL DEFAULT)
  TABLESPACE "USERS"  ENABLE;
--------------------------------------------------------
--  Constraints for Table T_CURSOS
--------------------------------------------------------

  ALTER TABLE "CURSOS"."T_CURSOS" MODIFY ("N_CURSO" NOT NULL ENABLE);
 
  ALTER TABLE "CURSOS"."T_CURSOS" MODIFY ("ID_CURSO" NOT NULL ENABLE);
 
  ALTER TABLE "CURSOS"."T_CURSOS" MODIFY ("ESTADO" NOT NULL ENABLE);
 
  ALTER TABLE "CURSOS"."T_CURSOS" MODIFY ("FEC_ALTA" NOT NULL ENABLE);
 
  ALTER TABLE "CURSOS"."T_CURSOS" MODIFY ("USR_ALTA" NOT NULL ENABLE);
 
  ALTER TABLE "CURSOS"."T_CURSOS" MODIFY ("FEC_MODIF" NOT NULL ENABLE);
 
  ALTER TABLE "CURSOS"."T_CURSOS" MODIFY ("USR_MODIF" NOT NULL ENABLE);
 
  ALTER TABLE "CURSOS"."T_CURSOS" MODIFY ("ID_AREA_TIPO_CURSO" NOT NULL ENABLE);
 
  ALTER TABLE "CURSOS"."T_CURSOS" ADD CONSTRAINT "T_CURSO_PK" PRIMARY KEY ("ID_CURSO")
  USING INDEX PCTFREE 10 INITRANS 2 MAXTRANS 255 COMPUTE STATISTICS 
  STORAGE(INITIAL 65536 NEXT 1048576 MINEXTENTS 1 MAXEXTENTS 2147483645
  PCTINCREASE 0 FREELISTS 1 FREELIST GROUPS 1 BUFFER_POOL DEFAULT)
  TABLESPACE "USERS"  ENABLE;
--------------------------------------------------------
--  Constraints for Table T_PRESTAMOS
--------------------------------------------------------

  ALTER TABLE "CURSOS"."T_PRESTAMOS" MODIFY ("ID_PRESTAMO" NOT NULL ENABLE);
 
  ALTER TABLE "CURSOS"."T_PRESTAMOS" MODIFY ("ID_INSTITUCION" NOT NULL ENABLE);
 
  ALTER TABLE "CURSOS"."T_PRESTAMOS" MODIFY ("ID_EQUIPO" NOT NULL ENABLE);
 
  ALTER TABLE "CURSOS"."T_PRESTAMOS" MODIFY ("FEC_INICIO" NOT NULL ENABLE);
 
  ALTER TABLE "CURSOS"."T_PRESTAMOS" MODIFY ("FEC_FIN" NOT NULL ENABLE);
 
  ALTER TABLE "CURSOS"."T_PRESTAMOS" MODIFY ("FEC_ALTA" NOT NULL ENABLE);
 
  ALTER TABLE "CURSOS"."T_PRESTAMOS" MODIFY ("USR_ALTA" NOT NULL ENABLE);
 
  ALTER TABLE "CURSOS"."T_PRESTAMOS" MODIFY ("FEC_MODIF" NOT NULL ENABLE);
 
  ALTER TABLE "CURSOS"."T_PRESTAMOS" MODIFY ("USR_MODIF" NOT NULL ENABLE);
 
  ALTER TABLE "CURSOS"."T_PRESTAMOS" MODIFY ("ESTADO" NOT NULL ENABLE);
 
  ALTER TABLE "CURSOS"."T_PRESTAMOS" ADD CONSTRAINT "T_PRESTAMOS_PK" PRIMARY KEY ("ID_PRESTAMO")
  USING INDEX PCTFREE 10 INITRANS 2 MAXTRANS 255 COMPUTE STATISTICS 
  STORAGE(INITIAL 65536 NEXT 1048576 MINEXTENTS 1 MAXEXTENTS 2147483645
  PCTINCREASE 0 FREELISTS 1 FREELIST GROUPS 1 BUFFER_POOL DEFAULT)
  TABLESPACE "USERS"  ENABLE;
--------------------------------------------------------
--  Constraints for Table T_ESTADOS_CAJA_CHICA
--------------------------------------------------------

  ALTER TABLE "CURSOS"."T_ESTADOS_CAJA_CHICA" MODIFY ("ID_ESTADO_CAJA_CHICA" NOT NULL ENABLE);
 
  ALTER TABLE "CURSOS"."T_ESTADOS_CAJA_CHICA" MODIFY ("N_ESTADO_CAJA_CHICA" NOT NULL ENABLE);
 
  ALTER TABLE "CURSOS"."T_ESTADOS_CAJA_CHICA" MODIFY ("FEC_ALTA" NOT NULL ENABLE);
 
  ALTER TABLE "CURSOS"."T_ESTADOS_CAJA_CHICA" MODIFY ("USR_ALTA" NOT NULL ENABLE);
 
  ALTER TABLE "CURSOS"."T_ESTADOS_CAJA_CHICA" MODIFY ("FEC_MODIF" NOT NULL ENABLE);
 
  ALTER TABLE "CURSOS"."T_ESTADOS_CAJA_CHICA" MODIFY ("USR_MODIF" NOT NULL ENABLE);
 
  ALTER TABLE "CURSOS"."T_ESTADOS_CAJA_CHICA" MODIFY ("ESTADO" NOT NULL ENABLE);
 
  ALTER TABLE "CURSOS"."T_ESTADOS_CAJA_CHICA" ADD CONSTRAINT "T_ESTADOS_CAJA_CHICA_PK" PRIMARY KEY ("ID_ESTADO_CAJA_CHICA")
  USING INDEX PCTFREE 10 INITRANS 2 MAXTRANS 255 COMPUTE STATISTICS 
  STORAGE(INITIAL 65536 NEXT 1048576 MINEXTENTS 1 MAXEXTENTS 2147483645
  PCTINCREASE 0 FREELISTS 1 FREELIST GROUPS 1 BUFFER_POOL DEFAULT)
  TABLESPACE "USERS"  ENABLE;
--------------------------------------------------------
--  Constraints for Table T_CARGOS
--------------------------------------------------------

  ALTER TABLE "CURSOS"."T_CARGOS" MODIFY ("ID_CARGO" NOT NULL ENABLE);
 
  ALTER TABLE "CURSOS"."T_CARGOS" MODIFY ("N_CARGO" NOT NULL ENABLE);
 
  ALTER TABLE "CURSOS"."T_CARGOS" MODIFY ("FEC_ALTA" NOT NULL ENABLE);
 
  ALTER TABLE "CURSOS"."T_CARGOS" MODIFY ("USR_ALTA" NOT NULL ENABLE);
 
  ALTER TABLE "CURSOS"."T_CARGOS" MODIFY ("FEC_MODIF" NOT NULL ENABLE);
 
  ALTER TABLE "CURSOS"."T_CARGOS" MODIFY ("USR_MODIF" NOT NULL ENABLE);
 
  ALTER TABLE "CURSOS"."T_CARGOS" MODIFY ("ESTADO" NOT NULL ENABLE);
 
  ALTER TABLE "CURSOS"."T_CARGOS" ADD CONSTRAINT "T_CARGOS_PK" PRIMARY KEY ("ID_CARGO")
  USING INDEX PCTFREE 10 INITRANS 2 MAXTRANS 255 COMPUTE STATISTICS 
  STORAGE(INITIAL 65536 NEXT 1048576 MINEXTENTS 1 MAXEXTENTS 2147483645
  PCTINCREASE 0 FREELISTS 1 FREELIST GROUPS 1 BUFFER_POOL DEFAULT)
  TABLESPACE "USERS"  ENABLE;
--------------------------------------------------------
--  Constraints for Table T_EXAMENES
--------------------------------------------------------

  ALTER TABLE "CURSOS"."T_EXAMENES" MODIFY ("ID_EXAMEN" NOT NULL ENABLE);
 
  ALTER TABLE "CURSOS"."T_EXAMENES" MODIFY ("FEC_EXAMEN" NOT NULL ENABLE);
 
  ALTER TABLE "CURSOS"."T_EXAMENES" MODIFY ("NRO_EXAMEN" NOT NULL ENABLE);
 
  ALTER TABLE "CURSOS"."T_EXAMENES" MODIFY ("FEC_ALTA" NOT NULL ENABLE);
 
  ALTER TABLE "CURSOS"."T_EXAMENES" MODIFY ("USR_ALTA" NOT NULL ENABLE);
 
  ALTER TABLE "CURSOS"."T_EXAMENES" MODIFY ("FEC_MODIF" NOT NULL ENABLE);
 
  ALTER TABLE "CURSOS"."T_EXAMENES" MODIFY ("USR_MODIF" NOT NULL ENABLE);
 
  ALTER TABLE "CURSOS"."T_EXAMENES" MODIFY ("ESTADO" NOT NULL ENABLE);
 
  ALTER TABLE "CURSOS"."T_EXAMENES" MODIFY ("NOTA" NOT NULL ENABLE);
 
  ALTER TABLE "CURSOS"."T_EXAMENES" MODIFY ("ID_INSCRIPCION" NOT NULL ENABLE);
 
  ALTER TABLE "CURSOS"."T_EXAMENES" ADD CONSTRAINT "T_EXAMENES_PK" PRIMARY KEY ("ID_EXAMEN")
  USING INDEX PCTFREE 10 INITRANS 2 MAXTRANS 255 COMPUTE STATISTICS 
  STORAGE(INITIAL 65536 NEXT 1048576 MINEXTENTS 1 MAXEXTENTS 2147483645
  PCTINCREASE 0 FREELISTS 1 FREELIST GROUPS 1 BUFFER_POOL DEFAULT)
  TABLESPACE "USERS"  ENABLE;
 
  ALTER TABLE "CURSOS"."T_EXAMENES" ADD CONSTRAINT "T_EXAMENES_UK1" UNIQUE ("NRO_EXAMEN", "ID_INSCRIPCION")
  USING INDEX PCTFREE 10 INITRANS 2 MAXTRANS 255 COMPUTE STATISTICS 
  STORAGE(INITIAL 65536 NEXT 1048576 MINEXTENTS 1 MAXEXTENTS 2147483645
  PCTINCREASE 0 FREELISTS 1 FREELIST GROUPS 1 BUFFER_POOL DEFAULT)
  TABLESPACE "USERS"  ENABLE;
--------------------------------------------------------
--  Ref Constraints for Table T_ALUMNOS
--------------------------------------------------------

  ALTER TABLE "CURSOS"."T_ALUMNOS" ADD CONSTRAINT "T_ALUMNOS_T_TIPOS_DNI_FK1" FOREIGN KEY ("ID_TIPO_DNI")
	  REFERENCES "CURSOS"."T_TIPOS_DNI" ("ID_TIPO_DNI") ENABLE;
 
  ALTER TABLE "CURSOS"."T_ALUMNOS" ADD CONSTRAINT "T_ALUMNOS_T_TIPOS_ESTADO__FK1" FOREIGN KEY ("ID_TIPO_ESTADO_CIVIL")
	  REFERENCES "CURSOS"."T_TIPOS_ESTADO_CIVIL" ("ID_TIPO_ESTADO_CIVIL") ENABLE;
 
  ALTER TABLE "CURSOS"."T_ALUMNOS" ADD CONSTRAINT "T_ALUMNOS_T_TIPOS_SEXO_FK1" FOREIGN KEY ("ID_TIPO_SEXO")
	  REFERENCES "CURSOS"."T_TIPOS_SEXO" ("ID_TIPO_SEXO") ENABLE;
--------------------------------------------------------
--  Ref Constraints for Table T_ALUMNOS_HORARIO
--------------------------------------------------------

  ALTER TABLE "CURSOS"."T_ALUMNOS_HORARIO" ADD CONSTRAINT "T_ALUMNOS_HORARIO_T_ALUMN_FK1" FOREIGN KEY ("ID_ALUMNO")
	  REFERENCES "CURSOS"."T_ALUMNOS" ("ID_ALUMNO") ENABLE;
 
  ALTER TABLE "CURSOS"."T_ALUMNOS_HORARIO" ADD CONSTRAINT "T_ALUMNOS_HORARIO_T_GRUPO_FK1" FOREIGN KEY ("ID_GRUPO")
	  REFERENCES "CURSOS"."T_GRUPOS" ("ID_GRUPO") ENABLE;
 
  ALTER TABLE "CURSOS"."T_ALUMNOS_HORARIO" ADD CONSTRAINT "T_ALUMNOS_HORARIO_T_HORAR_FK1" FOREIGN KEY ("ID_HORARIO")
	  REFERENCES "CURSOS"."T_HORARIOS" ("ID_HORARIO") ENABLE;
--------------------------------------------------------
--  Ref Constraints for Table T_ALUMONOS_GRUPO
--------------------------------------------------------

  ALTER TABLE "CURSOS"."T_ALUMONOS_GRUPO" ADD CONSTRAINT "T_ALUMONOS_GRUPO_T_ALUMNO_FK1" FOREIGN KEY ("ID_ALUMNO")
	  REFERENCES "CURSOS"."T_ALUMNOS" ("ID_ALUMNO") ENABLE;
 
  ALTER TABLE "CURSOS"."T_ALUMONOS_GRUPO" ADD CONSTRAINT "T_ALUMONOS_GRUPO_T_CONDIC_FK1" FOREIGN KEY ("ID_CONDICION_CURSO")
	  REFERENCES "CURSOS"."T_CONDICIONES_CURSO" ("ID_CONDICION_CURSO") ENABLE;
 
  ALTER TABLE "CURSOS"."T_ALUMONOS_GRUPO" ADD CONSTRAINT "T_ALUMONOS_GRUPO_T_GRUPOS_FK1" FOREIGN KEY ("ID_GRUPO")
	  REFERENCES "CURSOS"."T_GRUPOS" ("ID_GRUPO") ENABLE;
--------------------------------------------------------
--  Ref Constraints for Table T_CAJA_CHICA
--------------------------------------------------------

  ALTER TABLE "CURSOS"."T_CAJA_CHICA" ADD CONSTRAINT "T_CAJA_CHICA_T_ESTADOS_CA_FK1" FOREIGN KEY ("ID_ESTADO_CAJA_CHICA")
	  REFERENCES "CURSOS"."T_ESTADOS_CAJA_CHICA" ("ID_ESTADO_CAJA_CHICA") ENABLE;
 
  ALTER TABLE "CURSOS"."T_CAJA_CHICA" ADD CONSTRAINT "T_CAJA_CHICA_T_INSTITUCIO_FK1" FOREIGN KEY ("ID_INSTITUCION")
	  REFERENCES "CURSOS"."T_INSTITUCIONES" ("ID_INSTITUCION") ENABLE;
--------------------------------------------------------
--  Ref Constraints for Table T_CERTIFICACIONES
--------------------------------------------------------

  ALTER TABLE "CURSOS"."T_CERTIFICACIONES" ADD CONSTRAINT "T_CERTIFICACIONES_T_INSCR_FK1" FOREIGN KEY ("ID_INSCRIPCION")
	  REFERENCES "CURSOS"."T_INSCRIPCIONES" ("ID_INSCRIPCION") ENABLE;
--------------------------------------------------------
--  Ref Constraints for Table T_CONDICIONES_CURSO
--------------------------------------------------------

  ALTER TABLE "CURSOS"."T_CONDICIONES_CURSO" ADD CONSTRAINT "T_CONDICIONES_CURSO_T_CUR_FK1" FOREIGN KEY ("ID_CURSO")
	  REFERENCES "CURSOS"."T_CURSOS" ("ID_CURSO") ENABLE;
 
  ALTER TABLE "CURSOS"."T_CONDICIONES_CURSO" ADD CONSTRAINT "T_CONDICIONES_CURSO_T_EST_FK1" FOREIGN KEY ("ID_ESTADO_CURSO")
	  REFERENCES "CURSOS"."T_ESTADOS_CURSO" ("ID_ESTADO_CURSO") ENABLE;
 
  ALTER TABLE "CURSOS"."T_CONDICIONES_CURSO" ADD CONSTRAINT "T_CONDICIONES_CURSO_T_INS_FK1" FOREIGN KEY ("ID_INSTITUCION")
	  REFERENCES "CURSOS"."T_INSTITUCIONES" ("ID_INSTITUCION") ENABLE;
 
  ALTER TABLE "CURSOS"."T_CONDICIONES_CURSO" ADD CONSTRAINT "T_CONDICIONES_CURSO_T_MOD_FK1" FOREIGN KEY ("ID_MODALIDAD")
	  REFERENCES "CURSOS"."T_MODALIDADES" ("ID_MODALIDAD") ENABLE;
 
  ALTER TABLE "CURSOS"."T_CONDICIONES_CURSO" ADD CONSTRAINT "T_CONDICIONES_CURSO_T_NIV_FK1" FOREIGN KEY ("ID_NIVEL")
	  REFERENCES "CURSOS"."T_NIVELES" ("ID_NIVEL") ENABLE;
 
  ALTER TABLE "CURSOS"."T_CONDICIONES_CURSO" ADD CONSTRAINT "T_CONDICIONES_CURSO_T_PRO_FK1" FOREIGN KEY ("ID_PROGRAMA")
	  REFERENCES "CURSOS"."T_PROGRAMAS" ("ID_PROGRAMA") ENABLE;
--------------------------------------------------------
--  Ref Constraints for Table T_CURSOS
--------------------------------------------------------

  ALTER TABLE "CURSOS"."T_CURSOS" ADD CONSTRAINT "T_CURSOS_T_AREAS_TIPOS_CU_FK1" FOREIGN KEY ("ID_AREA_TIPO_CURSO")
	  REFERENCES "CURSOS"."T_AREAS_TIPOS_CURSO" ("ID_AREA_TIPO_CURSO") ENABLE;
--------------------------------------------------------
--  Ref Constraints for Table T_DETALLES_FACTURA
--------------------------------------------------------

  ALTER TABLE "CURSOS"."T_DETALLES_FACTURA" ADD CONSTRAINT "T_DETALLES_FACTURA_T_FACT_FK1" FOREIGN KEY ("ID_FACTURA")
	  REFERENCES "CURSOS"."T_FACTURAS" ("ID_FACTURA") ENABLE;
--------------------------------------------------------
--  Ref Constraints for Table T_DOCENTES
--------------------------------------------------------

  ALTER TABLE "CURSOS"."T_DOCENTES" ADD CONSTRAINT "T_DOCENTES_T_CARGOS_FK1" FOREIGN KEY ("ID_CARGO")
	  REFERENCES "CURSOS"."T_CARGOS" ("ID_CARGO") ENABLE;
 
  ALTER TABLE "CURSOS"."T_DOCENTES" ADD CONSTRAINT "T_DOCENTES_T_TIPOS_DOCENT_FK1" FOREIGN KEY ("ID_TIPO_DOCENTE")
	  REFERENCES "CURSOS"."T_TIPOS_DOCENTE" ("ID_TIPO_DOCENTE") ENABLE;
--------------------------------------------------------
--  Ref Constraints for Table T_DOCENTES_GRUPO
--------------------------------------------------------

  ALTER TABLE "CURSOS"."T_DOCENTES_GRUPO" ADD CONSTRAINT "T_DOCENTES_GRUPO_T_CONDIC_FK1" FOREIGN KEY ("ID_CONDICION_CURSO")
	  REFERENCES "CURSOS"."T_CONDICIONES_CURSO" ("ID_CONDICION_CURSO") ENABLE;
 
  ALTER TABLE "CURSOS"."T_DOCENTES_GRUPO" ADD CONSTRAINT "T_DOCENTES_GRUPO_T_DOCENT_FK1" FOREIGN KEY ("ID_DOCENTE")
	  REFERENCES "CURSOS"."T_DOCENTES" ("ID_DOCENTE") ENABLE;
 
  ALTER TABLE "CURSOS"."T_DOCENTES_GRUPO" ADD CONSTRAINT "T_DOCENTES_GRUPO_T_GRUPOS_FK1" FOREIGN KEY ("ID_GRUPO")
	  REFERENCES "CURSOS"."T_GRUPOS" ("ID_GRUPO") ENABLE;
--------------------------------------------------------
--  Ref Constraints for Table T_DOCENTES_HORARIO
--------------------------------------------------------

  ALTER TABLE "CURSOS"."T_DOCENTES_HORARIO" ADD CONSTRAINT "T_DOCENTES_HORARIO_T_DOCE_FK1" FOREIGN KEY ("ID_DOCENTE")
	  REFERENCES "CURSOS"."T_DOCENTES" ("ID_DOCENTE") ENABLE;
 
  ALTER TABLE "CURSOS"."T_DOCENTES_HORARIO" ADD CONSTRAINT "T_DOCENTES_HORARIO_T_GRUP_FK1" FOREIGN KEY ("ID_GRUPO")
	  REFERENCES "CURSOS"."T_GRUPOS" ("ID_GRUPO") ENABLE;
 
  ALTER TABLE "CURSOS"."T_DOCENTES_HORARIO" ADD CONSTRAINT "T_DOCENTES_HORARIO_T_HORA_FK1" FOREIGN KEY ("ID_HORARIO")
	  REFERENCES "CURSOS"."T_HORARIOS" ("ID_HORARIO") ENABLE;
--------------------------------------------------------
--  Ref Constraints for Table T_EQUIPOS
--------------------------------------------------------

  ALTER TABLE "CURSOS"."T_EQUIPOS" ADD CONSTRAINT "T_EQUIPOS_T_ESTADOS_EQUIP_FK1" FOREIGN KEY ("ID_ESTADO_EQUIPO")
	  REFERENCES "CURSOS"."T_ESTADOS_EQUIPO" ("ID_ESTADO_EQUIPO") ENABLE;
--------------------------------------------------------
--  Ref Constraints for Table T_ESTABLECIMINETOS
--------------------------------------------------------

  ALTER TABLE "CURSOS"."T_ESTABLECIMINETOS" ADD CONSTRAINT "T_ESTABLECIMINETOS_T_INST_FK1" FOREIGN KEY ("ID_INSTITUCION")
	  REFERENCES "CURSOS"."T_INSTITUCIONES" ("ID_INSTITUCION") ENABLE;
--------------------------------------------------------
--  Ref Constraints for Table T_EXAMENES
--------------------------------------------------------

  ALTER TABLE "CURSOS"."T_EXAMENES" ADD CONSTRAINT "T_EXAMENES_T_INSCRIPCIONE_FK1" FOREIGN KEY ("ID_INSCRIPCION")
	  REFERENCES "CURSOS"."T_INSCRIPCIONES" ("ID_INSCRIPCION") ENABLE;
--------------------------------------------------------
--  Ref Constraints for Table T_FACTURAS
--------------------------------------------------------

  ALTER TABLE "CURSOS"."T_FACTURAS" ADD CONSTRAINT "T_FACTURAS_T_CONDICIONES__FK1" FOREIGN KEY ("ID_CONDICION_CURSO")
	  REFERENCES "CURSOS"."T_CONDICIONES_CURSO" ("ID_CONDICION_CURSO") ENABLE;
--------------------------------------------------------
--  Ref Constraints for Table T_GRUPOS
--------------------------------------------------------

  ALTER TABLE "CURSOS"."T_GRUPOS" ADD CONSTRAINT "T_GRUPOS_T_CONDICIONES_CU_FK1" FOREIGN KEY ("ID_ESTABLECIMIENTO")
	  REFERENCES "CURSOS"."T_ESTABLECIMINETOS" ("ID_ESTABLECIMIENTO") ENABLE;
 
  ALTER TABLE "CURSOS"."T_GRUPOS" ADD CONSTRAINT "T_GRUPOS_T_CONDICIONES_CU_FK2" FOREIGN KEY ("ID_CONDICION_CURSO")
	  REFERENCES "CURSOS"."T_CONDICIONES_CURSO" ("ID_CONDICION_CURSO") ENABLE;
--------------------------------------------------------
--  Ref Constraints for Table T_GRUPOS_HORARIO
--------------------------------------------------------

  ALTER TABLE "CURSOS"."T_GRUPOS_HORARIO" ADD CONSTRAINT "T_GRUPOS_HORARIO_T_GRUPOS_FK1" FOREIGN KEY ("ID_GRUPO")
	  REFERENCES "CURSOS"."T_GRUPOS" ("ID_GRUPO") ENABLE;
 
  ALTER TABLE "CURSOS"."T_GRUPOS_HORARIO" ADD CONSTRAINT "T_GRUPOS_HORARIO_T_HORARI_FK1" FOREIGN KEY ("ID_HORARIO")
	  REFERENCES "CURSOS"."T_HORARIOS" ("ID_HORARIO") ENABLE;
--------------------------------------------------------
--  Ref Constraints for Table T_INSCRIPCIONES
--------------------------------------------------------

  ALTER TABLE "CURSOS"."T_INSCRIPCIONES" ADD CONSTRAINT "T_INSCRIPCIONES_T_ALUMNOS_FK1" FOREIGN KEY ("ID_ALUMNO")
	  REFERENCES "CURSOS"."T_ALUMNOS" ("ID_ALUMNO") ENABLE;
 
  ALTER TABLE "CURSOS"."T_INSCRIPCIONES" ADD CONSTRAINT "T_INSCRIPCIONES_T_CONDICI_FK1" FOREIGN KEY ("ID_CONDICION_CURSO")
	  REFERENCES "CURSOS"."T_CONDICIONES_CURSO" ("ID_CONDICION_CURSO") ENABLE;
--------------------------------------------------------
--  Ref Constraints for Table T_MOVIMIENTOS
--------------------------------------------------------

  ALTER TABLE "CURSOS"."T_MOVIMIENTOS" ADD CONSTRAINT "T_MOVIMIENTOS_T_CAJA_CHIC_FK1" FOREIGN KEY ("ID_CAJA_CHICA")
	  REFERENCES "CURSOS"."T_CAJA_CHICA" ("ID_CAJA_CHICA") ENABLE;
 
  ALTER TABLE "CURSOS"."T_MOVIMIENTOS" ADD CONSTRAINT "T_MOVIMIENTOS_T_TIPOS_MOV_FK1" FOREIGN KEY ("ID_TIPO_MOVIMIENTO")
	  REFERENCES "CURSOS"."T_TIPOS_MOVIMIENTOS" ("ID_TIPO_MOVIMIENTO") ENABLE;
--------------------------------------------------------
--  Ref Constraints for Table T_NOVEDADES
--------------------------------------------------------

  ALTER TABLE "CURSOS"."T_NOVEDADES" ADD CONSTRAINT "T_NOVEDADES_T_GRUPOS_FK1" FOREIGN KEY ("ID_GRUPO")
	  REFERENCES "CURSOS"."T_GRUPOS" ("ID_GRUPO") ENABLE;
--------------------------------------------------------
--  Ref Constraints for Table T_PRESENTISMO
--------------------------------------------------------

  ALTER TABLE "CURSOS"."T_PRESENTISMO" ADD CONSTRAINT "T_PRESENTISMO_T_INSCRIPCI_FK1" FOREIGN KEY ("ID_INSCRIPCION")
	  REFERENCES "CURSOS"."T_INSCRIPCIONES" ("ID_INSCRIPCION") ENABLE;
--------------------------------------------------------
--  Ref Constraints for Table T_PRESTAMOS
--------------------------------------------------------

  ALTER TABLE "CURSOS"."T_PRESTAMOS" ADD CONSTRAINT "T_PRESTAMOS_T_EQUIPOS_FK1" FOREIGN KEY ("ID_EQUIPO")
	  REFERENCES "CURSOS"."T_EQUIPOS" ("ID_EQUIPO") ENABLE;
 
  ALTER TABLE "CURSOS"."T_PRESTAMOS" ADD CONSTRAINT "T_PRESTAMOS_T_INSTITUCION_FK1" FOREIGN KEY ("ID_INSTITUCION")
	  REFERENCES "CURSOS"."T_INSTITUCIONES" ("ID_INSTITUCION") ENABLE;
--------------------------------------------------------
--  Ref Constraints for Table T_PROGRAMAS_TEMARIO
--------------------------------------------------------

  ALTER TABLE "CURSOS"."T_PROGRAMAS_TEMARIO" ADD CONSTRAINT "T_PROGRAMAS_TEMARIO_T_PRO_FK1" FOREIGN KEY ("ID_PROGRAMA")
	  REFERENCES "CURSOS"."T_PROGRAMAS" ("ID_PROGRAMA") ENABLE;
 
  ALTER TABLE "CURSOS"."T_PROGRAMAS_TEMARIO" ADD CONSTRAINT "T_PROGRAMAS_TEMARIO_T_TEM_FK1" FOREIGN KEY ("ID_TEMARIO")
	  REFERENCES "CURSOS"."T_TEMARIO" ("ID_TEMARIO") ENABLE;
--------------------------------------------------------
--  Ref Constraints for Table T_SUPERVICIONES
--------------------------------------------------------

  ALTER TABLE "CURSOS"."T_SUPERVICIONES" ADD CONSTRAINT "T_SUPERVICIONES_T_GRUPOS_FK1" FOREIGN KEY ("ID_GRUPO")
	  REFERENCES "CURSOS"."T_GRUPOS" ("ID_GRUPO") ENABLE;
 
  ALTER TABLE "CURSOS"."T_SUPERVICIONES" ADD CONSTRAINT "T_SUPERVICIONES_T_SUPERVI_FK1" FOREIGN KEY ("ID_SUPERVISOR")
	  REFERENCES "CURSOS"."T_SUPERVISORES" ("ID_SUPERVISOR") ENABLE;
--------------------------------------------------------
--  Ref Constraints for Table T_USUARIO
--------------------------------------------------------

  ALTER TABLE "CURSOS"."T_USUARIO" ADD CONSTRAINT "T_USUARIO_T_ROL_FK1" FOREIGN KEY ("ID_ROL")
	  REFERENCES "CURSOS"."T_ROL" ("ID_ROL") ENABLE;
--------------------------------------------------------
--  DDL for Trigger ADD_ALUMNO_HORARIO
--------------------------------------------------------

  CREATE OR REPLACE TRIGGER "CURSOS"."ADD_ALUMNO_HORARIO" 
BEFORE INSERT ON T_ALUMNOS_HORARIO
for each row
BEGIN
  SELECT ADD_ALUMNO_HORARIO.nextval INTO :NEW.ID_ALUMNO_HORARIO from dual; 
END;
/
ALTER TRIGGER "CURSOS"."ADD_ALUMNO_HORARIO" ENABLE;
--------------------------------------------------------
--  DDL for Trigger ADD_ALUMNOS
--------------------------------------------------------

  CREATE OR REPLACE TRIGGER "CURSOS"."ADD_ALUMNOS" 
BEFORE INSERT ON T_ALUMNOS
for each row
BEGIN
  SELECT ADD_ALUMNOS.nextval INTO :NEW.ID_ALUMNO from dual; 
END;
/
ALTER TRIGGER "CURSOS"."ADD_ALUMNOS" ENABLE;
--------------------------------------------------------
--  DDL for Trigger ADD_ALUMONOS_GRUPO
--------------------------------------------------------

  CREATE OR REPLACE TRIGGER "CURSOS"."ADD_ALUMONOS_GRUPO" 
BEFORE INSERT ON T_ALUMONOS_GRUPO
for each row
BEGIN
  SELECT ADD_ALUMNO_GRUPO.nextval INTO :NEW.ID_GRUPO_ALUMNO from dual; 
END;
/
ALTER TRIGGER "CURSOS"."ADD_ALUMONOS_GRUPO" ENABLE;
--------------------------------------------------------
--  DDL for Trigger ADD_CAJA_CHICA
--------------------------------------------------------

  CREATE OR REPLACE TRIGGER "CURSOS"."ADD_CAJA_CHICA" 
BEFORE INSERT ON T_CAJA_CHICA 
for each row
BEGIN
  SELECT ADD_CAJA_CHICA.nextval INTO :NEW.ID_CAJA_CHICA from dual; 
END;
/
ALTER TRIGGER "CURSOS"."ADD_CAJA_CHICA" ENABLE;
--------------------------------------------------------
--  DDL for Trigger ADD_CARGOS
--------------------------------------------------------

  CREATE OR REPLACE TRIGGER "CURSOS"."ADD_CARGOS" 
BEFORE INSERT ON T_CARGOS 
for each row
BEGIN
  SELECT ADD_CARGOS.nextval INTO :NEW.ID_CARGO from dual; 
END;
/
ALTER TRIGGER "CURSOS"."ADD_CARGOS" ENABLE;
--------------------------------------------------------
--  DDL for Trigger ADD_CERTIFICACIONES
--------------------------------------------------------

  CREATE OR REPLACE TRIGGER "CURSOS"."ADD_CERTIFICACIONES" 
BEFORE INSERT ON T_CERTIFICACIONES 
for each row
BEGIN
  SELECT ADD_CERTIFICACIONES.nextval INTO :NEW.ID_CERTIFICADO from dual; 
END;
/
ALTER TRIGGER "CURSOS"."ADD_CERTIFICACIONES" ENABLE;
--------------------------------------------------------
--  DDL for Trigger ADD_CONDICION_CURSO
--------------------------------------------------------

  CREATE OR REPLACE TRIGGER "CURSOS"."ADD_CONDICION_CURSO" 
BEFORE INSERT ON T_CONDICIONES_CURSO 
for each row
BEGIN
  SELECT ADD_CONDICION_CURSO.nextval INTO :NEW.ID_CONDICION_CURSO from dual; 
END;
/
ALTER TRIGGER "CURSOS"."ADD_CONDICION_CURSO" ENABLE;
--------------------------------------------------------
--  DDL for Trigger ADD_CURSOS
--------------------------------------------------------

  CREATE OR REPLACE TRIGGER "CURSOS"."ADD_CURSOS" 
BEFORE INSERT ON T_CURSOS 
for each row
BEGIN
  SELECT ADD_CURSOS.nextval INTO :NEW.ID_CURSO from dual; 
END;
/
ALTER TRIGGER "CURSOS"."ADD_CURSOS" ENABLE;
--------------------------------------------------------
--  DDL for Trigger ADD_DETALLES_FACTURA
--------------------------------------------------------

  CREATE OR REPLACE TRIGGER "CURSOS"."ADD_DETALLES_FACTURA" 
BEFORE INSERT ON T_DETALLES_FACTURA 
for each row
BEGIN
  SELECT ADD_DETALLES_FACTURA.nextval INTO :NEW.ID_DETALLE_FACTURA from dual; 
END;
/
ALTER TRIGGER "CURSOS"."ADD_DETALLES_FACTURA" ENABLE;
--------------------------------------------------------
--  DDL for Trigger ADD_DOCENTES
--------------------------------------------------------

  CREATE OR REPLACE TRIGGER "CURSOS"."ADD_DOCENTES" 
BEFORE INSERT ON T_DOCENTES 
for each row
BEGIN
  SELECT ADD_DOCENTES.nextval INTO :NEW.ID_DOCENTE from dual; 
END;
/
ALTER TRIGGER "CURSOS"."ADD_DOCENTES" ENABLE;
--------------------------------------------------------
--  DDL for Trigger ADD_DOCENTES_GRUPO
--------------------------------------------------------

  CREATE OR REPLACE TRIGGER "CURSOS"."ADD_DOCENTES_GRUPO" 
BEFORE INSERT ON T_DOCENTES_GRUPO
for each row
BEGIN
  SELECT ADD_DOCENTES_GRUPO.nextval INTO :NEW.ID_DOCENTES_GRUPO from dual; 
END;
/
ALTER TRIGGER "CURSOS"."ADD_DOCENTES_GRUPO" ENABLE;
--------------------------------------------------------
--  DDL for Trigger ADD_DOCENTES_HORARIO
--------------------------------------------------------

  CREATE OR REPLACE TRIGGER "CURSOS"."ADD_DOCENTES_HORARIO" 
BEFORE INSERT ON T_DOCENTES_HORARIO
for each row
BEGIN
  SELECT ADD_DOCENTES_HORARIO.nextval INTO :NEW.ID_DOCENTE_HORARIO from dual; 
END;
/
ALTER TRIGGER "CURSOS"."ADD_DOCENTES_HORARIO" ENABLE;
--------------------------------------------------------
--  DDL for Trigger ADD_EQUIPOS
--------------------------------------------------------

  CREATE OR REPLACE TRIGGER "CURSOS"."ADD_EQUIPOS" 
BEFORE INSERT ON T_EQUIPOS 
for each row
BEGIN
  SELECT ADD_EQUIPOS.nextval INTO :NEW.ID_EQUIPO from dual; 
END;
/
ALTER TRIGGER "CURSOS"."ADD_EQUIPOS" ENABLE;
--------------------------------------------------------
--  DDL for Trigger ADD_ESTABLECIMINETOS
--------------------------------------------------------

  CREATE OR REPLACE TRIGGER "CURSOS"."ADD_ESTABLECIMINETOS" 
BEFORE INSERT ON T_ESTABLECIMINETOS 
for each row
BEGIN
  SELECT ADD_ESTABLECIMINETOS.nextval INTO :NEW.ID_ESTABLECIMIENTO from dual; 
END;
/
ALTER TRIGGER "CURSOS"."ADD_ESTABLECIMINETOS" ENABLE;
--------------------------------------------------------
--  DDL for Trigger ADD_ESTADOS_CAJA_CHICA
--------------------------------------------------------

  CREATE OR REPLACE TRIGGER "CURSOS"."ADD_ESTADOS_CAJA_CHICA" 
BEFORE INSERT ON T_ESTADOS_CAJA_CHICA 
for each row
BEGIN
  SELECT ADD_ESTADOS_CAJA_CHICA.nextval INTO :NEW.ID_ESTADO_CAJA_CHICA from dual; 
END;
/
ALTER TRIGGER "CURSOS"."ADD_ESTADOS_CAJA_CHICA" ENABLE;
--------------------------------------------------------
--  DDL for Trigger ADD_ESTADOS_CURSO
--------------------------------------------------------

  CREATE OR REPLACE TRIGGER "CURSOS"."ADD_ESTADOS_CURSO" 
BEFORE INSERT ON T_ESTADOS_CURSO 
for each row
BEGIN
  SELECT ADD_ESTADOS_CURSO.nextval INTO :NEW.ID_ESTADO_CURSO from dual; 
END;
/
ALTER TRIGGER "CURSOS"."ADD_ESTADOS_CURSO" ENABLE;
--------------------------------------------------------
--  DDL for Trigger ADD_ESTADOS_EQUIPO
--------------------------------------------------------

  CREATE OR REPLACE TRIGGER "CURSOS"."ADD_ESTADOS_EQUIPO" 
BEFORE INSERT ON T_ESTADOS_EQUIPO 
for each row
BEGIN
  SELECT ADD_ESTADOS_EQUIPO.nextval INTO :NEW.ID_ESTADO_EQUIPO from dual; 
END;
/
ALTER TRIGGER "CURSOS"."ADD_ESTADOS_EQUIPO" ENABLE;
--------------------------------------------------------
--  DDL for Trigger ADD_EXAMENES
--------------------------------------------------------

  CREATE OR REPLACE TRIGGER "CURSOS"."ADD_EXAMENES" 
BEFORE INSERT ON T_EXAMENES 
for each row
BEGIN
  SELECT ADD_EXAMENES.nextval INTO :NEW.ID_EXAMEN from dual; 
END;
/
ALTER TRIGGER "CURSOS"."ADD_EXAMENES" ENABLE;
--------------------------------------------------------
--  DDL for Trigger ADD_FACTURAS
--------------------------------------------------------

  CREATE OR REPLACE TRIGGER "CURSOS"."ADD_FACTURAS" 
BEFORE INSERT ON T_FACTURAS 
for each row
BEGIN
  SELECT ADD_FACTURAS.nextval INTO :NEW.ID_FACTURA from dual; 
END;
/
ALTER TRIGGER "CURSOS"."ADD_FACTURAS" ENABLE;
--------------------------------------------------------
--  DDL for Trigger ADD_GRUPOS
--------------------------------------------------------

  CREATE OR REPLACE TRIGGER "CURSOS"."ADD_GRUPOS" 
BEFORE INSERT ON T_GRUPOS 
for each row
BEGIN
  SELECT ADD_GRUPOS.nextval INTO :NEW.ID_GRUPO from dual; 
END;
/
ALTER TRIGGER "CURSOS"."ADD_GRUPOS" ENABLE;
--------------------------------------------------------
--  DDL for Trigger ADD_HORARIOS
--------------------------------------------------------

  CREATE OR REPLACE TRIGGER "CURSOS"."ADD_HORARIOS" 
BEFORE INSERT ON T_HORARIOS 
for each row
BEGIN
  SELECT ADD_HORARIOS.nextval INTO :NEW.ID_HORARIO from dual; 
END;
/
ALTER TRIGGER "CURSOS"."ADD_HORARIOS" ENABLE;
--------------------------------------------------------
--  DDL for Trigger ADD_HORARIOS_GRUPOS
--------------------------------------------------------

  CREATE OR REPLACE TRIGGER "CURSOS"."ADD_HORARIOS_GRUPOS" 
BEFORE INSERT ON T_GRUPOS_HORARIO
for each row
BEGIN
  SELECT ADD_HORARIOS_GRUPOS.nextval INTO :NEW.ID_HORARIO_GRUPO from dual; 
END;
/
ALTER TRIGGER "CURSOS"."ADD_HORARIOS_GRUPOS" ENABLE;
--------------------------------------------------------
--  DDL for Trigger ADD_INSCRIPCIONES
--------------------------------------------------------

  CREATE OR REPLACE TRIGGER "CURSOS"."ADD_INSCRIPCIONES" 
BEFORE INSERT ON T_INSCRIPCIONES 
for each row
BEGIN
  SELECT ADD_INSCRIPCIONES.nextval INTO :NEW.ID_INSCRIPCION from dual; 
END;
/
ALTER TRIGGER "CURSOS"."ADD_INSCRIPCIONES" ENABLE;
--------------------------------------------------------
--  DDL for Trigger ADD_INSTITUCIONES
--------------------------------------------------------

  CREATE OR REPLACE TRIGGER "CURSOS"."ADD_INSTITUCIONES" 
BEFORE INSERT ON T_INSTITUCIONES 
for each row
BEGIN
  SELECT ADD_INSTITUCIONES.nextval INTO :NEW.ID_INSTITUCION from dual; 
END;
/
ALTER TRIGGER "CURSOS"."ADD_INSTITUCIONES" ENABLE;
--------------------------------------------------------
--  DDL for Trigger ADD_MODALIDADES
--------------------------------------------------------

  CREATE OR REPLACE TRIGGER "CURSOS"."ADD_MODALIDADES" 
BEFORE INSERT ON T_MODALIDADES 
for each row
BEGIN
  SELECT ADD_MODALIDADES.nextval INTO :NEW.ID_MODALIDAD from dual; 
END;
/
ALTER TRIGGER "CURSOS"."ADD_MODALIDADES" ENABLE;
--------------------------------------------------------
--  DDL for Trigger ADD_MOVIMIENTOS
--------------------------------------------------------

  CREATE OR REPLACE TRIGGER "CURSOS"."ADD_MOVIMIENTOS" 
BEFORE INSERT ON T_MOVIMIENTOS 
for each row
BEGIN
  SELECT ADD_MOVIMIENTOS.nextval INTO :NEW.ID_MOVIMIENTO from dual; 
END;
/
ALTER TRIGGER "CURSOS"."ADD_MOVIMIENTOS" ENABLE;
--------------------------------------------------------
--  DDL for Trigger ADD_NIVELES
--------------------------------------------------------

  CREATE OR REPLACE TRIGGER "CURSOS"."ADD_NIVELES" 
BEFORE INSERT ON T_NIVELES 
for each row
BEGIN
  SELECT ADD_NIVELES.nextval INTO :NEW.ID_NIVEL from dual; 
END;
/
ALTER TRIGGER "CURSOS"."ADD_NIVELES" ENABLE;
--------------------------------------------------------
--  DDL for Trigger ADD_NOVEDADES
--------------------------------------------------------

  CREATE OR REPLACE TRIGGER "CURSOS"."ADD_NOVEDADES" 
BEFORE INSERT ON T_NOVEDADES 
for each row
BEGIN
  SELECT ADD_NOVEDADES.nextval INTO :NEW.ID_NOVEDAD from dual; 
END;
/
ALTER TRIGGER "CURSOS"."ADD_NOVEDADES" ENABLE;
--------------------------------------------------------
--  DDL for Trigger ADD_PERSONAS
--------------------------------------------------------

  CREATE OR REPLACE TRIGGER "CURSOS"."ADD_PERSONAS" 
BEFORE INSERT ON T_PERSONAS
for each row
BEGIN
  SELECT ADD_PERSONAS.nextval INTO :NEW.ID_PERSONA from dual; 
END;
/
ALTER TRIGGER "CURSOS"."ADD_PERSONAS" ENABLE;
--------------------------------------------------------
--  DDL for Trigger ADD_PERSONASJUR
--------------------------------------------------------

  CREATE OR REPLACE TRIGGER "CURSOS"."ADD_PERSONASJUR" 
BEFORE INSERT ON T_PERSONASJUR 
for each row
BEGIN
  SELECT ADD_PERSONASJUR.nextval INTO :NEW.ID_PERSONAJUR from dual; 
END;
/
ALTER TRIGGER "CURSOS"."ADD_PERSONASJUR" ENABLE;
--------------------------------------------------------
--  DDL for Trigger ADD_PRESENTISMO
--------------------------------------------------------

  CREATE OR REPLACE TRIGGER "CURSOS"."ADD_PRESENTISMO" 
BEFORE INSERT ON T_PRESENTISMO
for each row
BEGIN
  SELECT ADD_PRESENTISMO.nextval INTO :NEW.ID_PRESENTISMO from dual; 
END;
/
ALTER TRIGGER "CURSOS"."ADD_PRESENTISMO" ENABLE;
--------------------------------------------------------
--  DDL for Trigger ADD_PRESTAMOS
--------------------------------------------------------

  CREATE OR REPLACE TRIGGER "CURSOS"."ADD_PRESTAMOS" 
BEFORE INSERT ON T_PRESTAMOS 
for each row
BEGIN
  SELECT ADD_PRESTAMOS.nextval INTO :NEW.ID_PRESTAMO from dual; 
END;
/
ALTER TRIGGER "CURSOS"."ADD_PRESTAMOS" ENABLE;
--------------------------------------------------------
--  DDL for Trigger ADD_PROGRAMAS
--------------------------------------------------------

  CREATE OR REPLACE TRIGGER "CURSOS"."ADD_PROGRAMAS" 
BEFORE INSERT ON T_PROGRAMAS 
for each row
BEGIN
  SELECT ADD_PROGRAMAS.nextval INTO :NEW.ID_PROGRAMA from dual; 
END;
/
ALTER TRIGGER "CURSOS"."ADD_PROGRAMAS" ENABLE;
--------------------------------------------------------
--  DDL for Trigger ADD_PROGRAMAS_TEMARIO
--------------------------------------------------------

  CREATE OR REPLACE TRIGGER "CURSOS"."ADD_PROGRAMAS_TEMARIO" 
BEFORE INSERT ON T_PROGRAMAS_TEMARIO 
for each row
BEGIN
  SELECT ADD_PROGRAMAS_TEMARIO.nextval INTO :NEW.ID_PROGRAMA_TEMARIO from dual; 
END;
/
ALTER TRIGGER "CURSOS"."ADD_PROGRAMAS_TEMARIO" ENABLE;
--------------------------------------------------------
--  DDL for Trigger ADD_ROL
--------------------------------------------------------

  CREATE OR REPLACE TRIGGER "CURSOS"."ADD_ROL" 
BEFORE INSERT ON T_ROL 
REFERENCING NEW AS NEW
FOR EACH ROW
BEGIN
  SELECT ADD_ROL.nextval INTO :NEW.ID_ROL FROM dual;
END;
/
ALTER TRIGGER "CURSOS"."ADD_ROL" ENABLE;
--------------------------------------------------------
--  DDL for Trigger ADD_SUPERVICIONES
--------------------------------------------------------

  CREATE OR REPLACE TRIGGER "CURSOS"."ADD_SUPERVICIONES" 
BEFORE INSERT ON T_SUPERVICIONES 
for each row
BEGIN
  SELECT ADD_SUPERVICIONES.nextval INTO :NEW.ID_SUPERVISION from dual; 
END;
/
ALTER TRIGGER "CURSOS"."ADD_SUPERVICIONES" ENABLE;
--------------------------------------------------------
--  DDL for Trigger ADD_SUPERVISORES
--------------------------------------------------------

  CREATE OR REPLACE TRIGGER "CURSOS"."ADD_SUPERVISORES" 
BEFORE INSERT ON T_SUPERVISORES 
for each row
BEGIN
  SELECT ADD_SUPERVISORES.nextval INTO :NEW.ID_SUPERVISOR from dual; 
END;
/
ALTER TRIGGER "CURSOS"."ADD_SUPERVISORES" ENABLE;
--------------------------------------------------------
--  DDL for Trigger ADD_TEMARIO
--------------------------------------------------------

  CREATE OR REPLACE TRIGGER "CURSOS"."ADD_TEMARIO" 
BEFORE INSERT ON T_TEMARIO 
for each row
BEGIN
  SELECT ADD_TEMARIO.nextval INTO :NEW.ID_TEMARIO from dual; 
END;
/
ALTER TRIGGER "CURSOS"."ADD_TEMARIO" ENABLE;
--------------------------------------------------------
--  DDL for Trigger ADD_TIPO_AREA_CURSOS
--------------------------------------------------------

  CREATE OR REPLACE TRIGGER "CURSOS"."ADD_TIPO_AREA_CURSOS" 
BEFORE INSERT ON T_AREAS_TIPOS_CURSO 
for each row
BEGIN
  SELECT ADD_TIPOAREASCURSOS.nextval INTO :NEW.ID_AREA_TIPO_CURSO from dual; 
END;
/
ALTER TRIGGER "CURSOS"."ADD_TIPO_AREA_CURSOS" ENABLE;
--------------------------------------------------------
--  DDL for Trigger ADD_TIPO_ESTADO_CIVIL
--------------------------------------------------------

  CREATE OR REPLACE TRIGGER "CURSOS"."ADD_TIPO_ESTADO_CIVIL" 
BEFORE INSERT ON T_TIPOS_ESTADO_CIVIL
for each row
BEGIN
  SELECT ADD_TIPO_ESTADO_CIVIL.nextval INTO :NEW.ID_TIPO_ESTADO_CIVIL from dual; 
END;
/
ALTER TRIGGER "CURSOS"."ADD_TIPO_ESTADO_CIVIL" ENABLE;
--------------------------------------------------------
--  DDL for Trigger ADD_TIPOS_DNI
--------------------------------------------------------

  CREATE OR REPLACE TRIGGER "CURSOS"."ADD_TIPOS_DNI" 
BEFORE INSERT ON T_TIPOS_DNI
for each row
BEGIN
  SELECT ADD_TIPOS_DNI.nextval INTO :NEW.ID_TIPO_DNI from dual; 
END;
/
ALTER TRIGGER "CURSOS"."ADD_TIPOS_DNI" ENABLE;
--------------------------------------------------------
--  DDL for Trigger ADD_TIPOS_DOCENTES
--------------------------------------------------------

  CREATE OR REPLACE TRIGGER "CURSOS"."ADD_TIPOS_DOCENTES" 
BEFORE INSERT ON T_TIPOS_DOCENTE 
for each row
BEGIN
  SELECT ADD_TIPOS_DOCENTES.nextval INTO :NEW.ID_TIPO_DOCENTE from dual; 
END;
/
ALTER TRIGGER "CURSOS"."ADD_TIPOS_DOCENTES" ENABLE;
--------------------------------------------------------
--  DDL for Trigger ADD_TIPO_SEXO
--------------------------------------------------------

  CREATE OR REPLACE TRIGGER "CURSOS"."ADD_TIPO_SEXO" 
BEFORE INSERT ON T_TIPOS_SEXO
for each row
BEGIN
  SELECT ADD_TIPO_SEXO.nextval INTO :NEW.ID_TIPO_SEXO from dual; 
END;
/
ALTER TRIGGER "CURSOS"."ADD_TIPO_SEXO" ENABLE;
--------------------------------------------------------
--  DDL for Trigger ADD_TIPOS_MOVIMIENTOS
--------------------------------------------------------

  CREATE OR REPLACE TRIGGER "CURSOS"."ADD_TIPOS_MOVIMIENTOS" 
BEFORE INSERT ON T_TIPOS_MOVIMIENTOS 
for each row
BEGIN
  SELECT ADD_TIPOS_MOVIMIENTOS.nextval INTO :NEW.ID_TIPO_MOVIMIENTO from dual; 
END;
/
ALTER TRIGGER "CURSOS"."ADD_TIPOS_MOVIMIENTOS" ENABLE;
--------------------------------------------------------
--  DDL for Trigger ADD_USUARIO
--------------------------------------------------------

  CREATE OR REPLACE TRIGGER "CURSOS"."ADD_USUARIO" 
BEFORE INSERT ON T_USUARIO
REFERENCING NEW AS NEW
FOR EACH ROW
BEGIN
  SELECT ADD_USUARIO.nextval INTO :NEW.ID_USUARIO FROM dual;
END;
/
ALTER TRIGGER "CURSOS"."ADD_USUARIO" ENABLE;
--------------------------------------------------------
--  DDL for Function FN_DIAGRAMOBJECTS
--------------------------------------------------------

  CREATE OR REPLACE FUNCTION "CURSOS"."FN_DIAGRAMOBJECTS" 
RETURN NUMBER
AUTHID DEFINER
AS
   v_id_upgraddiagrams NUMBER(10,0);
   v_id_sysdiagrams NUMBER(10,0);
   v_id_helpdiagrams NUMBER(10,0);
   v_id_helpdiagramdefinition NUMBER(10,0);
   v_id_creatediagram NUMBER(10,0);
   v_id_renamediagram NUMBER(10,0);
   v_id_alterdiagram NUMBER(10,0);
   v_id_dropdiagram NUMBER(10,0);
   v_InstalledObjects NUMBER(10,0);

BEGIN
   v_InstalledObjects := 0 ;
   v_id_upgraddiagrams := NULL/*TODO:object_id(N'dbo.sp_upgraddiagrams')*/ ;
   v_id_sysdiagrams := NULL/*TODO:object_id(N'dbo.sysdiagrams')*/ ;
   v_id_helpdiagrams := NULL/*TODO:object_id(N'dbo.sp_helpdiagrams')*/ ;
   v_id_helpdiagramdefinition := NULL/*TODO:object_id(N'dbo.sp_helpdiagramdefinition')*/ ;
   v_id_creatediagram := NULL/*TODO:object_id(N'dbo.sp_creatediagram')*/ ;
   v_id_renamediagram := NULL/*TODO:object_id(N'dbo.sp_renamediagram')*/ ;
   v_id_alterdiagram := NULL/*TODO:object_id(N'dbo.sp_alterdiagram')*/ ;
   v_id_dropdiagram := NULL/*TODO:object_id(N'dbo.sp_dropdiagram')*/ ;
   IF v_id_upgraddiagrams IS NOT NULL THEN
      v_InstalledObjects := v_InstalledObjects + 1 ;
   END IF;
   IF v_id_sysdiagrams IS NOT NULL THEN
      v_InstalledObjects := v_InstalledObjects + 2 ;
   END IF;
   IF v_id_helpdiagrams IS NOT NULL THEN
      v_InstalledObjects := v_InstalledObjects + 4 ;
   END IF;
   IF v_id_helpdiagramdefinition IS NOT NULL THEN
      v_InstalledObjects := v_InstalledObjects + 8 ;
   END IF;
   IF v_id_creatediagram IS NOT NULL THEN
      v_InstalledObjects := v_InstalledObjects + 16 ;
   END IF;
   IF v_id_renamediagram IS NOT NULL THEN
      v_InstalledObjects := v_InstalledObjects + 32 ;
   END IF;
   IF v_id_alterdiagram IS NOT NULL THEN
      v_InstalledObjects := v_InstalledObjects + 64 ;
   END IF;
   IF v_id_dropdiagram IS NOT NULL THEN
      v_InstalledObjects := v_InstalledObjects + 128 ;
   END IF;
   RETURN v_InstalledObjects;
END;

/

--------------------------------------------------------
--  DDL for Function SP_ALTERDIAGRAM
--------------------------------------------------------

  CREATE OR REPLACE FUNCTION "CURSOS"."SP_ALTERDIAGRAM" 
(
  v_diagramname IN VARCHAR2 DEFAULT NULL ,
  iv_owner_id IN NUMBER DEFAULT NULL ,
  v_version IN NUMBER DEFAULT NULL ,
  v_definition IN RAW DEFAULT NULL 
)
RETURN NUMBER
AUTHID DEFINER
AS
   v_owner_id NUMBER(10,0) := iv_owner_id;
   v_theId NUMBER(10,0);
   v_retval NUMBER(10,0);
   v_IsDbo NUMBER(10,0);
   v_UIDFound NUMBER(10,0);
   v_DiagId NUMBER(10,0);
   v_ShouldChangeUID NUMBER(10,0);

BEGIN

   IF ( v_diagramname IS NULL ) THEN
   
   BEGIN
      raise_application_error( -20002, 'Invalid ARG' );
      RETURN -1;
   END;
   END IF;
   NULL/*TODO:execute as caller*/;
   v_theId := DATABASE_PRINCIPAL_ID() ;
   v_IsDbo := NULL/*TODO:IS_MEMBER(N'db_owner')*/ ;
   IF ( v_owner_id IS NULL ) THEN
      v_owner_id := v_theId ;-- invalid principal_id
      -- update dds data			
      -- change owner
      -- update dds version
   END IF;
END;

/

--------------------------------------------------------
--  DDL for Function SP_CREATEDIAGRAM
--------------------------------------------------------

  CREATE OR REPLACE FUNCTION "CURSOS"."SP_CREATEDIAGRAM" 
(
  v_diagramname IN VARCHAR2 DEFAULT NULL ,
  v_owner_id IN NUMBER DEFAULT NULL ,
  v_version IN NUMBER DEFAULT NULL ,
  v_definition IN RAW DEFAULT NULL 
)
RETURN NUMBER
AUTHID DEFINER
AS
   v_theId NUMBER(10,0);
   v_retval NUMBER(10,0);
   v_IsDbo NUMBER(10,0);
   v_userName VARCHAR2(128);

BEGIN

   IF ( v_version IS NULL
     OR v_diagramname IS NULL ) THEN
   
   BEGIN
      raise_application_error( -20002, N'E_INVALIDARG' );
      RETURN -1;
   END;
   END IF;
   NULL/*TODO:execute as caller*/;
   v_theId := DATABASE_PRINCIPAL_ID() ;
   v_IsDbo := NULL/*TODO:IS_MEMBER(N'db_owner')*/ ;-- next 2 line only for test, will be removed after define name unique
END;

/

--------------------------------------------------------
--  DDL for Function SP_DROPDIAGRAM
--------------------------------------------------------

  CREATE OR REPLACE FUNCTION "CURSOS"."SP_DROPDIAGRAM" 
(
  v_diagramname IN VARCHAR2 DEFAULT NULL ,
  iv_owner_id IN NUMBER DEFAULT NULL 
)
RETURN NUMBER
AUTHID DEFINER
AS
   v_owner_id NUMBER(10,0) := iv_owner_id;
   v_theId NUMBER(10,0);
   v_IsDbo NUMBER(10,0);
   v_UIDFound NUMBER(10,0);
   v_DiagId NUMBER(10,0);

BEGIN

   IF ( v_diagramname IS NULL ) THEN
   
   BEGIN
      raise_application_error( -20002, 'Invalid value' );
      RETURN -1;
   END;
   END IF;
   NULL/*TODO:EXECUTE AS CALLER*/;
   v_theId := DATABASE_PRINCIPAL_ID() ;
   v_IsDbo := NULL/*TODO:IS_MEMBER(N'db_owner')*/ ;
   IF ( v_owner_id IS NULL ) THEN
      v_owner_id := v_theId ;
   END IF;
END;

/

--------------------------------------------------------
--  DDL for Function SP_HELPDIAGRAMDEFINITION
--------------------------------------------------------

  CREATE OR REPLACE FUNCTION "CURSOS"."SP_HELPDIAGRAMDEFINITION" 
(
  v_diagramname IN VARCHAR2 DEFAULT NULL ,
  iv_owner_id IN NUMBER DEFAULT NULL 
)
RETURN NUMBER
AUTHID DEFINER
AS
   v_owner_id NUMBER(10,0) := iv_owner_id;
   v_theId NUMBER(10,0);
   v_IsDbo NUMBER(10,0);
   v_DiagId NUMBER(10,0);
   v_UIDFound NUMBER(10,0);

BEGIN

   IF ( v_diagramname IS NULL ) THEN
   
   BEGIN
      raise_application_error( -20002, N'E_INVALIDARG' );
      RETURN -1;
   END;
   END IF;
   NULL/*TODO:execute as caller*/;
   v_theId := DATABASE_PRINCIPAL_ID() ;
   v_IsDbo := NULL/*TODO:IS_MEMBER(N'db_owner')*/ ;
   IF ( v_owner_id IS NULL ) THEN
      v_owner_id := v_theId ;
   END IF;
END;

/

--------------------------------------------------------
--  DDL for Function SP_RENAMEDIAGRAM
--------------------------------------------------------

  CREATE OR REPLACE FUNCTION "CURSOS"."SP_RENAMEDIAGRAM" 
(
  v_diagramname IN VARCHAR2 DEFAULT NULL ,
  iv_owner_id IN NUMBER DEFAULT NULL ,
  v_new_diagramname IN VARCHAR2 DEFAULT NULL 
)
RETURN NUMBER
AUTHID DEFINER
AS
   v_owner_id NUMBER(10,0) := iv_owner_id;
   v_theId NUMBER(10,0);
   v_IsDbo NUMBER(10,0);
   v_UIDFound NUMBER(10,0);
   v_DiagId NUMBER(10,0);
   v_DiagIdTarg NUMBER(10,0);
   v_u_name VARCHAR2(128);

BEGIN

   IF ( ( v_diagramname IS NULL )
     OR ( v_new_diagramname IS NULL ) ) THEN
   
   BEGIN
      raise_application_error( -20002, 'Invalid value' );
      RETURN -1;
   END;
   END IF;
   NULL/*TODO:EXECUTE AS CALLER*/;
   v_theId := DATABASE_PRINCIPAL_ID() ;
   v_IsDbo := NULL/*TODO:IS_MEMBER(N'db_owner')*/ ;
   IF ( v_owner_id IS NULL ) THEN
      v_owner_id := v_theId ;-- if((@u_name is not null) and (@new_diagramname = @diagramname))	-- nothing will change
      --	return 0;
   END IF;
END;

/

--------------------------------------------------------
--  DDL for Function SP_UPGRADDIAGRAMS
--------------------------------------------------------

  CREATE OR REPLACE FUNCTION "CURSOS"."SP_UPGRADDIAGRAMS" 
RETURN NUMBER
AS

BEGIN

   IF NULL/*TODO:OBJECT_ID(N'dbo.sysdiagrams')*/ IS NOT NULL THEN
      RETURN 0;
   END IF;
   -- we may change it to varbinary(85)
   /* Add this if we need to have some form of extended properties for diagrams */
   /*
   		IF OBJECT_ID(N'dbo.sysdiagram_properties') IS NULL
   		BEGIN
   			CREATE TABLE dbo.sysdiagram_properties
   			(
   				diagram_id int,
   				name sysname,
   				value varbinary(max) NOT NULL
   			)
   		END
   		*/
   /*Limitation:Syntax Not Recognized:TABLE dbo . sysdiagrams ( NAME SYSNAME NOT NULL , principal_id INT NOT NULL , diagram_id INT PRIMARY KEY IDENTITY , version INT , DEFINITION VARBINARY ( MAX ) CONSTRAINT UK_principal_name UNIQUE ( principal_id , NAME ) ) ; */
   IF NULL/*TODO:OBJECT_ID(N'dbo.dtproperties')*/ IS NOT NULL THEN
   
   BEGIN
      INSERT INTO sysdiagrams
        ( NAME, principal_id, version, DEFINITION )
        ( SELECT CAST(dgnm.uvalue AS VARCHAR2(128)) ,
                 DATABASE_PRINCIPAL_ID(N'dbo'
                 ) ,-- will change to the sid of sa
                 0 ,-- zero for old format, dgdef.[version],
                 dgdef.lvalue 
          FROM dtproperties dgnm
                 JOIN dtproperties dggd
                  ON dggd.PROPERTY = 'DtgSchemaGUID'
                 AND dggd.objectid = dgnm.objectid
                 JOIN dtproperties dgdef
                  ON dgdef.PROPERTY = 'DtgSchemaDATA'
                 AND dgdef.objectid = dgnm.objectid
           WHERE dgnm.PROPERTY = 'DtgSchemaNAME'
                   AND dggd.uvalue LIKE N'_EA3E6268-D998-11CE-9454-00AA00A3F36E_' );
      RETURN 2;
   END;
   END IF;
   RETURN 1;
END;

/

--------------------------------------------------------
--  DDL for Procedure SP_HELPDIAGRAMS
--------------------------------------------------------
set define off;

  CREATE OR REPLACE PROCEDURE "CURSOS"."SP_HELPDIAGRAMS" 
(
  v_diagramname IN VARCHAR2 DEFAULT NULL ,
  v_owner_id IN NUMBER DEFAULT NULL 
)AUTHID DEFINER
AS
   v_user VARCHAR2(128);
   v_dboLogin NUMBER(1,0);

BEGIN

   NULL/*TODO:EXECUTE AS CALLER*/;
   v_user := USER ;
   v_dboLogin := CAST(NULL/*TODO:IS_MEMBER('db_owner')*/ AS NUMBER) ;
END;

/

